===== 25.08.2026 | 217 ÇEKİLİŞ =====
51213;25.08.2026 00:02;2,4,6,9,13,18,19,20,21,24,32,34,40,48,51,55,61,62,63,80
51214;25.08.2026 00:07;1,7,11,14,18,26,29,32,36,42,45,46,49,54,55,62,64,68,76,77
51215;25.08.2026 00:12;1,5,9,10,12,14,23,24,26,28,31,45,48,49,53,59,60,64,67,80
51216;25.08.2026 00:17;7,8,12,13,20,29,30,32,37,45,46,47,51,55,57,59,64,67,68,79
51217;25.08.2026 00:22;1,2,4,12,21,22,23,25,28,32,35,40,46,49,53,54,57,65,67,68
51218;25.08.2026 00:27;12,14,17,23,27,29,34,39,41,44,48,52,55,56,58,59,65,70,73,75
51219;25.08.2026 00:32;2,10,17,29,32,37,38,39,41,47,48,49,50,55,57,58,63,65,67,70
51220;25.08.2026 00:37;4,5,8,10,11,19,21,24,25,29,33,38,43,47,49,51,58,60,64,74
51221;25.08.2026 00:42;3,8,12,13,16,19,22,23,29,45,48,51,54,55,60,61,65,66,70,80
51222;25.08.2026 00:47;1,4,6,8,9,16,24,27,28,33,34,37,42,52,58,59,64,66,71,73
51223;25.08.2026 00:52;3,8,17,18,24,26,34,56,57,58,59,60,63,66,69,71,72,75,77,80
51224;25.08.2026 00:57;7,8,11,20,21,24,25,30,34,47,50,51,62,66,69,71,75,76,78,80
51225;25.08.2026 01:02;1,6,17,23,25,27,35,37,41,42,47,51,55,58,61,64,70,71,75,78
51226;25.08.2026 07:02;3,4,10,12,13,15,25,29,30,42,43,45,50,54,60,64,65,69,71,73
51227;25.08.2026 07:07;2,7,12,14,16,19,23,25,36,39,46,51,54,55,56,58,59,65,74,79
51228;25.08.2026 07:12;13,15,17,21,23,25,27,34,42,43,49,51,54,55,57,64,65,75,76,79
51229;25.08.2026 07:17;1,3,6,11,13,18,21,25,26,27,29,31,32,44,61,65,66,69,71,74
51230;25.08.2026 07:22;1,14,16,19,25,29,31,34,38,41,42,44,50,55,62,63,65,74,75,76
51231;25.08.2026 07:27;7,8,18,20,21,29,31,32,35,37,41,44,45,47,48,53,64,75,76,80
51232;25.08.2026 07:32;1,4,11,12,15,18,19,24,31,40,41,52,53,54,55,61,62,64,68,75
51233;25.08.2026 07:37;1,3,4,9,11,18,21,26,28,30,33,34,35,47,52,64,68,69,73,80
51234;25.08.2026 07:42;1,4,7,9,13,15,16,20,24,26,34,44,57,59,60,64,69,70,74,78
51235;25.08.2026 07:47;10,12,13,16,17,18,21,22,24,28,30,32,46,50,52,59,64,70,72,74
51236;25.08.2026 07:52;2,9,15,17,19,20,23,29,38,40,41,44,46,47,50,54,57,59,60,72
51237;25.08.2026 07:57;1,2,6,9,12,16,24,28,32,38,39,50,51,52,55,59,63,65,69,74
51238;25.08.2026 08:02;1,9,11,14,21,23,24,32,38,48,49,50,52,55,60,65,69,72,78,80
51239;25.08.2026 08:07;4,5,9,17,25,35,38,39,40,41,45,53,55,57,60,66,67,71,75,79
51240;25.08.2026 08:12;3,4,9,26,27,31,38,39,44,45,47,51,56,63,66,68,69,71,73,77
51241;25.08.2026 08:17;2,6,9,17,22,25,28,33,34,36,38,40,41,47,52,54,55,66,67,72
51242;25.08.2026 08:22;1,2,7,8,10,19,21,28,34,36,47,51,53,63,64,69,71,74,76,79
51243;25.08.2026 08:27;6,10,21,22,23,28,29,32,35,36,41,43,51,60,62,65,72,75,77,80
51244;25.08.2026 08:32;2,3,4,7,11,13,18,19,23,25,30,52,55,56,61,69,70,72,78,80
51245;25.08.2026 08:37;2,7,14,18,20,25,27,28,31,37,39,40,53,55,58,62,69,74,76,80
51246;25.08.2026 08:42;7,10,11,18,25,29,32,40,43,48,53,55,60,61,62,70,72,74,78,79
51247;25.08.2026 08:47;2,3,7,13,18,21,27,28,30,32,47,48,51,52,55,56,57,63,71,78
51248;25.08.2026 08:52;5,8,16,17,25,27,28,37,38,42,45,48,54,59,62,64,67,68,69,71
51249;25.08.2026 08:57;15,17,25,28,29,33,34,44,45,47,56,57,60,66,71,72,74,76,77,79
51250;25.08.2026 09:02;3,4,8,9,13,18,19,20,26,28,34,36,42,45,49,57,67,69,70,78
51251;25.08.2026 09:07;5,6,9,10,15,20,23,24,26,28,37,44,46,48,55,56,64,67,74,80
51252;25.08.2026 09:12;3,4,8,14,17,19,24,34,40,41,42,50,54,55,56,59,68,69,76,78
51253;25.08.2026 09:17;1,4,7,8,11,13,27,38,41,42,43,45,49,51,52,63,72,73,74,78
51254;25.08.2026 09:22;1,8,9,10,13,14,20,26,31,32,33,39,47,50,51,55,58,60,70,73
51255;25.08.2026 09:27;12,16,24,28,29,32,35,38,40,48,52,55,57,58,67,73,75,76,78,79
51256;25.08.2026 09:32;5,15,20,27,28,36,38,41,45,47,48,49,51,64,66,69,72,73,74,80
51257;25.08.2026 09:37;6,13,19,23,26,27,31,38,42,44,45,47,53,57,64,70,71,74,77,79
51258;25.08.2026 09:42;10,11,12,14,15,17,23,25,28,31,33,36,37,45,49,59,62,64,69,78
51259;25.08.2026 09:47;1,4,6,7,10,12,14,20,28,31,33,43,48,54,57,64,71,76,77,80
51260;25.08.2026 09:52;6,7,8,10,14,20,29,32,33,43,45,46,49,57,60,63,76,77,79,80
51261;25.08.2026 09:57;10,17,19,25,27,28,33,37,41,42,47,48,55,62,66,69,70,74,75,78
51262;25.08.2026 10:02;2,7,8,10,12,13,14,15,18,20,29,34,48,60,64,70,71,72,77,78
51263;25.08.2026 10:07;1,7,11,12,14,15,20,28,35,41,48,50,60,61,63,70,72,75,76,79
51264;25.08.2026 10:12;2,3,16,21,24,36,38,41,46,47,48,53,55,58,61,63,64,69,72,74
51265;25.08.2026 10:17;3,4,5,10,17,18,21,23,32,36,39,48,49,55,63,68,72,75,77,79
51266;25.08.2026 10:22;1,7,8,13,22,24,28,32,40,42,46,49,53,56,60,64,73,76,78,80
51267;25.08.2026 10:27;2,15,16,19,28,30,35,36,39,41,43,48,51,52,60,61,62,77,78,80
51268;25.08.2026 10:32;1,10,11,18,19,21,25,32,38,52,53,56,57,58,62,70,71,73,75,77
51269;25.08.2026 10:37;14,21,24,28,30,36,40,42,43,44,45,48,52,55,56,57,62,67,69,72
51270;25.08.2026 10:42;7,9,11,12,17,20,23,28,29,30,33,36,38,44,47,61,71,72,76,79
51271;25.08.2026 10:47;1,5,8,9,12,16,21,27,37,39,44,45,47,48,53,61,76,77,78,80
51272;25.08.2026 10:52;4,7,8,13,16,25,31,41,42,45,47,50,59,64,65,72,73,74,78,80
51273;25.08.2026 10:57;9,11,15,18,20,25,26,45,48,51,52,53,57,59,61,65,69,71,76,77
51274;25.08.2026 11:02;2,4,8,13,19,26,28,31,35,42,44,52,55,57,60,66,70,75,77,80
51275;25.08.2026 11:07;1,5,9,10,12,21,24,28,33,34,37,38,40,41,44,47,50,53,54,75
51276;25.08.2026 11:12;4,5,12,16,24,30,33,37,40,42,43,45,52,54,59,63,65,70,78,80
51277;25.08.2026 11:17;2,8,10,12,18,21,23,32,33,36,37,39,40,42,47,54,61,62,64,77
51278;25.08.2026 11:22;3,13,16,18,21,22,24,25,32,33,34,37,45,50,56,60,64,67,74,77
51279;25.08.2026 11:27;7,8,17,20,22,29,33,34,44,46,47,49,55,65,66,72,74,75,78,80
51280;25.08.2026 11:32;3,4,7,9,10,12,19,20,21,25,28,36,39,50,55,56,60,61,74,76
51281;25.08.2026 11:37;5,7,9,13,15,31,35,40,41,43,46,47,50,54,60,65,67,70,71,75
51282;25.08.2026 11:42;10,11,12,14,21,26,29,31,36,40,42,45,47,50,51,52,53,68,75,77
51283;25.08.2026 11:47;3,6,8,12,14,18,20,25,27,28,34,46,53,58,60,67,73,74,75,79
51284;25.08.2026 11:52;1,2,13,20,22,26,31,36,43,47,53,56,64,65,70,71,75,76,79,80
51285;25.08.2026 11:57;3,7,16,19,20,26,34,42,43,45,48,50,52,56,58,60,66,70,75,80
51286;25.08.2026 12:02;1,2,9,13,14,16,20,25,37,43,48,51,55,58,60,61,62,63,65,76
51287;25.08.2026 12:07;10,16,19,20,21,22,24,25,30,31,37,40,49,52,53,55,57,65,67,75
51288;25.08.2026 12:12;6,16,18,20,27,30,34,35,37,39,40,47,53,56,60,63,65,70,75,80
51289;25.08.2026 12:17;1,4,6,10,12,13,16,28,31,37,42,46,52,60,63,64,67,70,74,78
51290;25.08.2026 12:22;4,10,17,23,25,28,34,40,46,51,53,54,58,60,65,67,70,72,74,75
51291;25.08.2026 12:27;12,18,20,25,29,34,37,39,43,44,45,50,56,58,59,60,61,68,73,80
51292;25.08.2026 12:32;7,11,14,15,23,29,37,39,47,50,51,53,55,64,66,70,72,73,75,80
51293;25.08.2026 12:37;2,17,18,25,28,31,36,43,44,50,55,59,60,63,65,67,71,72,74,79
51294;25.08.2026 12:42;5,8,11,13,26,33,37,42,45,53,54,57,60,61,66,69,73,74,78,80
51295;25.08.2026 12:47;3,5,7,16,17,21,31,33,35,39,44,49,56,59,60,64,69,70,73,76
51296;25.08.2026 12:52;2,11,17,19,34,38,39,42,47,49,52,54,59,62,66,73,74,75,76,77
51297;25.08.2026 12:57;3,4,15,21,22,27,32,35,39,42,45,54,59,60,65,69,70,71,77,80
51298;25.08.2026 13:02;6,13,14,16,18,19,22,32,34,36,42,46,51,61,64,66,69,74,78,80
51299;25.08.2026 13:07;5,12,17,22,29,31,36,37,40,43,45,50,54,55,56,61,69,74,77,80
51300;25.08.2026 13:12;8,9,10,12,15,16,17,21,22,30,33,45,52,63,64,67,71,74,75,78
51301;25.08.2026 13:17;7,10,11,15,18,20,21,23,24,25,37,42,43,53,54,64,73,76,78,79
51302;25.08.2026 13:22;3,8,9,12,15,18,21,29,31,33,39,44,48,52,55,60,62,64,74,77
51303;25.08.2026 13:27;2,4,9,13,15,20,24,44,51,54,59,60,61,62,63,72,73,74,76,79
51304;25.08.2026 13:32;4,6,17,20,23,30,31,32,36,38,40,41,42,47,48,56,63,65,68,73
51305;25.08.2026 13:37;2,5,7,8,12,18,20,21,32,34,37,46,49,51,52,54,55,63,68,77
51306;25.08.2026 13:42;2,5,14,16,17,18,22,26,31,35,38,39,45,46,47,49,51,62,66,67
51307;25.08.2026 13:47;2,4,5,9,14,16,18,24,25,26,27,33,34,41,51,55,56,61,67,77
51308;25.08.2026 13:52;3,4,5,7,11,17,18,25,29,36,39,45,47,60,63,67,71,73,78,80
51309;25.08.2026 13:57;12,13,17,19,20,21,24,25,28,41,45,55,56,67,68,73,75,77,79,80
51310;25.08.2026 14:02;5,6,8,9,13,14,19,21,23,26,27,31,33,34,52,64,65,66,73,74
51311;25.08.2026 14:07;2,5,6,9,12,15,16,20,29,30,34,35,38,46,50,52,57,61,73,75
51312;25.08.2026 14:12;1,4,7,11,13,18,23,28,39,46,47,52,55,58,70,72,73,74,77,80
51313;25.08.2026 14:17;1,3,5,12,16,23,26,33,36,41,42,48,53,54,58,59,62,73,74,79
51314;25.08.2026 14:22;2,8,9,16,22,23,27,28,30,34,36,41,48,49,51,55,59,61,71,72
51315;25.08.2026 14:27;8,11,13,17,25,30,31,36,48,49,50,54,55,58,61,64,65,66,69,76
51316;25.08.2026 14:32;2,3,6,8,9,13,27,37,44,45,49,52,56,60,71,74,76,77,78,80
51317;25.08.2026 14:37;2,3,8,14,16,26,28,31,34,36,51,53,54,55,56,67,69,72,74,77
51318;25.08.2026 14:42;10,12,19,22,23,29,32,35,41,44,48,49,57,61,63,69,73,74,76,80
51319;25.08.2026 14:47;1,5,6,10,13,19,22,29,30,34,40,41,43,46,57,62,68,71,73,78
51320;25.08.2026 14:52;1,2,3,8,12,13,14,18,21,22,38,40,43,47,52,55,57,63,65,68
51321;25.08.2026 14:57;2,3,8,12,14,15,17,26,29,37,38,44,49,52,54,55,57,64,65,70
51322;25.08.2026 15:02;3,10,12,17,20,21,22,25,40,45,48,50,59,61,62,63,64,67,77,78
51323;25.08.2026 15:07;1,2,3,6,7,8,12,18,23,24,29,38,40,41,43,51,62,68,71,78
51324;25.08.2026 15:12;2,3,10,12,16,18,19,21,28,30,33,38,42,49,51,53,54,71,72,73
51325;25.08.2026 15:17;6,10,16,17,33,34,35,42,45,47,48,51,55,59,60,63,70,72,73,74
51326;25.08.2026 15:22;3,7,16,17,22,31,34,35,42,45,49,50,53,55,59,66,70,72,73,78
51327;25.08.2026 15:27;4,8,13,18,19,20,23,24,25,26,34,35,43,55,57,58,61,67,71,72
51328;25.08.2026 15:32;1,12,16,17,18,24,25,27,32,33,44,46,57,60,70,71,72,75,78,79
51329;25.08.2026 15:37;2,5,11,19,23,30,33,35,42,47,48,51,54,59,60,61,62,64,67,74
51330;25.08.2026 15:42;4,9,12,16,18,19,24,25,28,36,37,42,44,57,59,61,67,71,73,77
51331;25.08.2026 15:47;3,9,11,13,18,22,23,25,33,40,43,47,53,55,56,61,67,69,70,72
51332;25.08.2026 15:52;10,23,25,26,27,29,32,33,38,41,44,45,49,55,57,58,60,69,75,77
51333;25.08.2026 15:57;2,4,5,6,10,15,17,25,27,34,38,53,55,57,61,62,68,69,73,75
51334;25.08.2026 16:02;5,7,14,16,20,25,26,27,30,35,37,41,43,45,55,56,66,71,77,79
51335;25.08.2026 16:07;6,7,9,13,14,20,25,27,32,34,40,41,43,47,67,69,75,76,77,78
51336;25.08.2026 16:12;4,5,6,18,20,25,36,41,49,51,52,53,54,55,56,58,61,62,65,69
51337;25.08.2026 16:17;8,10,11,24,26,32,38,42,44,47,50,54,57,59,66,67,71,75,78,80
51338;25.08.2026 16:22;2,3,4,6,8,11,12,15,28,30,42,43,50,51,52,60,61,62,64,79
51339;25.08.2026 16:27;7,11,12,16,18,19,24,27,28,34,46,54,55,60,61,64,69,73,74,78
51340;25.08.2026 16:32;7,9,10,11,13,17,20,42,45,52,56,60,61,64,65,69,73,74,76,78
51341;25.08.2026 16:37;2,5,13,14,15,28,29,34,36,40,41,42,46,52,57,58,59,62,63,73
51342;25.08.2026 16:42;4,7,11,12,16,18,21,28,31,34,37,40,42,43,49,55,61,72,73,79
51343;25.08.2026 16:47;1,2,4,5,6,15,16,19,20,22,23,38,43,44,45,46,48,54,58,69
51344;25.08.2026 16:52;5,18,21,29,35,38,43,45,52,54,55,62,65,66,67,69,71,74,75,80
51345;25.08.2026 16:57;1,5,11,15,20,29,35,38,40,42,47,52,64,67,68,70,71,74,76,78
51346;25.08.2026 17:02;1,2,4,16,17,26,32,33,35,37,38,42,45,53,55,62,63,64,76,80
51347;25.08.2026 17:07;3,8,9,12,21,22,28,30,33,36,39,42,51,56,58,59,62,68,71,79
51348;25.08.2026 17:12;1,4,6,9,15,17,21,29,34,36,48,54,55,56,57,62,65,70,72,73
51349;25.08.2026 17:17;1,3,6,12,21,23,25,28,30,38,39,42,43,46,50,51,60,70,79,80
51350;25.08.2026 17:22;10,14,15,16,18,22,23,28,30,34,36,38,39,44,53,61,75,76,77,78
51351;25.08.2026 17:27;1,4,8,19,22,26,27,29,30,35,40,45,48,51,52,53,64,66,77,80
51352;25.08.2026 17:32;5,7,10,11,13,17,18,20,27,34,43,44,51,53,57,62,67,70,73,75
51353;25.08.2026 17:37;9,18,19,21,22,32,33,35,37,38,48,50,55,60,66,74,75,78,79,80
51354;25.08.2026 17:42;1,7,10,12,19,20,25,27,43,47,55,60,61,68,69,73,75,76,79,80
51355;25.08.2026 17:47;3,4,10,13,16,23,27,29,33,34,36,37,47,48,57,59,60,61,78,79
51356;25.08.2026 17:52;1,3,13,14,15,21,28,33,35,36,43,45,49,50,62,65,66,67,68,75
51357;25.08.2026 17:57;4,5,6,7,9,11,15,19,23,26,27,29,30,36,43,58,60,64,76,80
51358;25.08.2026 18:02;1,3,10,17,19,24,25,27,28,30,31,46,48,50,56,58,62,65,75,77
51359;25.08.2026 18:07;1,8,15,17,22,24,34,39,46,47,53,55,56,59,61,63,67,69,75,78
51360;25.08.2026 18:12;3,6,12,15,18,19,22,23,28,39,42,43,48,50,53,55,57,63,69,72
51361;25.08.2026 18:17;3,4,6,8,9,10,11,12,16,17,20,29,42,43,47,49,57,60,61,80
51362;25.08.2026 18:22;1,3,4,8,16,23,26,30,33,34,39,47,51,52,53,58,65,66,69,80
51363;25.08.2026 18:27;3,4,5,7,8,10,13,14,20,29,34,36,41,46,49,58,64,75,76,80
51364;25.08.2026 18:32;10,12,15,16,17,20,24,26,30,31,32,35,44,46,48,52,69,70,73,74
51365;25.08.2026 18:37;2,3,17,22,23,25,28,33,44,47,51,53,55,58,63,65,71,72,77,79
51366;25.08.2026 18:42;3,4,12,17,20,30,36,37,42,48,50,51,53,54,57,58,59,71,78,80
51367;25.08.2026 18:47;5,6,17,18,25,31,35,45,46,47,49,52,56,59,60,62,66,68,74,79
51368;25.08.2026 18:52;3,9,10,12,13,17,22,34,35,36,41,42,43,48,54,56,61,66,70,71
51369;25.08.2026 18:57;8,9,12,13,19,22,23,24,27,38,39,41,49,50,55,59,60,65,69,77
51370;25.08.2026 19:02;1,3,7,14,18,19,30,32,47,48,49,50,54,59,60,62,65,67,68,79
51371;25.08.2026 19:07;3,4,5,7,21,23,27,33,37,46,48,55,56,57,59,61,63,64,66,74
51372;25.08.2026 19:12;1,4,7,16,18,22,25,37,39,42,43,45,55,57,58,67,70,73,74,75
51373;25.08.2026 19:17;1,5,6,8,9,11,14,20,24,28,30,42,45,52,70,73,74,75,79,80
51374;25.08.2026 19:22;3,5,8,12,24,26,27,30,35,39,57,59,61,68,70,72,73,74,79,80
51375;25.08.2026 19:27;2,3,5,24,25,26,31,35,39,40,42,44,46,50,52,53,56,62,69,77
51376;25.08.2026 19:32;2,8,15,21,22,23,25,30,37,40,42,47,49,51,53,55,60,61,68,72
51377;25.08.2026 19:37;3,4,13,18,23,26,33,35,37,40,56,58,60,63,66,67,69,72,73,75
51378;25.08.2026 19:42;1,2,7,8,13,16,19,33,35,37,38,43,47,49,55,57,61,62,64,75
51379;25.08.2026 19:47;1,3,4,7,11,20,27,32,41,46,53,54,57,62,70,72,73,75,76,79
51380;25.08.2026 19:52;9,19,23,24,25,28,30,32,34,39,42,43,51,65,66,69,72,73,77,79
51381;25.08.2026 19:57;2,6,12,14,15,27,31,32,42,48,55,57,59,60,67,72,74,76,79,80
51382;25.08.2026 20:02;2,5,8,11,12,18,20,25,35,38,41,43,47,48,50,53,55,56,67,72
51383;25.08.2026 20:07;1,3,5,6,7,10,24,26,27,31,34,38,44,46,50,52,55,57,69,78
51384;25.08.2026 20:12;1,7,10,11,17,18,25,34,37,38,41,42,45,48,55,58,59,65,75,76
51385;25.08.2026 20:17;1,2,4,7,16,18,19,21,23,27,28,30,31,35,40,51,53,57,59,72
51386;25.08.2026 20:22;6,19,22,26,27,35,40,42,43,45,48,50,51,52,55,62,63,67,68,78
51387;25.08.2026 20:27;1,3,8,12,18,25,27,34,37,40,43,46,50,51,54,57,63,66,72,73
51388;25.08.2026 20:32;6,9,10,11,15,19,20,22,26,29,33,40,44,50,53,56,59,69,72,75
51389;25.08.2026 20:37;7,14,21,24,27,29,33,40,44,48,49,54,55,59,66,68,72,75,77,80
51390;25.08.2026 20:42;3,4,5,13,14,18,19,20,22,23,27,28,32,42,44,47,48,54,64,68
51391;25.08.2026 20:47;2,5,6,12,15,18,30,31,35,36,41,48,49,52,53,54,60,64,65,75
51392;25.08.2026 20:52;5,14,16,17,19,22,28,30,32,33,36,43,45,49,53,56,70,76,77,78
51393;25.08.2026 20:57;3,8,9,10,14,17,18,28,30,32,33,36,40,42,43,50,62,68,77,78
51394;25.08.2026 21:02;3,4,12,19,24,32,36,37,41,46,54,58,60,65,68,70,72,76,77,78
51395;25.08.2026 21:07;2,4,11,14,15,19,27,30,37,41,43,47,52,55,58,70,75,76,77,78
51396;25.08.2026 21:12;6,12,16,17,18,20,24,26,39,40,49,50,52,54,56,57,64,69,72,80
51397;25.08.2026 21:17;1,2,17,18,20,22,23,31,33,35,36,37,42,45,49,52,55,63,69,80
51398;25.08.2026 21:22;1,4,8,9,10,16,21,23,28,30,32,34,38,47,48,52,53,69,70,72
51399;25.08.2026 21:27;2,8,15,18,19,20,26,32,36,49,50,52,53,54,64,65,66,67,73,80
51400;25.08.2026 21:32;8,12,14,19,20,26,43,47,50,54,57,59,61,62,63,73,75,78,79,80
51401;25.08.2026 21:37;1,2,3,6,9,12,14,21,27,30,38,42,49,52,58,66,70,73,74,75
51402;25.08.2026 21:42;5,6,8,9,11,13,16,21,22,32,40,43,53,56,57,59,67,72,75,76
51403;25.08.2026 21:47;3,6,15,16,25,26,36,39,40,46,47,48,52,60,66,68,69,72,73,80
51404;25.08.2026 21:52;5,6,8,14,18,21,28,30,31,34,40,42,57,58,59,61,66,71,73,76
51405;25.08.2026 21:57;1,4,5,7,9,12,13,15,20,25,27,29,31,47,52,56,60,64,74,79
51406;25.08.2026 22:02;1,9,14,15,20,22,26,29,31,33,43,44,50,52,64,66,72,74,76,79
51407;25.08.2026 22:07;2,3,13,16,21,23,25,27,34,35,41,48,52,63,66,67,70,71,74,80
51408;25.08.2026 22:12;1,4,6,9,12,14,25,26,28,31,34,40,43,46,47,48,69,74,78,79
51409;25.08.2026 22:17;3,7,16,23,30,33,35,37,38,42,51,55,57,63,64,71,72,74,76,79
51410;25.08.2026 22:22;5,7,10,12,17,24,26,28,30,41,42,49,50,51,54,56,68,70,73,77
51411;25.08.2026 22:27;5,11,13,19,26,31,34,35,37,39,46,50,60,66,70,72,75,77,79,80
51412;25.08.2026 22:32;1,2,4,15,17,25,27,28,34,39,41,43,49,50,56,57,59,61,68,73
51413;25.08.2026 22:37;1,2,5,11,16,20,22,29,31,34,35,40,46,49,60,61,68,69,72,78
51414;25.08.2026 22:42;13,18,19,20,28,32,33,35,38,41,52,57,62,63,65,66,67,69,71,78
51415;25.08.2026 22:47;7,11,12,14,18,23,30,36,43,46,47,50,53,60,66,68,71,73,77,80
51416;25.08.2026 22:52;2,9,10,12,26,29,30,32,34,37,39,45,50,52,55,59,60,64,66,69
51417;25.08.2026 22:57;1,9,12,15,19,20,22,30,32,37,40,45,48,57,58,59,65,66,68,71
51418;25.08.2026 23:02;1,2,4,5,12,16,17,22,25,31,33,37,49,51,55,62,65,71,72,74
51419;25.08.2026 23:07;3,5,14,19,21,27,28,32,33,35,51,55,57,58,61,62,63,64,72,76
51420;25.08.2026 23:12;2,11,13,14,15,19,22,31,32,36,40,41,42,46,48,50,58,65,68,77
51421;25.08.2026 23:17;1,4,13,16,17,18,20,25,26,35,36,38,40,43,47,51,57,61,65,70
51422;25.08.2026 23:22;2,4,7,22,27,30,33,34,36,40,45,58,59,63,66,74,75,77,78,80
51423;25.08.2026 23:27;2,16,18,26,32,34,39,41,42,45,49,55,60,62,65,67,72,73,77,78
51424;25.08.2026 23:32;3,15,18,19,20,22,27,28,29,30,40,47,49,50,55,57,61,63,66,71
51425;25.08.2026 23:37;11,12,16,21,23,32,33,34,35,37,39,41,49,50,55,59,67,68,70,78
51426;25.08.2026 23:42;6,10,17,19,25,26,28,33,35,37,38,39,46,52,59,63,65,70,74,75
51427;25.08.2026 23:47;4,6,11,12,18,20,24,26,27,36,40,48,57,59,61,63,66,69,72,75
51428;25.08.2026 23:52;4,8,10,15,22,23,29,30,31,32,34,37,38,48,51,58,62,65,73,77
51429;25.08.2026 23:57;1,2,8,10,14,25,30,41,43,46,49,53,54,57,58,61,69,72,78,80

===== 26.08.2026 | 217 ÇEKİLİŞ =====
51430;26.08.2026 00:02;4,5,6,10,11,13,20,29,31,36,37,43,44,46,55,62,70,71,73,74
51431;26.08.2026 00:07;2,4,10,16,23,28,32,36,37,39,48,51,57,58,63,67,69,70,72,73
51432;26.08.2026 00:12;1,2,5,8,10,18,25,30,33,40,42,44,51,55,61,64,67,72,74,77
51433;26.08.2026 00:17;3,8,9,10,12,13,24,34,40,45,48,49,50,53,59,60,66,75,77,78
51434;26.08.2026 00:22;1,7,14,23,27,30,35,41,48,51,52,58,61,64,67,69,72,75,77,79
51435;26.08.2026 00:27;9,10,11,13,20,26,30,39,43,53,54,55,57,60,61,65,68,70,72,78
51436;26.08.2026 00:32;2,6,7,14,21,23,24,28,34,35,36,37,39,42,48,52,63,65,69,71
51437;26.08.2026 00:37;1,4,9,15,24,27,28,38,42,47,48,50,56,58,61,65,66,69,73,78
51438;26.08.2026 00:42;7,12,14,15,24,30,33,36,40,41,44,47,50,55,56,57,60,65,70,75
51439;26.08.2026 00:47;7,9,15,17,27,29,32,33,36,37,40,44,48,53,59,60,63,64,70,78
51440;26.08.2026 00:52;1,2,6,11,14,15,30,31,32,38,39,40,42,48,50,52,55,56,57,75
51441;26.08.2026 00:57;3,5,8,9,10,15,16,21,26,30,31,41,42,52,53,56,64,71,76,79
51442;26.08.2026 01:02;3,5,19,20,22,23,32,34,39,43,46,57,59,60,61,63,66,70,74,78
51443;26.08.2026 07:02;2,5,10,11,13,16,17,19,21,23,27,39,44,45,49,52,54,63,64,76
51444;26.08.2026 07:07;9,14,16,17,18,20,21,29,30,32,39,52,53,54,55,67,69,72,76,79
51445;26.08.2026 07:12;1,2,4,11,19,27,28,30,39,47,48,49,50,52,54,61,72,74,78,79
51446;26.08.2026 07:17;3,4,8,11,16,21,26,27,30,39,47,48,49,56,57,67,74,76,78,80
51447;26.08.2026 07:22;15,16,17,18,20,24,25,26,27,30,36,40,41,50,51,53,59,66,71,72
51448;26.08.2026 07:27;2,8,10,12,18,25,34,38,46,48,52,55,56,59,62,68,71,74,75,76
51449;26.08.2026 07:32;1,9,11,17,21,22,25,26,27,28,33,35,42,44,52,53,55,57,67,68
51450;26.08.2026 07:37;12,14,21,31,35,43,45,49,51,52,53,55,57,62,72,73,74,76,77,78
51451;26.08.2026 07:42;10,13,19,22,24,26,27,29,31,36,39,41,42,53,54,55,57,65,69,78
51452;26.08.2026 07:47;10,11,14,15,19,21,26,27,30,33,34,35,43,45,49,51,67,71,74,75
51453;26.08.2026 07:52;2,5,7,9,11,20,24,25,26,28,37,51,53,56,59,67,70,72,78,79
51454;26.08.2026 07:57;2,17,27,28,30,31,43,48,49,51,56,58,59,67,71,72,74,75,76,78
51455;26.08.2026 08:02;3,5,14,16,17,19,20,25,26,29,36,38,40,41,44,49,52,53,55,60
51456;26.08.2026 08:07;14,15,25,33,34,35,38,40,44,47,51,52,53,56,58,62,67,72,74,77
51457;26.08.2026 08:12;11,14,17,22,23,27,33,35,39,40,41,43,52,55,57,72,74,76,79,80
51458;26.08.2026 08:17;13,15,19,20,21,25,26,27,36,37,38,42,49,50,53,55,65,73,76,80
51459;26.08.2026 08:22;4,8,14,15,21,24,26,27,31,33,36,37,47,49,55,56,65,66,76,77
51460;26.08.2026 08:27;4,5,13,15,19,23,24,25,29,42,43,45,48,54,59,63,65,69,74,76
51461;26.08.2026 08:32;2,6,10,16,18,20,29,32,42,47,48,50,53,57,60,61,65,70,71,72
51462;26.08.2026 08:37;2,3,4,10,14,15,18,23,26,27,32,39,40,43,48,56,61,69,70,76
51463;26.08.2026 08:42;1,3,6,9,17,19,21,22,24,29,31,33,41,42,48,53,57,62,68,71
51464;26.08.2026 08:47;5,9,10,11,13,31,33,35,39,40,43,53,56,58,61,64,66,68,69,76
51465;26.08.2026 08:52;8,11,15,20,21,23,31,33,35,45,51,53,58,60,62,64,68,71,74,78
51466;26.08.2026 08:57;4,6,11,13,14,17,20,24,28,33,35,44,49,50,61,62,67,70,73,74
51467;26.08.2026 09:02;1,3,7,10,14,17,24,26,28,29,31,36,40,46,56,58,63,64,68,78
51468;26.08.2026 09:07;2,3,5,10,13,15,16,23,24,28,36,37,38,49,52,60,61,65,66,73
51469;26.08.2026 09:12;8,9,16,17,19,23,24,26,29,30,44,60,62,64,68,69,70,72,75,80
51470;26.08.2026 09:17;6,9,12,16,17,18,19,20,27,30,33,36,51,57,58,63,65,68,70,80
51471;26.08.2026 09:22;1,3,11,16,19,24,32,33,37,46,50,53,55,56,64,66,72,74,75,76
51472;26.08.2026 09:27;3,4,5,6,12,13,14,17,21,28,29,38,52,60,61,63,73,74,75,79
51473;26.08.2026 09:32;2,8,10,15,16,20,29,32,34,35,37,39,44,45,50,55,56,59,71,79
51474;26.08.2026 09:37;6,7,8,9,14,23,27,33,34,37,38,49,50,58,63,65,72,73,75,79
51475;26.08.2026 09:42;7,15,16,17,19,25,27,31,39,47,48,54,55,62,63,64,65,75,78,80
51476;26.08.2026 09:47;1,2,3,5,9,12,13,16,33,41,43,44,45,47,55,58,64,74,75,76
51477;26.08.2026 09:52;4,7,9,11,13,14,21,22,28,29,33,39,41,46,47,56,63,66,69,72
51478;26.08.2026 09:57;3,6,14,18,24,25,26,30,37,39,43,44,48,50,53,58,62,65,67,73
51479;26.08.2026 10:02;11,12,13,17,22,23,25,27,30,38,39,44,48,54,58,62,68,70,75,78
51480;26.08.2026 10:07;2,4,5,7,17,24,29,42,44,46,49,53,55,58,59,60,71,72,74,76
51481;26.08.2026 10:12;2,3,6,10,13,14,15,16,21,23,27,34,36,43,46,54,60,62,74,75
51482;26.08.2026 10:17;1,11,22,24,25,28,36,38,43,47,55,58,59,61,64,69,70,72,73,76
51483;26.08.2026 10:22;8,17,20,21,22,24,33,35,41,44,45,52,53,57,60,62,68,69,76,78
51484;26.08.2026 10:27;2,5,10,11,19,22,29,34,39,50,51,54,55,56,61,63,70,73,76,79
51485;26.08.2026 10:32;17,25,27,32,38,41,47,48,52,56,58,61,62,64,65,74,75,76,78,79
51486;26.08.2026 10:37;11,14,15,17,24,25,30,33,45,47,51,52,55,56,57,64,65,67,74,79
51487;26.08.2026 10:42;1,4,5,9,18,24,25,29,30,36,37,44,53,57,61,63,65,68,70,75
51488;26.08.2026 10:47;5,6,12,13,21,22,24,28,37,40,42,44,45,49,52,53,56,60,66,74
51489;26.08.2026 10:52;1,2,4,8,15,16,20,22,23,25,45,47,52,62,65,67,70,72,76,78
51490;26.08.2026 10:57;3,6,19,21,25,28,33,34,36,41,43,45,46,53,57,64,70,75,76,78
51491;26.08.2026 11:02;2,4,5,6,7,13,16,19,21,25,34,37,39,44,46,54,56,61,73,80
51492;26.08.2026 11:07;4,9,11,16,17,18,21,26,27,31,36,38,49,55,61,64,67,70,73,75
51493;26.08.2026 11:12;1,3,4,10,19,22,23,24,33,38,42,45,54,55,57,62,68,73,75,80
51494;26.08.2026 11:17;1,5,10,14,15,19,26,30,35,45,46,47,49,50,57,63,65,67,74,78
51495;26.08.2026 11:22;1,2,5,13,19,21,25,26,27,30,34,37,54,58,59,65,66,74,75,78
51496;26.08.2026 11:27;2,11,16,18,26,27,28,32,36,37,39,43,47,52,53,56,65,67,72,80
51497;26.08.2026 11:32;3,5,7,8,11,15,16,18,29,37,45,46,47,52,55,56,59,63,74,79
51498;26.08.2026 11:37;2,4,9,11,19,23,34,38,41,45,53,59,66,68,69,70,74,77,79,80
51499;26.08.2026 11:42;4,12,17,18,19,20,21,22,29,35,39,42,45,47,49,50,56,57,62,68
51500;26.08.2026 11:47;12,15,22,26,27,28,32,35,39,45,48,54,58,67,68,69,70,71,74,79
51501;26.08.2026 11:52;4,5,6,7,12,13,23,25,26,32,39,41,42,47,52,58,65,70,78,80
51502;26.08.2026 11:57;8,12,18,28,36,38,40,48,52,53,55,58,63,65,67,69,73,77,78,80
51503;26.08.2026 12:02;1,5,13,16,20,21,25,27,38,39,41,44,48,51,53,55,56,63,64,71
51504;26.08.2026 12:07;19,20,22,23,24,26,27,30,33,36,43,44,46,47,51,61,63,78,79,80
51505;26.08.2026 12:12;1,3,6,7,8,18,27,28,30,38,42,50,57,59,62,65,70,75,77,79
51506;26.08.2026 12:17;1,2,4,9,11,12,24,29,36,47,50,52,57,62,65,68,75,77,78,80
51507;26.08.2026 12:22;6,13,15,18,19,21,26,27,30,33,49,56,57,63,66,67,72,75,76,77
51508;26.08.2026 12:27;17,18,19,22,31,33,35,46,49,50,53,61,63,64,65,70,72,75,76,77
51509;26.08.2026 12:32;8,10,13,18,28,31,37,39,40,57,59,60,61,62,64,66,67,73,75,77
51510;26.08.2026 12:37;3,6,10,13,16,17,18,28,30,31,38,44,59,60,64,66,68,69,72,75
51511;26.08.2026 12:42;1,5,7,12,14,22,24,26,27,29,38,39,44,46,52,59,61,67,69,74
51512;26.08.2026 12:47;2,4,11,15,24,28,29,32,33,42,49,50,57,59,60,62,64,65,68,79
51513;26.08.2026 12:52;11,13,14,17,18,19,25,27,28,30,31,36,41,43,52,53,60,61,69,71
51514;26.08.2026 12:57;1,8,10,14,17,22,32,37,38,41,52,57,62,63,70,73,74,77,79,80
51515;26.08.2026 13:02;6,7,10,14,15,16,19,32,39,40,42,45,47,54,57,61,64,69,78,80
51516;26.08.2026 13:07;2,4,6,7,12,19,23,24,25,26,33,35,37,41,47,51,60,74,75,80
51517;26.08.2026 13:12;8,9,11,13,15,24,26,28,31,32,39,41,48,54,57,62,69,70,71,74
51518;26.08.2026 13:17;9,12,13,25,31,33,39,40,44,47,52,54,61,65,67,68,70,71,72,74
51519;26.08.2026 13:22;4,6,13,18,19,21,24,27,32,36,41,46,50,52,56,58,62,68,78,80
51520;26.08.2026 13:27;2,5,14,16,18,20,23,26,28,33,40,49,52,57,62,66,68,71,75,77
51521;26.08.2026 13:32;7,12,14,15,17,22,24,28,33,35,39,49,53,57,60,61,71,76,78,79
51522;26.08.2026 13:37;2,5,8,12,16,20,21,23,24,25,35,38,41,42,48,49,55,63,64,67
51523;26.08.2026 13:42;2,17,19,21,22,23,26,28,33,40,44,45,46,55,56,60,61,63,64,66
51524;26.08.2026 13:47;4,5,7,15,20,23,30,31,33,34,36,40,45,48,51,53,62,64,75,76
51525;26.08.2026 13:52;11,16,20,21,28,29,34,37,38,39,44,47,51,53,55,58,69,73,78,79
51526;26.08.2026 13:57;8,10,12,15,16,27,31,34,35,43,44,47,48,50,52,60,64,68,77,78
51527;26.08.2026 14:02;3,15,27,28,30,32,35,38,41,45,47,53,57,61,65,66,67,76,78,80
51528;26.08.2026 14:07;1,2,4,8,10,11,16,20,22,23,25,28,39,50,54,59,62,63,66,70
51529;26.08.2026 14:12;2,7,10,14,18,23,29,35,36,39,44,46,52,57,60,62,63,65,69,77
51530;26.08.2026 14:17;1,4,6,8,12,15,18,20,27,29,30,33,34,37,44,49,50,68,79,80
51531;26.08.2026 14:22;1,2,5,11,27,29,30,31,32,36,37,40,43,50,51,71,75,76,77,79
51532;26.08.2026 14:27;1,3,4,6,8,10,11,21,23,25,26,32,37,40,42,50,54,65,67,78
51533;26.08.2026 14:32;2,4,18,19,23,29,33,40,41,42,43,50,53,54,58,61,71,73,74,75
51534;26.08.2026 14:37;1,4,18,24,27,28,31,38,40,43,45,48,50,53,61,62,64,75,77,80
51535;26.08.2026 14:42;1,2,5,8,18,19,24,28,31,33,35,36,39,40,53,58,61,68,73,77
51536;26.08.2026 14:47;2,8,10,12,16,25,30,31,34,37,40,45,52,53,56,58,63,68,73,79
51537;26.08.2026 14:52;2,3,7,8,16,21,27,42,45,46,48,52,60,62,64,65,67,70,72,77
51538;26.08.2026 14:57;2,3,4,13,16,20,27,30,32,40,43,45,47,52,54,55,60,72,76,80
51539;26.08.2026 15:02;3,4,5,13,14,20,26,30,31,36,44,46,49,51,52,54,61,74,75,80
51540;26.08.2026 15:07;3,6,9,14,16,19,23,24,26,27,30,45,48,55,57,59,60,64,66,76
51541;26.08.2026 15:12;1,13,15,16,32,33,35,36,42,43,54,59,60,64,71,72,74,75,79,80
51542;26.08.2026 15:17;3,5,11,12,22,27,29,36,37,38,45,51,54,60,61,63,67,71,73,74
51543;26.08.2026 15:22;7,18,22,28,30,31,33,34,36,38,39,42,47,55,61,67,69,71,74,80
51544;26.08.2026 15:27;2,13,14,18,19,20,24,25,31,32,33,36,39,40,42,46,60,69,70,71
51545;26.08.2026 15:32;1,4,10,11,12,19,24,25,26,29,34,37,38,50,55,56,61,63,67,74
51546;26.08.2026 15:37;5,11,12,13,15,16,23,24,25,26,31,39,44,46,55,59,62,67,75,78
51547;26.08.2026 15:42;9,16,17,19,23,25,26,28,33,40,45,47,57,61,66,68,69,72,78,79
51548;26.08.2026 15:47;4,5,8,18,20,29,31,32,39,40,44,51,61,64,70,73,74,75,78,80
51549;26.08.2026 15:52;3,5,14,21,22,27,30,33,35,39,48,54,59,61,63,64,65,70,78,80
51550;26.08.2026 15:57;1,10,11,17,19,20,24,28,31,36,38,41,42,47,55,59,60,69,76,79
51551;26.08.2026 16:02;2,5,7,12,14,19,20,26,29,30,35,36,43,59,62,63,68,71,74,77
51552;26.08.2026 16:07;3,5,12,16,19,26,30,32,33,35,41,54,55,59,60,62,65,66,70,72
51553;26.08.2026 16:12;3,4,5,6,15,23,25,27,28,35,36,39,43,44,53,58,64,65,66,70
51554;26.08.2026 16:17;11,15,19,21,23,26,30,34,35,37,38,45,50,57,58,59,66,74,75,80
51555;26.08.2026 16:22;4,6,8,10,11,15,16,23,26,27,32,36,42,45,49,50,71,75,77,79
51556;26.08.2026 16:27;1,2,5,21,25,26,31,32,34,35,38,43,45,55,62,64,66,71,75,80
51557;26.08.2026 16:32;3,8,15,16,20,21,26,30,35,37,38,57,61,63,64,71,75,76,78,80
51558;26.08.2026 16:37;3,6,9,24,28,29,36,40,49,58,59,61,63,64,66,72,74,76,77,78
51559;26.08.2026 16:42;1,8,11,14,16,21,23,25,29,32,33,34,36,39,45,48,52,53,61,73
51560;26.08.2026 16:47;5,7,8,14,18,19,20,28,36,42,44,48,52,54,57,58,61,70,73,76
51561;26.08.2026 16:52;2,7,9,10,12,14,18,21,32,35,36,39,44,57,63,65,71,73,74,76
51562;26.08.2026 16:57;4,11,12,13,14,25,29,30,35,39,45,50,51,58,59,61,69,71,74,79
51563;26.08.2026 17:02;3,15,17,25,27,30,33,34,36,39,43,44,46,50,57,65,74,75,79,80
51564;26.08.2026 17:07;3,4,5,11,21,35,36,39,43,44,49,54,56,61,67,68,70,74,75,80
51565;26.08.2026 17:12;3,16,21,29,30,39,43,44,47,51,52,56,57,58,61,63,70,73,78,79
51566;26.08.2026 17:17;2,4,6,9,13,21,24,42,46,51,52,53,56,57,61,64,66,70,78,80
51567;26.08.2026 17:22;4,5,6,7,12,21,22,25,27,28,30,31,32,44,45,51,55,59,61,66
51568;26.08.2026 17:27;2,6,17,18,19,20,26,27,36,40,42,45,48,49,55,59,62,72,76,80
51569;26.08.2026 17:32;2,11,22,30,37,40,41,44,47,49,51,53,57,58,64,66,72,73,77,79
51570;26.08.2026 17:37;3,5,12,15,16,19,20,28,39,41,49,51,54,56,57,60,63,70,72,75
51571;26.08.2026 17:42;2,3,10,13,14,15,16,27,43,44,49,52,54,58,61,65,66,67,74,77
51572;26.08.2026 17:47;3,4,12,14,16,19,24,29,31,32,35,36,40,46,49,50,61,69,73,77
51573;26.08.2026 17:52;1,8,10,14,16,19,32,33,37,45,48,54,55,57,60,65,66,69,74,80
51574;26.08.2026 17:57;1,2,3,5,7,8,11,12,23,25,33,47,49,50,51,57,58,65,70,78
51575;26.08.2026 18:02;2,5,11,12,15,18,21,24,25,28,30,35,48,50,59,60,65,72,74,75
51576;26.08.2026 18:07;1,4,14,15,16,17,31,35,37,41,43,45,52,56,57,64,72,74,76,80
51577;26.08.2026 18:12;2,3,8,11,15,27,28,30,32,34,37,39,42,43,45,52,53,57,67,80
51578;26.08.2026 18:17;1,4,11,29,31,32,35,37,43,46,50,51,53,59,60,67,70,72,76,80
51579;26.08.2026 18:22;3,8,13,14,15,18,22,23,25,29,39,45,47,51,66,68,69,72,73,78
51580;26.08.2026 18:27;1,2,3,4,7,8,17,18,19,21,27,31,33,34,41,51,60,63,72,80
51581;26.08.2026 18:32;4,6,17,18,23,25,27,33,35,38,41,45,47,50,58,59,67,69,71,73
51582;26.08.2026 18:37;2,3,7,8,12,16,18,19,20,24,30,31,35,37,39,44,52,56,62,63
51583;26.08.2026 18:42;2,3,5,8,20,22,23,30,31,37,40,42,44,51,52,55,66,69,71,75
51584;26.08.2026 18:47;1,4,5,11,19,20,21,22,28,36,38,39,40,41,44,49,55,57,67,69
51585;26.08.2026 18:52;7,10,14,18,24,26,28,30,31,40,41,44,45,55,60,62,65,71,73,76
51586;26.08.2026 18:57;3,4,8,12,15,16,24,30,34,37,38,41,49,54,56,58,60,72,74,78
51587;26.08.2026 19:02;2,8,9,15,17,19,22,27,31,37,41,46,48,49,57,58,63,65,67,73
51588;26.08.2026 19:07;6,9,14,16,20,21,22,24,27,31,33,35,38,42,48,52,56,60,63,67
51589;26.08.2026 19:12;7,13,17,20,21,27,28,32,43,44,50,55,65,66,68,73,75,76,78,79
51590;26.08.2026 19:17;1,2,5,11,15,16,17,22,23,25,26,27,30,35,42,43,56,63,77,78
51591;26.08.2026 19:22;3,10,13,15,17,26,29,31,34,38,40,46,50,53,54,55,56,60,66,77
51592;26.08.2026 19:27;1,4,5,6,10,11,13,21,24,31,40,52,55,62,68,69,70,72,73,79
51593;26.08.2026 19:32;10,12,14,16,19,24,25,31,35,42,43,48,52,58,61,64,69,74,79,80
51594;26.08.2026 19:37;2,4,8,9,14,18,29,31,32,36,42,46,48,50,52,58,60,63,78,79
51595;26.08.2026 19:42;1,15,17,18,20,23,24,27,31,38,39,41,42,45,51,55,56,62,63,73
51596;26.08.2026 19:47;1,8,9,10,11,14,19,23,29,35,36,39,49,53,54,56,64,67,69,72
51597;26.08.2026 19:52;1,4,6,13,15,17,20,22,33,41,45,49,51,55,59,61,73,74,75,78
51598;26.08.2026 19:57;10,12,15,16,17,23,25,31,36,40,43,46,47,52,54,58,61,63,71,74
51599;26.08.2026 20:02;2,6,9,10,17,28,37,42,43,46,48,49,53,55,59,62,66,72,77,79
51600;26.08.2026 20:07;2,6,9,12,16,18,22,24,25,29,33,42,44,53,54,58,62,67,73,77
51601;26.08.2026 20:12;13,14,16,22,24,27,32,36,38,39,44,45,49,59,60,66,69,75,78,79
51602;26.08.2026 20:17;7,13,19,27,28,35,38,41,43,46,47,48,53,57,65,67,68,72,79,80
51603;26.08.2026 20:22;8,11,14,15,19,20,25,28,36,39,43,46,47,49,53,61,64,69,70,76
51604;26.08.2026 20:27;3,6,9,10,12,13,22,24,29,32,51,55,57,58,59,63,65,66,69,74
51605;26.08.2026 20:32;1,3,8,11,12,14,34,37,41,45,46,47,52,60,64,68,70,72,78,79
51606;26.08.2026 20:37;2,3,6,7,8,9,16,17,25,26,28,29,33,38,41,46,48,64,69,73
51607;26.08.2026 20:42;3,9,15,16,20,21,23,34,37,40,42,51,54,55,60,62,68,76,77,78
51608;26.08.2026 20:47;6,7,10,16,20,32,35,37,38,39,40,41,45,47,52,56,68,75,76,79
51609;26.08.2026 20:52;8,18,20,24,25,26,32,33,39,40,47,51,57,58,61,63,67,70,71,78
51610;26.08.2026 20:57;2,3,5,15,16,18,19,20,23,35,37,38,39,41,52,59,61,68,71,73
51611;26.08.2026 21:02;1,4,5,9,13,17,18,19,20,37,40,43,45,47,52,54,59,62,68,70
51612;26.08.2026 21:07;1,5,11,12,13,28,30,32,37,38,39,45,50,52,53,55,60,62,66,75
51613;26.08.2026 21:12;1,2,3,9,23,29,35,37,38,43,45,50,54,55,64,67,70,73,75,76
51614;26.08.2026 21:17;3,9,10,23,24,26,28,29,35,37,39,42,46,54,56,62,63,66,77,79
51615;26.08.2026 21:22;3,18,22,24,25,26,27,39,41,53,55,56,60,61,63,68,69,72,75,79
51616;26.08.2026 21:27;5,9,11,16,23,26,29,33,37,38,40,50,52,54,55,61,74,75,76,79
51617;26.08.2026 21:32;5,13,17,22,24,31,34,36,37,39,40,46,48,52,56,62,63,67,68,76
51618;26.08.2026 21:37;2,4,7,17,25,28,34,37,42,52,55,57,58,61,63,66,73,77,78,80
51619;26.08.2026 21:42;1,19,21,24,25,27,28,38,51,52,54,56,62,65,69,72,73,74,77,79
51620;26.08.2026 21:47;3,4,9,12,15,23,26,38,43,49,50,52,61,63,66,67,68,70,76,80
51621;26.08.2026 21:52;11,13,20,28,31,32,37,39,41,45,55,57,60,61,62,64,68,69,70,80
51622;26.08.2026 21:57;8,11,15,20,25,33,37,39,45,54,58,59,60,61,67,68,73,77,79,80
51623;26.08.2026 22:02;1,5,17,19,20,30,34,48,49,52,55,58,60,61,65,69,74,76,79,80
51624;26.08.2026 22:07;4,5,8,12,13,17,24,26,28,30,39,41,50,53,58,61,62,64,69,73
51625;26.08.2026 22:12;1,4,7,10,24,27,32,36,37,42,46,51,60,62,65,69,71,72,76,77
51626;26.08.2026 22:17;3,7,9,14,27,28,30,36,39,41,52,56,60,71,72,73,74,75,77,79
51627;26.08.2026 22:22;7,10,12,15,17,20,21,23,29,30,37,39,45,48,53,61,64,65,76,78
51628;26.08.2026 22:27;7,10,23,24,28,29,31,35,37,39,43,44,47,48,51,52,57,72,74,76
51629;26.08.2026 22:32;1,4,10,16,20,24,25,27,28,30,38,39,44,47,48,61,62,64,67,68
51630;26.08.2026 22:37;3,5,10,14,22,24,28,39,40,41,47,48,50,57,61,63,71,73,79,80
51631;26.08.2026 22:42;5,9,11,13,22,23,27,38,39,40,48,49,58,60,63,64,65,68,76,77
51632;26.08.2026 22:47;4,9,13,14,17,18,28,35,38,41,43,46,49,61,65,67,70,71,74,75
51633;26.08.2026 22:52;5,21,23,26,27,28,33,35,41,42,49,50,52,54,57,68,69,71,76,77
51634;26.08.2026 22:57;2,6,7,8,12,17,18,21,26,30,36,42,48,51,54,55,56,65,79,80
51635;26.08.2026 23:02;11,19,26,27,28,36,38,43,49,51,52,53,59,60,62,64,69,71,74,79
51636;26.08.2026 23:07;1,2,10,14,16,17,18,21,31,33,41,46,56,62,65,66,67,69,73,75
51637;26.08.2026 23:12;1,2,3,5,6,10,12,13,26,31,35,40,50,52,66,70,73,75,77,80
51638;26.08.2026 23:17;1,5,15,21,23,24,27,33,34,41,47,49,52,54,60,61,62,67,68,70
51639;26.08.2026 23:22;1,5,16,19,26,34,35,42,43,54,58,60,61,62,63,65,72,76,78,79
51640;26.08.2026 23:27;6,9,10,13,28,34,35,38,41,44,46,49,54,60,62,69,71,73,78,79
51641;26.08.2026 23:32;6,10,13,15,16,22,23,26,33,34,38,45,46,51,56,64,68,69,72,78
51642;26.08.2026 23:37;5,8,11,14,21,22,23,25,30,35,39,45,46,51,52,57,58,60,65,73
51643;26.08.2026 23:42;8,11,14,15,16,23,26,30,33,35,37,38,39,40,52,55,57,58,69,77
51644;26.08.2026 23:47;2,4,7,8,12,16,18,20,26,28,30,32,34,47,56,62,63,67,68,76
51645;26.08.2026 23:52;2,4,6,14,17,23,26,31,32,33,36,40,42,47,52,53,66,68,73,75
51646;26.08.2026 23:57;3,10,11,13,18,20,21,22,25,36,43,44,45,56,62,65,70,71,72,74

===== 27.08.2026 | 217 ÇEKİLİŞ =====
51647;27.08.2026 00:02;1,10,12,16,18,21,26,28,34,35,36,42,46,50,56,59,68,69,73,76
51648;27.08.2026 00:07;1,11,16,17,21,22,23,25,27,32,37,46,50,54,55,60,65,66,67,80
51649;27.08.2026 00:12;2,7,9,12,14,16,24,32,35,40,47,48,49,55,64,65,68,73,74,79
51650;27.08.2026 00:17;4,11,12,20,21,27,36,37,46,49,50,52,56,60,66,68,69,70,78,80
51651;27.08.2026 00:22;1,4,7,11,16,23,27,30,33,36,39,49,56,58,65,71,72,74,79,80
51652;27.08.2026 00:27;8,9,12,13,21,22,24,25,34,35,43,47,51,58,65,67,69,71,77,78
51653;27.08.2026 00:32;3,7,8,11,15,16,18,23,29,35,36,42,48,52,53,57,61,70,75,76
51654;27.08.2026 00:37;4,6,9,17,21,23,25,31,40,41,47,50,53,55,56,57,59,61,64,79
51655;27.08.2026 00:42;6,12,13,15,16,23,28,36,37,41,46,47,49,54,57,58,61,64,65,77
51656;27.08.2026 00:47;3,8,10,22,23,24,27,29,30,32,34,36,41,43,46,54,60,61,68,79
51657;27.08.2026 00:52;2,6,13,15,22,28,29,32,35,41,44,46,49,52,56,60,73,75,76,77
51658;27.08.2026 00:57;5,8,10,14,15,17,21,25,29,33,34,47,48,57,61,67,70,71,72,73
51659;27.08.2026 01:02;7,14,19,21,22,23,24,28,34,35,47,52,54,60,61,71,74,76,78,79
51660;27.08.2026 07:02;8,10,15,21,24,33,34,48,52,58,64,66,67,71,73,74,76,77,78,80
51661;27.08.2026 07:07;13,16,19,27,36,37,40,43,45,48,51,52,53,55,58,60,68,74,78,79
51662;27.08.2026 07:12;7,10,16,19,21,23,25,27,28,30,39,40,43,50,54,60,67,71,76,80
51663;27.08.2026 07:17;9,18,21,24,36,39,40,44,46,48,56,57,59,65,68,71,73,74,75,77
51664;27.08.2026 07:22;2,10,11,17,26,29,35,37,39,49,51,53,59,62,64,66,69,73,77,80
51665;27.08.2026 07:27;5,11,12,13,16,18,27,30,33,44,51,53,56,59,66,67,68,69,70,73
51666;27.08.2026 07:32;4,8,11,13,15,22,35,43,44,49,56,60,61,68,69,71,73,76,77,80
51667;27.08.2026 07:37;10,11,12,18,19,33,37,41,43,47,51,52,58,59,61,64,75,77,78,80
51668;27.08.2026 07:42;4,14,19,21,23,27,28,30,31,37,40,41,48,49,52,53,59,70,71,80
51669;27.08.2026 07:47;3,4,5,6,23,25,26,30,32,42,49,51,52,53,54,55,64,65,78,79
51670;27.08.2026 07:52;2,9,12,18,21,23,32,38,40,43,44,50,52,58,66,67,68,70,76,78
51671;27.08.2026 07:57;1,10,11,14,22,23,24,26,28,30,31,42,43,50,53,56,58,61,74,78
51672;27.08.2026 08:02;4,5,6,9,13,28,34,36,37,48,51,53,55,57,58,64,66,73,74,76
51673;27.08.2026 08:07;7,22,28,37,39,40,43,44,45,46,49,52,53,54,56,64,67,70,71,76
51674;27.08.2026 08:12;1,4,12,13,24,28,31,35,48,49,53,56,58,60,65,67,68,70,76,77
51675;27.08.2026 08:17;1,4,6,10,13,18,21,26,27,28,29,31,33,34,37,47,48,66,71,73
51676;27.08.2026 08:22;4,8,11,12,13,14,17,23,24,25,33,38,40,46,54,60,66,71,73,76
51677;27.08.2026 08:27;2,3,5,7,13,14,34,36,48,52,55,59,61,62,63,66,68,75,76,77
51678;27.08.2026 08:32;3,8,9,10,27,38,39,40,42,43,48,50,51,58,63,66,68,70,76,78
51679;27.08.2026 08:37;3,4,9,15,18,20,24,41,42,44,46,47,48,56,57,61,63,64,67,69
51680;27.08.2026 08:42;4,6,11,16,18,19,20,27,29,34,39,46,55,56,59,60,65,70,75,78
51681;27.08.2026 08:47;5,7,10,15,17,20,31,32,36,43,46,50,52,58,62,63,64,70,79,80
51682;27.08.2026 08:52;10,14,15,19,21,25,27,30,32,39,40,47,49,52,54,62,73,75,76,80
51683;27.08.2026 08:57;3,4,6,11,14,17,24,32,34,36,37,41,46,48,49,57,59,76,78,79
51684;27.08.2026 09:02;2,15,16,17,19,21,25,27,36,44,46,50,53,56,60,61,67,68,72,74
51685;27.08.2026 09:07;1,3,6,10,22,26,28,29,34,39,40,42,49,50,63,66,71,74,76,79
51686;27.08.2026 09:12;2,8,11,15,16,17,19,21,22,27,28,30,34,44,55,61,65,67,68,72
51687;27.08.2026 09:17;5,10,28,31,34,35,42,44,47,48,49,54,55,61,65,71,72,74,75,76
51688;27.08.2026 09:22;5,7,8,14,16,19,22,36,38,42,44,48,52,54,55,58,62,67,70,71
51689;27.08.2026 09:27;2,6,9,10,17,23,25,26,31,32,37,43,48,50,51,56,59,69,70,74
51690;27.08.2026 09:32;4,9,10,11,15,20,21,23,29,36,41,49,51,59,63,66,69,70,77,80
51691;27.08.2026 09:37;4,7,8,12,23,28,29,31,36,37,48,50,53,54,55,56,57,64,79,80
51692;27.08.2026 09:42;5,6,12,18,20,31,40,41,46,52,55,56,59,63,65,66,67,71,73,77
51693;27.08.2026 09:47;3,7,8,9,11,15,25,28,35,38,48,50,56,57,59,60,62,70,74,79
51694;27.08.2026 09:52;11,14,23,28,30,32,35,38,42,43,47,51,54,56,62,66,71,74,76,78
51695;27.08.2026 09:57;2,4,6,10,14,19,23,24,31,38,42,46,54,56,62,65,67,68,72,79
51696;27.08.2026 10:02;1,6,7,14,21,30,35,39,40,43,44,49,60,65,67,69,72,73,77,78
51697;27.08.2026 10:07;11,15,16,17,18,19,28,34,48,49,50,53,57,58,62,64,67,69,70,76
51698;27.08.2026 10:12;1,6,12,14,15,17,21,22,27,31,44,45,47,51,60,61,64,69,72,80
51699;27.08.2026 10:17;7,10,13,20,26,27,31,34,37,42,43,49,57,59,60,70,74,75,76,79
51700;27.08.2026 10:22;15,19,21,23,24,26,27,41,45,46,47,48,52,53,56,58,60,62,77,78
51701;27.08.2026 10:27;7,9,15,17,28,31,32,33,34,36,40,53,55,58,61,62,70,74,76,80
51702;27.08.2026 10:32;7,8,16,18,19,21,22,28,42,47,53,57,61,62,65,67,72,74,77,80
51703;27.08.2026 10:37;2,4,6,9,12,26,28,29,35,38,48,49,53,54,63,64,66,67,70,76
51704;27.08.2026 10:42;1,11,22,29,32,33,37,39,43,46,48,49,53,54,60,68,69,74,75,78
51705;27.08.2026 10:47;1,5,11,16,19,23,25,27,37,40,43,56,60,64,69,70,71,72,75,76
51706;27.08.2026 10:52;5,6,11,15,21,22,23,25,40,42,53,54,57,60,66,67,72,74,77,80
51707;27.08.2026 10:57;1,2,15,24,30,34,38,42,43,46,47,52,59,60,62,69,72,74,75,79
51708;27.08.2026 11:02;2,4,6,8,9,10,17,19,27,29,31,34,39,53,55,60,65,68,77,80
51709;27.08.2026 11:07;1,2,4,5,14,16,19,20,22,23,25,26,29,35,38,45,56,62,63,64
51710;27.08.2026 11:12;2,8,9,11,12,14,19,20,25,29,35,42,45,49,56,58,60,65,67,77
51711;27.08.2026 11:17;2,3,4,5,21,28,29,33,34,40,41,42,45,47,49,56,58,60,61,79
51712;27.08.2026 11:22;3,5,6,7,11,24,28,29,31,36,43,45,50,53,58,63,69,70,73,77
51713;27.08.2026 11:27;6,8,9,12,13,20,24,26,28,31,32,33,36,37,39,42,47,55,58,65
51714;27.08.2026 11:32;2,5,6,7,10,14,16,19,21,31,36,45,50,52,55,56,62,64,71,74
51715;27.08.2026 11:37;2,3,4,6,7,13,17,18,25,31,32,40,44,46,49,51,52,58,60,72
51716;27.08.2026 11:42;2,7,8,14,20,22,23,36,40,42,47,52,55,58,60,66,73,74,75,78
51717;27.08.2026 11:47;1,2,6,8,11,13,30,31,37,38,46,50,51,53,55,60,66,68,73,76
51718;27.08.2026 11:52;11,16,22,25,28,31,38,39,40,42,45,60,61,64,65,66,68,75,76,80
51719;27.08.2026 11:57;2,4,5,8,14,15,26,31,32,33,39,42,46,62,63,65,66,71,76,80
51720;27.08.2026 12:02;5,9,10,13,18,20,24,25,27,28,32,35,46,47,48,58,59,64,67,75
51721;27.08.2026 12:07;1,5,16,28,31,33,34,36,51,55,56,57,58,60,61,73,74,75,77,80
51722;27.08.2026 12:12;3,4,5,15,16,19,20,21,24,34,41,42,43,45,46,52,53,56,75,76
51723;27.08.2026 12:17;5,6,9,15,17,23,24,35,36,39,43,48,51,52,54,57,63,65,68,73
51724;27.08.2026 12:22;4,8,11,13,16,18,19,20,26,36,41,42,49,50,58,66,73,74,78,79
51725;27.08.2026 12:27;3,12,18,19,27,29,36,38,48,52,53,56,63,65,66,70,72,73,76,77
51726;27.08.2026 12:32;8,10,11,18,19,26,27,39,40,41,48,51,55,60,68,70,72,73,74,79
51727;27.08.2026 12:37;1,2,3,5,7,8,13,16,18,32,36,41,45,52,55,58,65,68,72,78
51728;27.08.2026 12:42;6,7,13,26,29,35,39,40,42,44,45,48,49,50,55,58,61,69,72,77
51729;27.08.2026 12:47;2,4,6,12,23,24,26,28,30,39,42,46,47,49,50,55,57,59,75,80
51730;27.08.2026 12:52;2,6,7,8,12,14,16,18,19,26,33,34,39,46,58,62,66,67,75,77
51731;27.08.2026 12:57;3,4,17,26,33,36,42,44,47,49,50,52,55,56,60,65,70,71,77,80
51732;27.08.2026 13:02;6,8,9,11,13,16,21,25,31,32,49,51,57,58,59,68,72,73,79,80
51733;27.08.2026 13:07;5,7,8,13,14,16,19,27,32,39,40,42,58,61,66,71,72,73,76,79
51734;27.08.2026 13:12;4,6,7,11,13,15,23,28,32,33,39,46,49,57,64,65,68,70,73,79
51735;27.08.2026 13:17;8,9,10,12,13,15,19,24,25,31,32,38,40,49,57,64,66,67,72,76
51736;27.08.2026 13:22;1,13,16,18,20,21,22,23,28,32,38,48,50,58,59,64,65,69,79,80
51737;27.08.2026 13:27;1,5,12,14,18,19,27,29,35,37,41,51,52,53,55,60,61,63,67,79
51738;27.08.2026 13:32;12,15,16,18,22,24,25,26,28,36,37,43,49,52,57,62,64,68,79,80
51739;27.08.2026 13:37;1,3,7,13,24,31,33,35,37,43,44,45,47,50,53,56,64,70,71,77
51740;27.08.2026 13:42;3,10,14,15,18,21,23,31,38,40,49,58,62,63,68,72,73,74,75,76
51741;27.08.2026 13:47;4,5,6,13,18,21,25,27,31,36,38,39,41,43,62,63,70,73,74,79
51742;27.08.2026 13:52;3,4,5,9,21,27,30,31,38,46,50,57,58,61,63,70,72,75,78,79
51743;27.08.2026 13:57;2,6,8,11,15,17,21,23,25,28,36,39,42,45,47,48,51,55,65,66
51744;27.08.2026 14:02;3,10,11,13,14,24,25,28,30,34,43,46,51,52,71,72,74,75,78,79
51745;27.08.2026 14:07;2,6,11,19,20,25,26,28,29,34,37,47,55,58,62,63,65,70,72,77
51746;27.08.2026 14:12;6,10,12,20,28,31,32,34,35,37,40,41,44,48,50,55,61,62,65,74
51747;27.08.2026 14:17;4,5,6,9,10,14,18,20,24,27,38,40,50,53,59,62,64,70,74,77
51748;27.08.2026 14:22;4,8,20,23,27,30,37,38,40,44,50,56,57,64,65,66,69,72,73,78
51749;27.08.2026 14:27;4,5,9,12,14,15,21,31,38,44,45,47,53,65,68,70,72,73,76,77
51750;27.08.2026 14:32;6,9,15,20,21,22,37,38,44,49,52,53,59,61,62,69,73,75,76,77
51751;27.08.2026 14:37;2,4,14,18,25,26,27,29,34,44,48,49,50,55,58,68,69,74,76,79
51752;27.08.2026 14:42;1,8,14,16,18,21,22,24,27,46,47,52,54,55,56,62,65,72,74,79
51753;27.08.2026 14:47;1,6,9,13,14,27,29,30,42,43,46,52,53,54,56,57,62,66,72,80
51754;27.08.2026 14:52;1,2,5,7,8,10,12,13,16,24,27,28,35,37,48,52,64,72,73,79
51755;27.08.2026 14:57;1,4,5,7,8,9,12,22,30,31,33,42,43,44,45,66,69,73,77,78
51756;27.08.2026 15:02;8,9,14,15,18,26,27,30,33,36,40,42,46,52,54,56,58,59,74,77
51757;27.08.2026 15:07;1,4,6,10,12,22,24,30,31,36,41,43,59,63,68,69,73,75,78,80
51758;27.08.2026 15:12;7,12,15,23,29,31,32,33,40,44,45,53,61,62,67,70,71,73,74,76
51759;27.08.2026 15:17;7,8,14,15,22,24,26,27,33,35,39,44,50,51,54,60,66,73,75,78
51760;27.08.2026 15:22;6,11,12,13,14,19,25,26,27,34,46,48,51,53,57,61,66,71,73,78
51761;27.08.2026 15:27;6,8,10,11,14,20,28,30,31,48,52,59,65,66,67,69,73,74,75,80
51762;27.08.2026 15:32;1,4,15,25,26,30,33,35,38,45,50,53,57,59,62,63,64,71,73,75
51763;27.08.2026 15:37;5,7,8,12,14,16,17,20,28,33,36,37,40,54,59,66,67,70,72,75
51764;27.08.2026 15:42;1,4,6,9,17,23,26,28,34,35,43,50,51,54,55,57,64,67,72,73
51765;27.08.2026 15:47;2,6,21,22,25,27,28,32,34,37,44,45,57,58,59,64,65,69,75,79
51766;27.08.2026 15:52;1,3,6,10,11,15,17,21,26,32,35,38,39,41,43,45,54,62,73,74
51767;27.08.2026 15:57;14,15,16,17,21,22,24,33,35,37,38,41,44,47,50,53,58,62,71,79
51768;27.08.2026 16:02;2,5,7,18,24,26,34,41,45,56,57,58,61,62,63,65,66,68,76,80
51769;27.08.2026 16:07;2,3,10,11,15,16,19,31,32,35,37,38,39,42,55,57,59,64,67,70
51770;27.08.2026 16:12;1,3,6,8,12,15,16,19,25,28,29,35,36,37,43,49,53,70,74,77
51771;27.08.2026 16:17;8,12,17,20,22,24,25,30,37,39,43,45,46,47,50,53,57,60,65,77
51772;27.08.2026 16:22;11,14,18,19,22,24,27,29,31,35,38,40,42,46,49,60,61,64,73,77
51773;27.08.2026 16:27;14,15,21,22,34,36,41,45,48,55,56,57,61,63,67,69,74,75,76,78
51774;27.08.2026 16:32;4,6,7,8,11,14,15,17,21,23,27,35,40,44,47,49,50,61,74,77
51775;27.08.2026 16:37;3,5,8,9,12,14,17,27,32,38,43,46,53,58,65,67,68,69,71,80
51776;27.08.2026 16:42;1,3,4,5,7,10,16,27,29,32,34,37,38,45,50,51,61,67,69,71
51777;27.08.2026 16:47;14,15,16,24,26,27,29,33,40,41,42,43,44,45,46,50,70,76,78,80
51778;27.08.2026 16:52;1,10,11,12,16,23,28,31,37,42,46,47,49,51,53,60,62,67,68,73
51779;27.08.2026 16:57;5,7,11,21,22,25,33,36,37,40,49,53,54,56,58,61,63,72,77,79
51780;27.08.2026 17:02;3,7,10,21,22,28,40,41,47,49,50,55,58,60,64,70,75,78,79,80
51781;27.08.2026 17:07;2,4,10,11,13,14,15,18,20,22,33,39,40,42,54,57,63,72,75,77
51782;27.08.2026 17:12;5,6,7,11,12,18,20,29,34,35,36,42,43,44,50,55,63,66,71,77
51783;27.08.2026 17:17;12,14,15,18,28,29,30,31,33,34,40,41,48,49,61,63,67,69,74,79
51784;27.08.2026 17:22;7,11,12,14,15,17,23,25,27,35,39,44,53,57,61,63,71,75,77,80
51785;27.08.2026 17:27;2,4,7,11,15,22,26,30,32,36,37,42,50,51,52,57,65,69,77,79
51786;27.08.2026 17:32;3,5,6,8,10,12,13,21,22,31,32,43,44,53,54,55,66,67,68,80
51787;27.08.2026 17:37;1,3,5,9,10,13,23,30,42,50,53,56,58,62,66,68,69,72,73,76
51788;27.08.2026 17:42;10,17,18,21,25,26,30,31,39,40,41,42,43,46,48,57,62,65,71,79
51789;27.08.2026 17:47;2,5,14,22,28,33,35,39,40,44,47,49,51,54,55,59,67,72,74,78
51790;27.08.2026 17:52;6,8,14,24,27,29,30,31,35,36,40,45,52,54,57,60,65,73,76,79
51791;27.08.2026 17:57;3,4,7,9,13,14,27,28,30,31,32,41,46,54,59,61,68,69,77,79
51792;27.08.2026 18:02;5,7,9,12,23,26,31,32,37,45,47,48,52,58,62,67,74,75,78,80
51793;27.08.2026 18:07;2,3,4,5,14,17,18,23,25,26,27,42,49,56,59,62,67,70,74,76
51794;27.08.2026 18:12;3,6,17,21,24,28,35,36,40,43,50,51,52,56,68,70,71,72,73,76
51795;27.08.2026 18:17;1,4,5,12,16,23,24,27,32,39,41,46,49,62,64,68,69,74,77,78
51796;27.08.2026 18:22;4,6,9,11,13,25,32,35,36,40,41,46,49,50,52,59,68,74,76,77
51797;27.08.2026 18:27;4,6,8,14,21,29,31,32,34,35,36,37,38,45,47,48,51,62,65,76
51798;27.08.2026 18:32;14,16,17,18,19,27,28,31,41,42,52,58,63,64,65,69,71,72,73,76
51799;27.08.2026 18:37;4,13,17,22,28,32,33,34,36,37,38,44,50,52,53,55,59,60,64,76
51800;27.08.2026 18:42;2,3,7,8,10,11,16,18,30,34,39,42,45,52,56,62,63,72,75,76
51801;27.08.2026 18:47;2,4,5,18,23,24,30,32,33,34,38,40,44,56,57,58,61,69,70,77
51802;27.08.2026 18:52;1,6,8,12,13,22,23,24,27,30,39,48,52,54,56,61,72,74,76,77
51803;27.08.2026 18:57;5,9,10,11,13,16,18,25,31,33,36,45,48,50,54,56,57,72,74,76
51804;27.08.2026 19:02;5,6,8,22,28,32,39,41,42,51,53,56,57,59,68,70,73,76,79,80
51805;27.08.2026 19:07;5,7,12,15,22,24,26,31,35,37,40,44,45,55,57,59,65,73,77,79
51806;27.08.2026 19:12;6,7,12,20,27,28,38,41,49,53,55,57,58,61,65,66,68,71,75,79
51807;27.08.2026 19:17;2,11,13,29,33,34,42,45,48,50,56,57,59,60,62,66,70,75,76,80
51808;27.08.2026 19:22;4,5,14,16,17,19,20,22,25,32,34,42,47,55,61,70,71,72,75,79
51809;27.08.2026 19:27;1,2,6,8,17,23,29,34,36,38,42,45,47,50,51,58,59,66,67,72
51810;27.08.2026 19:32;12,14,15,19,26,27,29,31,35,40,41,43,46,48,50,51,61,64,75,80
51811;27.08.2026 19:37;3,7,10,11,12,14,15,20,31,33,38,53,56,58,62,64,68,72,73,78
51812;27.08.2026 19:42;3,4,8,11,12,26,28,34,40,49,53,55,60,62,64,66,69,73,74,78
51813;27.08.2026 19:47;11,14,15,16,20,23,25,28,29,38,39,49,55,59,61,70,71,72,75,79
51814;27.08.2026 19:52;7,10,14,16,28,29,36,40,41,45,47,49,52,53,60,64,66,74,76,79
51815;27.08.2026 19:57;2,3,6,8,10,13,20,22,23,25,30,36,40,54,61,62,63,66,71,76
51816;27.08.2026 20:02;4,6,11,15,24,31,33,36,38,41,42,43,46,50,51,53,55,57,68,71
51817;27.08.2026 20:07;4,6,10,14,18,20,27,29,33,34,40,42,56,57,59,63,66,67,72,74
51818;27.08.2026 20:12;5,12,16,18,19,29,35,40,41,42,49,50,57,59,61,62,70,76,78,80
51819;27.08.2026 20:17;4,5,11,12,18,20,25,26,28,29,43,45,46,50,54,63,64,67,68,72
51820;27.08.2026 20:22;1,3,4,5,10,12,16,24,27,28,34,42,49,54,55,56,59,69,72,76
51821;27.08.2026 20:27;9,16,23,24,26,29,33,40,47,48,51,55,56,59,60,61,62,67,73,75
51822;27.08.2026 20:32;1,2,4,5,11,18,24,29,34,37,49,51,57,60,64,70,72,73,74,77
51823;27.08.2026 20:37;2,11,14,15,17,30,37,41,43,48,54,55,56,57,58,62,64,67,71,74
51824;27.08.2026 20:42;6,7,13,14,19,26,33,34,38,45,46,50,54,67,68,69,72,76,78,80
51825;27.08.2026 20:47;1,4,6,9,10,12,14,20,25,26,27,34,35,43,49,55,62,63,68,73
51826;27.08.2026 20:52;14,15,16,18,23,39,40,42,43,44,49,51,56,58,59,69,73,74,76,77
51827;27.08.2026 20:57;2,4,6,7,10,13,15,17,19,26,27,30,31,40,45,51,54,57,58,74
51828;27.08.2026 21:02;3,17,18,26,30,35,37,42,43,46,49,52,54,59,60,61,67,69,71,73
51829;27.08.2026 21:07;4,5,7,10,19,30,31,33,35,43,47,49,52,53,59,61,64,68,72,78
51830;27.08.2026 21:12;5,8,9,10,12,16,17,30,35,40,42,44,46,56,68,69,71,72,73,74
51831;27.08.2026 21:17;1,2,3,11,12,26,29,33,39,43,47,50,52,55,62,63,66,73,79,80
51832;27.08.2026 21:22;3,4,9,14,15,20,21,24,25,32,34,45,56,59,60,63,66,68,77,78
51833;27.08.2026 21:27;5,6,13,14,23,24,25,30,32,33,38,44,46,49,58,59,66,69,72,74
51834;27.08.2026 21:32;2,5,6,11,13,20,35,37,38,39,43,45,62,63,64,65,75,76,77,78
51835;27.08.2026 21:37;2,5,14,15,19,20,21,23,25,28,34,39,40,50,52,65,69,71,74,78
51836;27.08.2026 21:42;3,4,10,11,15,20,28,34,44,45,47,52,58,60,65,67,68,70,76,77
51837;27.08.2026 21:47;4,5,25,28,33,37,40,41,45,47,48,51,53,57,58,64,68,72,74,75
51838;27.08.2026 21:52;4,14,18,20,21,25,26,34,38,39,41,46,47,50,53,61,63,74,78,80
51839;27.08.2026 21:57;12,18,19,21,29,36,40,42,47,48,49,50,51,57,59,60,64,68,77,80
51840;27.08.2026 22:02;2,4,5,17,19,22,26,29,32,39,42,43,52,55,62,66,70,73,76,79
51841;27.08.2026 22:07;1,3,8,11,13,17,21,22,23,34,35,36,37,41,43,66,68,72,77,79
51842;27.08.2026 22:12;5,6,7,8,14,17,23,27,30,31,44,50,54,57,67,72,73,75,77,80
51843;27.08.2026 22:17;1,2,3,6,10,12,15,18,20,22,23,27,33,48,54,55,63,64,66,68
51844;27.08.2026 22:22;7,9,14,15,16,19,21,23,28,34,38,46,47,52,53,68,72,73,76,78
51845;27.08.2026 22:27;3,5,6,8,9,12,14,15,19,20,21,33,36,46,50,52,53,63,67,80
51846;27.08.2026 22:32;5,6,9,10,12,14,33,35,36,38,39,44,46,47,49,50,54,57,71,79
51847;27.08.2026 22:37;11,12,16,17,22,23,24,25,31,41,50,53,56,57,61,62,63,70,76,79
51848;27.08.2026 22:42;5,9,12,15,18,19,24,28,30,32,39,41,48,49,51,52,53,64,65,69
51849;27.08.2026 22:47;8,14,16,20,21,23,25,37,39,45,46,56,58,64,65,66,68,69,72,76
51850;27.08.2026 22:52;7,10,14,16,21,22,23,24,30,33,34,37,38,40,41,45,63,65,68,79
51851;27.08.2026 22:57;1,4,9,15,17,21,30,31,45,47,52,59,61,64,66,67,68,70,73,74
51852;27.08.2026 23:02;11,12,15,19,24,28,37,38,39,41,43,54,58,62,64,68,70,74,75,77
51853;27.08.2026 23:07;2,4,10,17,23,25,27,34,35,36,40,42,56,68,69,70,71,73,78,80
51854;27.08.2026 23:12;9,18,20,21,25,41,42,46,49,51,52,55,58,70,71,73,74,77,79,80
51855;27.08.2026 23:17;1,2,4,8,9,10,12,17,20,21,29,31,34,43,46,54,57,61,62,68
51856;27.08.2026 23:22;5,12,14,20,31,33,34,35,43,44,45,48,52,55,67,70,71,75,78,79
51857;27.08.2026 23:27;4,10,12,13,19,20,21,22,29,33,34,35,37,38,44,46,60,67,72,80
51858;27.08.2026 23:32;3,9,12,19,22,24,25,35,37,41,43,45,49,56,57,60,63,71,78,79
51859;27.08.2026 23:37;5,8,9,10,11,16,18,20,24,26,38,39,40,50,55,56,59,61,63,72
51860;27.08.2026 23:42;1,3,16,19,20,28,29,32,37,39,50,53,55,57,58,60,61,63,64,79
51861;27.08.2026 23:47;6,10,18,23,24,25,36,37,39,40,41,43,45,52,55,58,61,66,67,70
51862;27.08.2026 23:52;5,8,10,22,23,27,30,33,35,37,39,42,43,54,56,60,61,63,77,80
51863;27.08.2026 23:57;3,9,12,13,18,23,28,29,35,36,37,45,49,51,52,57,63,69,70,72

===== 28.08.2026 | 217 ÇEKİLİŞ =====
51864;28.08.2026 00:02;7,10,15,18,19,29,31,36,37,40,44,46,59,62,65,68,70,72,75,77
51865;28.08.2026 00:07;2,15,16,22,23,26,29,31,48,51,52,53,59,64,68,74,75,76,78,79
51866;28.08.2026 00:12;4,5,13,14,15,17,20,23,26,29,35,37,39,62,64,67,69,71,74,79
51867;28.08.2026 00:17;3,15,18,20,21,24,27,32,37,41,42,51,54,56,59,60,65,69,70,71
51868;28.08.2026 00:22;11,12,14,17,21,24,26,33,35,36,40,41,52,55,56,62,65,71,72,73
51869;28.08.2026 00:27;8,9,10,12,21,26,28,30,33,37,43,45,49,50,52,53,65,67,70,71
51870;28.08.2026 00:32;1,8,11,14,25,27,30,32,39,47,48,50,51,53,57,59,69,70,78,80
51871;28.08.2026 00:37;4,5,6,10,13,23,25,27,28,39,40,48,53,56,59,70,74,75,78,79
51872;28.08.2026 00:42;4,12,18,23,27,28,37,40,41,42,43,47,52,61,68,69,70,76,77,78
51873;28.08.2026 00:47;1,3,15,19,21,23,26,27,32,33,36,39,48,56,59,60,65,72,76,80
51874;28.08.2026 00:52;2,3,5,7,15,16,17,21,24,29,32,35,41,45,48,56,68,71,74,77
51875;28.08.2026 00:57;1,2,3,5,6,10,11,24,26,37,40,44,46,63,65,69,71,77,78,79
51876;28.08.2026 01:02;7,8,9,17,21,24,28,31,33,36,43,44,46,51,54,56,58,59,60,65
51877;28.08.2026 07:02;1,16,19,23,29,30,31,32,39,47,48,49,51,55,59,73,74,77,79,80
51878;28.08.2026 07:07;5,7,21,27,29,31,35,40,41,52,54,58,60,65,67,75,76,77,79,80
51879;28.08.2026 07:12;5,19,24,25,27,28,32,33,37,48,53,57,61,67,68,71,73,74,77,79
51880;28.08.2026 07:17;1,2,9,13,15,24,25,28,31,36,40,43,52,63,65,66,67,71,72,74
51881;28.08.2026 07:22;4,10,11,14,26,28,29,33,47,54,55,57,59,60,61,64,70,72,78,80
51882;28.08.2026 07:27;3,4,9,12,16,28,31,34,37,38,49,53,63,65,66,68,71,74,76,78
51883;28.08.2026 07:32;4,18,22,29,30,42,43,44,46,47,48,51,54,59,61,66,67,69,70,71
51884;28.08.2026 07:37;1,7,19,22,23,24,26,27,29,32,34,39,43,57,59,64,68,70,75,79
51885;28.08.2026 07:42;7,10,14,17,21,22,25,26,28,29,31,49,54,59,61,67,71,74,76,78
51886;28.08.2026 07:47;4,5,10,16,26,27,28,35,36,41,42,51,60,65,66,68,70,75,78,79
51887;28.08.2026 07:52;1,3,8,9,18,19,20,30,31,33,36,39,40,41,53,58,59,63,67,70
51888;28.08.2026 07:57;5,7,9,16,19,24,27,33,35,39,41,44,49,53,57,61,66,70,73,79
51889;28.08.2026 08:02;4,9,15,21,30,33,36,39,40,42,47,48,52,54,57,62,70,74,77,80
51890;28.08.2026 08:07;5,9,11,15,16,18,20,22,31,36,43,45,46,48,57,65,69,77,79,80
51891;28.08.2026 08:12;11,14,18,25,27,28,29,33,39,45,48,50,51,55,57,60,67,69,76,80
51892;28.08.2026 08:17;9,11,12,15,21,22,26,31,39,42,44,45,49,54,55,56,65,66,69,78
51893;28.08.2026 08:22;2,7,9,15,19,21,22,25,29,31,39,54,56,57,68,73,74,76,77,78
51894;28.08.2026 08:27;7,9,14,24,30,38,43,45,46,47,50,51,54,55,57,61,62,64,69,79
51895;28.08.2026 08:32;7,10,12,13,15,16,19,31,47,48,51,53,54,55,56,60,61,72,77,78
51896;28.08.2026 08:37;1,4,6,11,13,15,16,29,30,50,51,52,57,62,63,64,70,71,72,76
51897;28.08.2026 08:42;1,2,4,8,10,14,20,23,24,35,37,39,47,51,54,61,71,73,74,75
51898;28.08.2026 08:47;1,8,9,15,20,30,34,35,36,38,42,46,52,54,55,57,60,62,71,72
51899;28.08.2026 08:52;1,4,5,12,16,19,21,24,30,32,42,46,53,54,65,68,71,74,75,78
51900;28.08.2026 08:57;3,5,8,9,12,15,17,22,26,38,39,42,51,52,57,61,65,69,71,76
51901;28.08.2026 09:02;1,6,7,10,13,15,23,24,29,34,38,39,43,47,49,60,66,74,75,77
51902;28.08.2026 09:07;3,11,13,14,15,18,20,23,27,30,32,33,34,42,60,63,64,66,67,79
51903;28.08.2026 09:12;6,12,13,16,24,27,29,30,33,39,40,46,51,55,58,59,62,63,70,77
51904;28.08.2026 09:17;1,3,7,9,10,15,16,20,24,29,35,40,53,54,56,58,64,66,67,80
51905;28.08.2026 09:22;7,10,20,23,24,26,29,35,39,40,42,44,47,50,54,61,67,68,69,72
51906;28.08.2026 09:27;6,8,10,11,12,15,17,19,22,32,35,41,42,50,55,56,58,63,64,65
51907;28.08.2026 09:32;1,11,21,33,35,36,45,48,49,52,53,58,59,62,64,68,69,72,79,80
51908;28.08.2026 09:37;1,7,10,11,12,21,23,29,31,33,41,43,45,47,50,54,58,59,73,78
51909;28.08.2026 09:42;2,5,10,13,19,21,23,26,27,29,36,41,43,45,50,57,58,61,66,71
51910;28.08.2026 09:47;12,17,19,23,27,28,31,32,41,44,46,53,54,64,68,71,72,74,75,80
51911;28.08.2026 09:52;2,3,4,8,12,16,19,20,22,25,37,44,45,51,60,65,68,71,77,79
51912;28.08.2026 09:57;4,5,7,8,14,20,22,30,31,45,47,55,57,64,65,69,73,75,78,79
51913;28.08.2026 10:02;4,5,8,12,15,19,21,26,30,31,34,45,50,56,62,64,65,66,74,78
51914;28.08.2026 10:07;1,5,7,21,25,27,32,33,34,35,36,46,48,49,56,60,63,65,67,75
51915;28.08.2026 10:12;1,5,16,17,19,26,34,35,40,46,48,49,54,60,64,67,70,75,78,80
51916;28.08.2026 10:17;7,9,13,20,21,29,35,38,44,45,47,48,52,53,56,64,67,72,76,78
51917;28.08.2026 10:22;4,7,11,14,19,23,26,28,36,39,41,44,48,50,51,52,54,64,65,74
51918;28.08.2026 10:27;3,8,12,14,34,36,38,41,44,47,50,51,60,61,62,65,67,70,71,79
51919;28.08.2026 10:32;2,3,4,7,8,17,22,27,29,35,39,47,51,57,62,65,69,74,75,78
51920;28.08.2026 10:37;5,7,9,16,17,25,27,28,35,40,46,49,52,56,60,62,64,72,78,79
51921;28.08.2026 10:42;1,6,7,12,13,15,19,23,24,36,44,47,52,53,54,71,73,75,76,79
51922;28.08.2026 10:47;4,8,15,22,33,38,44,46,54,55,56,57,58,61,65,66,69,70,78,79
51923;28.08.2026 10:52;3,5,6,16,18,20,21,22,24,31,32,33,43,51,56,58,66,67,68,78
51924;28.08.2026 10:57;2,8,9,10,16,19,20,22,24,26,30,37,42,45,52,56,64,70,73,74
51925;28.08.2026 11:02;7,9,11,13,19,20,22,23,24,40,44,49,53,55,62,64,65,66,71,80
51926;28.08.2026 11:07;1,2,3,7,15,16,18,19,20,30,34,36,38,40,42,51,53,62,63,79
51927;28.08.2026 11:12;3,5,13,14,15,18,22,26,35,42,43,48,51,57,64,65,67,70,72,78
51928;28.08.2026 11:17;8,9,10,19,20,22,41,42,47,48,49,54,57,63,64,67,70,73,74,78
51929;28.08.2026 11:22;1,4,10,19,20,21,23,24,28,37,40,42,43,44,45,47,49,62,78,80
51930;28.08.2026 11:27;1,2,8,10,13,14,19,21,25,29,33,42,44,45,46,60,64,69,73,76
51931;28.08.2026 11:32;2,11,17,22,23,25,28,29,30,31,33,37,42,46,48,49,54,59,69,80
51932;28.08.2026 11:37;2,3,4,7,13,15,20,22,32,35,37,43,47,49,51,54,58,67,72,73
51933;28.08.2026 11:42;2,8,9,13,20,22,30,31,34,46,47,53,58,61,62,63,65,68,73,77
51934;28.08.2026 11:47;4,14,15,18,19,26,27,30,35,47,49,50,54,55,60,64,75,77,79,80
51935;28.08.2026 11:52;1,3,11,12,13,15,18,27,31,36,42,46,48,58,60,63,68,69,70,80
51936;28.08.2026 11:57;3,10,11,16,17,22,24,27,31,33,44,45,48,49,56,59,67,68,75,79
51937;28.08.2026 12:02;5,9,13,17,22,26,27,28,44,46,52,53,54,57,61,70,71,75,76,80
51938;28.08.2026 12:07;2,8,9,10,18,25,32,33,42,43,63,64,66,67,68,70,71,72,75,76
51939;28.08.2026 12:12;1,12,15,16,21,22,26,38,47,48,49,51,53,54,56,72,73,77,78,79
51940;28.08.2026 12:17;10,17,18,21,25,27,29,30,33,42,48,50,51,52,57,65,69,72,73,77
51941;28.08.2026 12:22;1,2,9,14,17,23,24,30,35,44,48,49,59,60,62,68,71,72,77,80
51942;28.08.2026 12:27;2,11,12,18,22,27,30,31,37,38,39,46,47,50,58,59,60,62,73,79
51943;28.08.2026 12:32;1,7,9,12,14,15,17,21,25,28,45,46,51,56,57,62,63,67,76,79
51944;28.08.2026 12:37;1,5,9,11,25,26,32,36,41,48,49,59,60,62,64,65,68,74,77,78
51945;28.08.2026 12:42;2,7,9,16,17,21,24,27,28,33,41,44,49,54,56,57,61,73,76,78
51946;28.08.2026 12:47;1,2,7,10,11,13,15,22,24,26,42,43,44,48,52,53,55,57,66,78
51947;28.08.2026 12:52;1,3,14,17,19,25,28,39,40,45,48,50,51,55,57,58,65,66,75,77
51948;28.08.2026 12:57;7,9,10,11,14,15,18,19,23,24,38,41,49,50,51,58,72,77,79,80
51949;28.08.2026 13:02;8,10,11,12,18,21,29,37,40,42,43,47,50,52,58,66,68,70,71,72
51950;28.08.2026 13:07;5,13,17,19,20,22,23,32,36,38,39,47,48,53,58,59,63,66,78,79
51951;28.08.2026 13:12;3,9,11,17,21,24,28,35,37,39,44,45,60,61,62,64,65,71,72,79
51952;28.08.2026 13:17;7,12,18,19,21,24,31,34,37,40,45,50,51,52,56,61,64,71,72,74
51953;28.08.2026 13:22;5,6,8,14,17,18,24,26,30,34,48,53,58,60,65,70,72,73,76,80
51954;28.08.2026 13:27;7,8,10,13,14,16,19,20,21,26,30,39,46,56,57,58,71,72,74,75
51955;28.08.2026 13:32;3,9,12,17,22,23,24,27,29,30,37,51,56,57,61,64,71,72,73,74
51956;28.08.2026 13:37;3,9,15,21,22,26,32,33,35,37,38,41,50,53,57,64,67,68,77,79
51957;28.08.2026 13:42;11,12,19,20,21,22,25,26,30,33,43,50,54,62,68,69,70,71,74,76
51958;28.08.2026 13:47;4,5,7,8,9,12,20,30,32,39,41,45,48,50,54,63,66,68,72,75
51959;28.08.2026 13:52;1,5,15,18,19,31,33,36,37,38,40,54,56,60,62,65,74,76,78,79
51960;28.08.2026 13:57;2,16,17,23,30,31,35,39,43,49,50,54,58,62,64,66,67,68,69,76
51961;28.08.2026 14:02;2,8,26,35,36,37,40,42,46,47,50,54,55,61,65,66,68,74,77,80
51962;28.08.2026 14:07;1,10,18,20,22,25,27,34,36,41,44,45,50,53,57,63,65,66,70,77
51963;28.08.2026 14:12;2,3,5,8,11,12,14,19,30,31,37,41,43,48,50,55,60,61,64,76
51964;28.08.2026 14:17;1,5,8,9,16,17,21,23,25,34,40,44,56,58,59,63,64,69,70,80
51965;28.08.2026 14:22;5,7,14,23,26,28,30,35,39,43,45,47,48,55,59,60,64,72,73,76
51966;28.08.2026 14:27;6,7,9,13,20,26,30,31,39,43,46,47,48,49,57,68,69,72,76,79
51967;28.08.2026 14:32;1,4,5,6,19,20,30,32,33,35,42,45,46,48,50,52,54,58,70,74
51968;28.08.2026 14:37;2,4,5,8,10,13,16,18,22,24,25,29,36,40,41,42,46,51,59,65
51969;28.08.2026 14:42;5,6,16,20,22,24,26,28,30,31,32,41,45,46,49,57,65,68,71,75
51970;28.08.2026 14:47;2,3,4,7,13,22,24,25,30,32,33,40,42,47,51,54,56,57,61,63
51971;28.08.2026 14:52;1,9,10,12,13,15,17,22,26,39,45,50,53,54,55,57,72,74,78,80
51972;28.08.2026 14:57;1,6,10,16,26,27,30,37,39,43,44,48,50,57,64,65,70,74,75,80
51973;28.08.2026 15:02;2,5,7,11,23,30,31,33,35,37,38,50,55,56,57,61,62,63,68,74
51974;28.08.2026 15:07;4,6,22,36,40,44,48,49,56,59,60,61,65,68,71,73,75,76,77,78
51975;28.08.2026 15:12;1,8,13,14,17,24,25,28,29,30,50,59,61,62,68,69,70,76,77,78
51976;28.08.2026 15:17;7,12,16,18,21,22,26,28,33,39,43,48,49,50,51,67,70,74,75,77
51977;28.08.2026 15:22;5,12,20,21,29,30,33,40,47,48,54,60,61,62,63,69,71,74,75,79
51978;28.08.2026 15:27;2,3,5,13,15,20,21,26,27,28,35,43,49,50,52,54,59,64,72,80
51979;28.08.2026 15:32;2,4,14,16,17,20,27,29,34,42,46,48,51,54,56,57,62,68,72,77
51980;28.08.2026 15:37;1,6,9,12,15,16,23,24,25,28,32,33,35,43,53,58,64,66,70,74
51981;28.08.2026 15:42;1,5,14,15,17,21,28,29,31,37,38,39,43,51,52,56,64,68,77,79
51982;28.08.2026 15:47;4,13,15,18,32,41,43,48,50,58,60,61,63,66,67,70,71,73,74,80
51983;28.08.2026 15:52;2,5,6,7,11,16,26,30,33,35,38,40,45,46,61,63,66,69,73,77
51984;28.08.2026 15:57;2,13,18,39,40,41,45,51,54,63,66,67,68,69,71,73,74,75,78,80
51985;28.08.2026 16:02;6,11,15,21,27,29,34,39,42,43,45,53,55,56,58,62,69,74,79,80
51986;28.08.2026 16:07;2,5,7,8,9,14,26,29,31,43,44,45,46,48,50,57,69,71,78,79
51987;28.08.2026 16:12;4,8,9,10,19,20,23,26,29,32,35,38,39,41,44,51,59,62,64,79
51988;28.08.2026 16:17;4,8,11,17,20,26,31,32,37,38,41,42,44,48,49,52,58,63,71,79
51989;28.08.2026 16:22;3,5,7,9,10,11,17,20,29,31,33,34,47,57,63,68,69,75,78,80
51990;28.08.2026 16:27;7,8,10,13,16,18,19,23,27,28,37,43,52,59,60,61,65,66,71,74
51991;28.08.2026 16:32;1,9,12,22,23,26,35,43,46,47,50,52,55,59,66,67,73,77,78,80
51992;28.08.2026 16:37;4,5,9,10,13,14,24,26,33,39,43,47,54,57,58,60,64,73,74,80
51993;28.08.2026 16:42;4,5,6,8,9,14,26,27,29,30,31,32,37,38,48,63,64,68,70,74
51994;28.08.2026 16:47;4,19,21,24,36,39,40,41,43,47,50,51,58,59,62,63,67,72,78,79
51995;28.08.2026 16:52;5,6,13,23,24,34,38,43,47,48,49,51,54,55,59,61,62,65,68,76
51996;28.08.2026 16:57;8,20,22,23,24,30,34,35,37,38,41,42,48,50,55,59,62,63,73,79
51997;28.08.2026 17:02;7,12,13,21,23,28,32,33,36,38,39,43,45,51,53,54,57,62,69,74
51998;28.08.2026 17:07;5,12,15,17,18,24,27,30,37,44,50,51,52,54,55,58,59,65,68,79
51999;28.08.2026 17:12;1,2,6,9,11,15,16,20,22,26,29,41,46,51,56,59,67,68,70,77
52000;28.08.2026 17:17;1,3,8,14,17,26,27,28,29,43,44,45,47,50,52,53,58,63,64,77
52001;28.08.2026 17:22;3,5,8,9,10,12,13,15,22,23,25,33,37,44,56,58,59,69,78,80
52002;28.08.2026 17:27;1,10,14,18,19,21,25,27,28,31,37,40,42,45,48,52,54,67,75,78
52003;28.08.2026 17:32;1,3,16,17,18,21,31,33,41,43,44,51,52,53,54,57,65,70,72,77
52004;28.08.2026 17:37;3,8,9,10,17,22,26,27,28,35,41,47,49,55,57,60,64,65,67,70
52005;28.08.2026 17:42;3,15,18,24,31,32,33,35,38,39,41,43,48,56,59,61,64,66,69,74
52006;28.08.2026 17:47;4,5,8,15,16,18,19,24,27,29,35,36,40,43,45,47,49,57,64,68
52007;28.08.2026 17:52;1,11,14,16,23,25,27,31,45,46,49,50,52,53,55,60,63,65,70,73
52008;28.08.2026 17:57;2,3,5,7,14,20,24,27,33,35,45,49,56,57,61,65,67,68,72,80
52009;28.08.2026 18:02;1,4,8,9,10,19,21,36,39,40,41,45,54,58,62,68,70,72,74,79
52010;28.08.2026 18:07;2,7,8,11,13,14,16,20,28,29,30,33,45,46,52,55,60,64,79,80
52011;28.08.2026 18:12;5,9,10,15,16,18,19,23,28,29,30,34,43,48,55,56,58,60,62,72
52012;28.08.2026 18:17;2,4,7,13,14,18,21,23,26,29,30,40,43,48,53,57,62,67,71,79
52013;28.08.2026 18:22;1,7,14,23,29,32,34,42,48,52,53,54,55,56,61,66,71,77,79,80
52014;28.08.2026 18:27;9,10,11,20,22,26,27,28,43,45,47,52,54,55,56,58,61,62,64,78
52015;28.08.2026 18:32;10,12,13,14,17,20,27,29,33,37,38,39,44,48,51,62,66,70,74,78
52016;28.08.2026 18:37;2,5,7,12,13,16,17,30,31,35,45,47,49,53,55,58,65,67,78,79
52017;28.08.2026 18:42;2,3,6,8,19,20,23,27,30,34,36,38,55,58,63,64,66,69,72,73
52018;28.08.2026 18:47;1,3,6,10,15,22,27,34,39,49,51,53,57,60,66,68,70,71,72,73
52019;28.08.2026 18:52;5,11,15,16,19,21,23,25,26,28,29,34,35,37,42,43,45,47,54,67
52020;28.08.2026 18:57;2,4,6,9,12,17,23,24,28,29,40,47,48,53,57,61,69,70,75,78
52021;28.08.2026 19:02;3,7,12,23,27,30,32,33,40,41,42,45,48,61,62,65,71,74,79,80
52022;28.08.2026 19:07;3,4,13,16,20,22,25,28,37,39,40,50,54,56,59,63,66,76,78,80
52023;28.08.2026 19:12;9,13,20,21,27,28,32,33,41,44,46,48,57,60,65,66,67,68,69,79
52024;28.08.2026 19:17;1,5,7,10,15,16,27,29,31,35,40,42,47,49,51,52,56,60,71,75
52025;28.08.2026 19:22;9,10,17,18,19,20,24,27,30,37,42,44,45,46,56,59,61,62,63,64
52026;28.08.2026 19:27;1,2,7,12,15,17,18,20,22,32,33,41,44,54,56,62,63,71,72,79
52027;28.08.2026 19:32;1,3,7,15,19,22,24,26,48,50,52,54,56,63,65,67,69,76,77,80
52028;28.08.2026 19:37;1,10,11,14,20,28,31,38,39,40,41,42,45,46,48,57,61,68,73,75
52029;28.08.2026 19:42;5,8,11,15,22,24,28,36,39,42,43,45,49,58,61,66,72,74,78,79
52030;28.08.2026 19:47;15,16,19,27,29,37,40,42,43,45,51,52,54,58,64,68,71,72,75,80
52031;28.08.2026 19:52;1,6,18,21,22,24,30,32,36,43,45,51,52,58,60,66,69,70,73,74
52032;28.08.2026 19:57;12,17,18,21,27,28,30,32,41,42,43,44,55,56,59,64,65,72,73,79
52033;28.08.2026 20:02;7,9,10,17,19,20,22,23,26,44,45,51,53,54,56,57,62,76,78,79
52034;28.08.2026 20:07;4,8,10,15,18,21,39,45,47,52,55,59,64,68,69,70,71,76,77,78
52035;28.08.2026 20:12;6,8,18,21,22,27,36,39,44,46,57,58,59,62,64,68,70,72,74,77
52036;28.08.2026 20:17;2,3,8,18,23,25,27,29,32,33,43,44,46,48,49,50,62,63,65,79
52037;28.08.2026 20:22;4,5,6,7,17,19,21,24,25,26,30,48,49,52,53,55,59,66,76,78
52038;28.08.2026 20:27;8,10,16,22,25,32,33,37,41,43,47,48,51,53,54,58,59,64,72,77
52039;28.08.2026 20:32;5,8,14,16,19,20,21,24,26,33,35,37,43,53,57,61,68,70,76,80
52040;28.08.2026 20:37;1,7,8,9,10,12,17,19,33,39,43,48,49,53,54,60,62,75,78,79
52041;28.08.2026 20:42;4,6,14,15,16,18,27,32,35,37,47,48,54,57,62,65,70,71,78,80
52042;28.08.2026 20:47;2,4,5,6,13,15,16,21,23,27,28,30,32,36,43,49,58,59,61,63
52043;28.08.2026 20:52;1,5,14,19,26,27,28,39,42,45,46,48,52,53,54,57,62,66,67,75
52044;28.08.2026 20:57;1,12,14,24,26,31,32,34,35,37,39,43,49,56,58,63,64,71,75,80
52045;28.08.2026 21:02;4,13,14,26,29,31,32,36,37,39,43,44,47,53,54,56,68,76,78,80
52046;28.08.2026 21:07;10,12,17,18,19,21,23,26,27,29,32,41,42,46,51,52,62,68,70,73
52047;28.08.2026 21:12;8,12,15,16,22,33,36,41,42,48,55,56,57,63,65,67,69,72,77,78
52048;28.08.2026 21:17;2,3,4,9,12,14,16,26,31,33,34,35,36,37,42,45,55,65,69,73
52049;28.08.2026 21:22;2,8,16,21,24,25,36,38,43,44,54,55,58,59,60,63,67,75,77,80
52050;28.08.2026 21:27;1,9,13,14,15,18,20,23,33,38,42,48,52,61,62,66,68,70,72,73
52051;28.08.2026 21:32;1,4,12,14,18,24,25,26,30,37,45,53,56,66,71,74,75,77,78,80
52052;28.08.2026 21:37;4,6,11,14,16,18,30,32,38,43,44,45,46,47,48,52,55,56,64,75
52053;28.08.2026 21:42;6,8,11,13,30,35,39,41,45,47,48,51,53,60,63,65,67,69,74,80
52054;28.08.2026 21:47;4,17,19,29,30,32,33,35,37,38,39,42,45,46,47,54,63,65,67,78
52055;28.08.2026 21:52;5,9,17,18,19,20,28,37,39,43,45,55,58,60,62,66,71,74,77,80
52056;28.08.2026 21:57;4,11,12,19,22,27,32,33,37,38,41,50,51,53,54,57,68,74,77,80
52057;28.08.2026 22:02;14,17,21,22,24,30,31,34,36,44,47,48,49,54,56,67,69,71,73,77
52058;28.08.2026 22:07;3,10,17,20,23,25,32,35,36,40,42,45,47,49,51,57,59,71,74,77
52059;28.08.2026 22:12;1,6,9,17,23,24,30,33,35,38,42,52,53,54,60,63,65,66,70,75
52060;28.08.2026 22:17;5,7,10,15,16,24,26,27,35,40,41,43,49,55,61,62,67,68,75,76
52061;28.08.2026 22:22;3,6,7,8,9,10,11,12,30,33,34,36,41,43,44,55,56,61,70,80
52062;28.08.2026 22:27;6,7,9,20,21,22,23,24,28,29,30,31,41,42,51,54,56,57,74,79
52063;28.08.2026 22:32;3,4,5,6,15,21,26,27,35,37,38,39,42,46,56,57,61,64,66,78
52064;28.08.2026 22:37;5,8,12,13,15,16,25,40,49,50,58,66,67,69,71,72,73,74,78,79
52065;28.08.2026 22:42;8,10,16,20,21,25,26,30,31,32,36,38,41,43,53,56,61,62,64,75
52066;28.08.2026 22:47;3,6,8,9,10,13,19,21,25,34,35,38,40,60,65,69,71,75,79,80
52067;28.08.2026 22:52;1,5,14,17,21,27,34,35,38,39,42,43,46,47,53,57,59,67,71,76
52068;28.08.2026 22:57;2,7,9,11,19,23,27,31,35,37,38,42,44,49,58,59,60,61,65,69
52069;28.08.2026 23:02;2,3,7,9,22,25,26,32,39,40,41,43,52,54,58,61,64,67,68,78
52070;28.08.2026 23:07;3,4,6,11,16,18,21,24,38,40,41,46,48,49,63,64,65,71,77,79
52071;28.08.2026 23:12;1,4,5,6,7,9,11,13,15,25,35,37,38,41,42,46,50,61,78,79
52072;28.08.2026 23:17;2,8,10,17,18,22,30,32,45,48,50,51,54,61,63,65,66,70,77,78
52073;28.08.2026 23:22;1,3,14,23,29,37,38,39,40,43,44,46,50,65,68,69,72,76,77,79
52074;28.08.2026 23:27;2,5,6,8,11,15,16,25,28,30,31,33,35,39,43,46,56,61,72,79
52075;28.08.2026 23:32;1,3,4,8,10,16,20,21,28,29,37,42,45,47,48,50,53,60,64,80
52076;28.08.2026 23:37;9,13,15,18,19,25,29,33,43,44,45,46,47,53,64,65,66,67,77,79
52077;28.08.2026 23:42;1,4,9,18,21,22,23,25,36,40,41,44,47,51,54,59,61,63,76,79
52078;28.08.2026 23:47;3,4,5,15,17,21,25,27,32,34,39,42,47,52,55,58,67,70,71,75
52079;28.08.2026 23:52;2,6,12,19,23,24,27,33,34,39,43,46,51,57,64,69,71,72,75,77
52080;28.08.2026 23:57;4,12,15,16,20,21,24,28,31,34,41,44,54,56,60,62,65,69,71,79

===== 29.08.2026 | 217 ÇEKİLİŞ =====
52081;29.08.2026 00:02;1,2,12,15,18,24,27,29,30,31,35,41,48,49,54,59,60,61,72,75
52082;29.08.2026 00:07;5,9,14,17,21,23,26,29,33,39,50,54,55,56,58,59,65,67,73,75
52083;29.08.2026 00:12;4,6,14,15,28,33,34,38,39,40,42,46,47,53,57,63,65,71,74,79
52084;29.08.2026 00:17;3,8,10,13,17,20,22,24,38,42,48,54,58,59,61,71,72,75,76,80
52085;29.08.2026 00:22;2,6,17,18,24,28,29,30,45,47,50,56,57,60,65,71,75,78,79,80
52086;29.08.2026 00:27;2,4,5,8,13,14,20,21,25,26,29,35,37,48,51,58,62,71,74,79
52087;29.08.2026 00:32;3,7,10,14,17,22,27,28,37,41,46,48,54,55,57,62,69,75,77,79
52088;29.08.2026 00:37;1,4,13,18,20,21,23,24,27,28,30,33,36,38,39,41,47,53,60,67
52089;29.08.2026 00:42;1,2,3,8,12,13,14,15,23,26,29,33,42,56,60,67,72,73,75,77
52090;29.08.2026 00:47;3,5,7,9,14,20,30,36,37,41,52,59,60,65,66,67,69,71,74,76
52091;29.08.2026 00:52;4,5,10,13,20,28,31,36,37,39,45,47,53,55,61,67,69,75,76,77
52092;29.08.2026 00:57;7,25,32,36,38,39,40,41,42,45,51,53,54,58,59,69,70,73,77,79
52093;29.08.2026 01:02;12,18,23,25,27,29,31,33,36,42,52,57,58,59,62,65,72,76,77,78
52094;29.08.2026 07:02;3,4,8,9,14,15,20,22,26,36,39,40,42,43,48,54,65,73,78,79
52095;29.08.2026 07:07;2,8,12,23,29,36,37,43,45,47,52,54,58,59,60,64,69,71,74,78
52096;29.08.2026 07:12;6,9,12,15,16,22,30,34,38,48,51,55,56,57,59,68,70,74,76,78
52097;29.08.2026 07:17;1,3,11,20,26,28,33,37,40,41,53,54,56,58,59,61,62,63,69,71
52098;29.08.2026 07:22;6,8,12,14,15,16,19,24,27,32,36,38,43,47,51,57,60,63,65,70
52099;29.08.2026 07:27;4,11,12,19,21,23,25,26,28,32,33,41,42,43,45,51,60,61,74,78
52100;29.08.2026 07:32;1,2,8,13,16,26,29,40,43,51,57,58,59,61,65,67,68,75,76,78
52101;29.08.2026 07:37;2,3,8,12,16,24,27,30,31,34,38,43,46,52,58,69,70,71,74,80
52102;29.08.2026 07:42;6,17,31,32,35,36,39,40,42,43,47,48,53,54,56,59,64,68,74,80
52103;29.08.2026 07:47;2,10,11,12,18,19,26,35,36,38,47,48,53,59,64,66,71,73,78,80
52104;29.08.2026 07:52;1,6,22,25,26,31,32,33,36,38,39,46,51,53,64,67,70,72,77,79
52105;29.08.2026 07:57;2,4,7,9,15,16,17,22,23,27,30,33,37,40,48,49,59,61,63,80
52106;29.08.2026 08:02;6,7,8,15,21,25,26,33,38,40,50,51,52,53,58,66,69,73,74,77
52107;29.08.2026 08:07;2,8,9,20,23,27,30,36,37,39,44,46,54,56,59,60,62,64,71,72
52108;29.08.2026 08:12;4,9,14,22,27,29,30,32,36,37,39,40,48,50,55,56,63,68,75,76
52109;29.08.2026 08:17;1,2,13,14,15,25,26,27,29,37,38,49,51,52,53,54,71,74,75,76
52110;29.08.2026 08:22;2,4,5,8,16,19,31,34,39,40,41,53,62,64,65,66,69,71,75,79
52111;29.08.2026 08:27;1,2,8,11,12,13,14,16,18,19,32,33,40,41,49,50,57,59,70,71
52112;29.08.2026 08:32;2,5,6,7,12,14,19,20,24,25,31,34,35,45,48,59,60,61,71,78
52113;29.08.2026 08:37;3,5,9,12,14,15,17,30,34,37,46,50,57,61,62,64,66,71,72,75
52114;29.08.2026 08:42;3,4,5,12,15,16,17,19,20,23,26,32,36,47,68,70,72,77,78,79
52115;29.08.2026 08:47;4,11,12,13,15,16,19,35,37,40,44,48,57,58,62,65,68,70,72,76
52116;29.08.2026 08:52;2,4,9,12,20,21,23,24,26,39,41,47,52,53,55,59,73,74,77,79
52117;29.08.2026 08:57;1,4,8,12,16,17,21,23,32,35,37,42,54,55,62,64,66,67,68,80
52118;29.08.2026 09:02;7,8,11,17,18,19,27,38,39,43,45,48,53,54,60,63,64,65,73,79
52119;29.08.2026 09:07;3,6,11,18,19,23,29,32,33,48,53,59,60,65,71,73,74,75,79,80
52120;29.08.2026 09:12;1,3,4,9,15,16,18,24,28,36,39,45,48,49,50,55,58,60,68,73
52121;29.08.2026 09:17;3,17,22,23,27,29,36,37,41,49,51,54,60,61,66,68,70,72,74,77
52122;29.08.2026 09:22;1,2,9,16,20,21,24,26,30,35,38,49,50,54,57,59,60,65,78,79
52123;29.08.2026 09:27;7,8,11,12,22,24,27,28,38,40,42,46,54,55,58,61,63,69,73,79
52124;29.08.2026 09:32;3,14,15,17,22,25,29,30,35,42,43,46,50,60,61,67,70,71,78,80
52125;29.08.2026 09:37;4,7,14,15,16,18,20,23,25,53,58,59,60,61,68,70,73,74,77,80
52126;29.08.2026 09:42;1,2,3,7,13,16,17,21,23,29,35,37,42,51,59,61,62,65,72,75
52127;29.08.2026 09:47;4,5,8,12,19,22,24,26,27,28,37,38,44,45,46,52,53,54,58,61
52128;29.08.2026 09:52;6,7,12,13,14,19,23,33,34,36,42,43,44,48,56,62,64,67,70,76
52129;29.08.2026 09:57;1,5,8,9,15,16,23,27,30,34,36,41,43,50,51,55,58,59,71,75
52130;29.08.2026 10:02;4,7,11,14,19,21,22,30,31,34,40,43,44,50,59,60,63,74,75,76
52131;29.08.2026 10:07;2,18,21,31,34,44,45,48,49,50,52,53,57,58,64,66,68,71,73,78
52132;29.08.2026 10:12;2,6,7,8,12,16,18,30,40,43,45,48,51,54,56,57,67,69,75,76
52133;29.08.2026 10:17;2,4,6,11,12,13,18,21,30,33,38,39,44,45,51,60,64,65,75,79
52134;29.08.2026 10:22;8,10,14,17,18,19,22,24,25,28,29,31,37,40,43,46,53,60,61,70
52135;29.08.2026 10:27;6,8,10,12,13,19,20,21,27,33,37,45,46,48,54,55,65,69,73,77
52136;29.08.2026 10:32;6,17,26,29,31,33,38,40,43,45,46,47,51,54,60,66,72,76,77,80
52137;29.08.2026 10:37;5,6,10,15,16,23,27,29,38,39,42,43,48,60,65,68,71,77,78,79
52138;29.08.2026 10:42;4,6,7,11,12,21,26,34,38,41,47,49,50,52,72,73,74,76,77,79
52139;29.08.2026 10:47;3,10,13,18,29,31,32,38,40,49,52,56,57,58,62,63,67,69,73,80
52140;29.08.2026 10:52;7,11,15,20,23,25,27,36,39,40,42,45,55,58,63,64,69,70,75,79
52141;29.08.2026 10:57;3,15,17,25,30,36,37,39,48,50,52,53,56,57,59,62,64,66,77,79
52142;29.08.2026 11:02;2,3,4,11,13,17,19,23,28,29,31,32,34,40,45,51,53,56,58,70
52143;29.08.2026 11:07;2,9,12,15,23,24,31,36,38,45,48,50,52,58,61,64,66,72,74,77
52144;29.08.2026 11:12;6,10,11,16,17,30,36,38,39,42,45,48,56,57,59,65,67,73,76,78
52145;29.08.2026 11:17;4,5,8,16,17,19,23,28,32,33,35,40,42,44,45,55,57,63,74,75
52146;29.08.2026 11:22;3,6,11,13,20,24,27,29,36,38,42,47,48,49,51,58,66,71,75,76
52147;29.08.2026 11:27;14,15,20,21,25,30,34,38,43,48,58,60,61,62,63,64,70,72,74,80
52148;29.08.2026 11:32;1,2,3,8,11,16,19,20,25,29,32,34,35,37,42,57,60,62,73,76
52149;29.08.2026 11:37;3,10,17,21,25,26,29,31,32,37,42,46,51,55,60,65,67,71,75,77
52150;29.08.2026 11:42;1,4,9,10,11,12,16,22,24,27,30,43,46,52,56,59,62,64,69,74
52151;29.08.2026 11:47;2,6,8,10,12,20,24,34,35,36,43,46,57,60,61,65,67,68,73,75
52152;29.08.2026 11:52;12,16,23,27,34,35,42,45,48,53,54,57,64,65,66,71,74,76,78,79
52153;29.08.2026 11:57;2,6,7,10,22,23,26,27,32,38,43,46,52,54,59,63,65,69,71,79
52154;29.08.2026 12:02;8,15,21,32,33,36,37,38,41,44,50,53,54,55,60,62,63,69,77,80
52155;29.08.2026 12:07;1,7,10,13,14,17,19,20,26,27,28,50,52,59,62,67,71,76,79,80
52156;29.08.2026 12:12;5,7,9,11,16,18,24,27,29,32,38,39,40,47,50,55,57,59,62,64
52157;29.08.2026 12:17;14,17,20,21,22,23,31,32,40,47,52,56,58,59,63,65,67,69,71,80
52158;29.08.2026 12:22;4,6,9,10,13,16,17,24,26,27,32,35,39,42,51,52,64,74,75,80
52159;29.08.2026 12:27;10,17,37,40,42,45,46,48,50,52,54,57,58,61,62,66,67,69,70,75
52160;29.08.2026 12:32;4,19,22,25,26,29,35,36,39,41,47,51,52,53,58,59,71,72,76,77
52161;29.08.2026 12:37;1,5,6,7,10,11,20,22,29,34,51,52,63,64,65,73,74,76,79,80
52162;29.08.2026 12:42;3,6,7,9,11,15,20,21,29,38,42,45,50,51,64,68,70,75,77,80
52163;29.08.2026 12:47;7,8,9,10,18,20,22,29,39,40,43,44,48,54,56,62,71,77,78,80
52164;29.08.2026 12:52;4,8,20,30,32,40,42,43,44,51,57,62,64,68,69,70,72,75,79,80
52165;29.08.2026 12:57;3,6,7,18,26,35,37,38,41,45,48,50,55,56,57,69,71,76,77,78
52166;29.08.2026 13:02;5,6,13,19,25,29,30,38,45,46,50,55,58,62,63,66,72,75,76,78
52167;29.08.2026 13:07;3,7,10,14,21,23,26,36,37,45,46,50,51,56,60,61,62,70,72,74
52168;29.08.2026 13:12;3,5,8,11,14,18,24,30,31,33,34,36,43,48,51,57,59,61,75,77
52169;29.08.2026 13:17;4,5,8,15,16,26,29,36,39,47,54,56,57,65,68,69,77,78,79,80
52170;29.08.2026 13:22;3,7,9,15,16,20,22,26,27,30,38,46,49,54,57,63,65,66,74,77
52171;29.08.2026 13:27;8,9,19,22,26,32,41,42,44,47,51,53,57,61,64,65,67,70,73,75
52172;29.08.2026 13:32;5,6,7,16,20,22,31,37,41,42,45,49,59,60,61,62,69,70,74,79
52173;29.08.2026 13:37;2,3,4,8,20,21,25,34,37,40,50,54,57,68,69,71,74,76,77,80
52174;29.08.2026 13:42;1,2,5,12,25,27,32,35,37,46,49,50,55,58,60,62,66,74,77,79
52175;29.08.2026 13:47;1,2,3,4,8,30,31,33,36,38,44,48,51,53,64,65,67,77,79,80
52176;29.08.2026 13:52;2,4,5,6,7,10,15,24,29,35,36,40,43,55,56,58,60,75,76,77
52177;29.08.2026 13:57;3,10,15,19,28,29,30,32,37,44,45,47,59,60,61,67,72,74,78,79
52178;29.08.2026 14:02;6,15,16,17,22,25,27,28,34,38,40,42,51,52,56,62,68,71,76,80
52179;29.08.2026 14:07;2,8,12,23,24,26,27,42,50,51,52,54,57,60,63,67,72,74,75,79
52180;29.08.2026 14:12;1,2,3,7,12,13,14,18,24,30,32,35,36,37,40,44,48,60,75,79
52181;29.08.2026 14:17;6,14,19,25,29,31,32,38,48,50,55,56,57,58,61,62,64,69,72,77
52182;29.08.2026 14:22;8,13,22,34,35,37,42,44,45,46,47,55,56,59,66,71,72,76,79,80
52183;29.08.2026 14:27;1,2,3,8,15,26,36,41,48,51,52,56,62,65,66,68,70,72,75,77
52184;29.08.2026 14:32;3,7,8,11,16,17,24,25,29,33,34,36,41,45,46,50,62,70,76,80
52185;29.08.2026 14:37;1,2,8,13,19,26,29,32,35,43,47,49,51,52,59,61,67,75,76,79
52186;29.08.2026 14:42;1,2,5,6,10,17,22,30,31,34,37,38,44,53,54,63,65,70,78,80
52187;29.08.2026 14:47;1,2,4,10,22,27,31,35,47,50,53,57,59,62,67,68,74,75,76,79
52188;29.08.2026 14:52;8,15,23,30,31,32,35,36,37,39,40,41,43,44,47,60,61,63,67,76
52189;29.08.2026 14:57;6,12,13,17,22,24,30,36,42,45,49,53,59,62,64,66,74,77,79,80
52190;29.08.2026 15:02;3,8,9,13,23,30,33,36,41,42,43,50,51,55,67,68,70,72,77,79
52191;29.08.2026 15:07;7,8,19,20,27,34,41,50,52,53,55,56,60,62,68,70,71,75,79,80
52192;29.08.2026 15:12;5,7,8,13,18,21,29,30,33,39,47,50,53,55,56,62,63,71,72,76
52193;29.08.2026 15:17;1,4,8,15,17,20,21,24,28,30,31,32,37,39,47,60,69,71,77,79
52194;29.08.2026 15:22;1,4,15,17,19,23,27,29,32,35,36,42,54,57,61,67,70,72,77,79
52195;29.08.2026 15:27;2,12,15,17,23,27,28,33,34,35,36,38,40,51,52,53,55,56,61,62
52196;29.08.2026 15:32;1,6,7,8,17,23,24,25,26,31,33,35,40,47,54,55,58,59,73,75
52197;29.08.2026 15:37;8,10,16,17,30,32,36,37,39,40,42,43,49,50,51,59,60,61,72,77
52198;29.08.2026 15:42;4,13,15,33,34,39,44,48,53,57,59,62,67,69,73,74,76,77,78,79
52199;29.08.2026 15:47;5,9,10,11,20,35,42,45,53,55,56,57,58,61,68,70,72,74,79,80
52200;29.08.2026 15:52;4,7,9,21,22,23,26,27,29,37,41,42,43,49,50,55,69,73,78,79
52201;29.08.2026 15:57;9,10,11,16,18,20,21,24,29,35,36,37,40,55,56,58,61,68,69,79
52202;29.08.2026 16:02;4,5,12,16,21,26,27,28,33,35,41,48,51,55,61,63,64,73,76,80
52203;29.08.2026 16:07;6,7,8,9,14,21,26,27,29,42,44,46,48,60,61,62,65,67,70,71
52204;29.08.2026 16:12;16,20,21,25,26,30,32,35,36,40,43,44,47,48,52,54,57,62,69,80
52205;29.08.2026 16:17;3,4,8,24,25,26,33,40,41,42,43,44,62,64,65,67,69,71,74,75
52206;29.08.2026 16:22;14,16,20,23,25,27,31,33,35,37,43,48,53,54,55,56,58,61,72,78
52207;29.08.2026 16:27;10,19,21,24,29,30,32,36,40,43,45,51,54,58,61,72,74,76,79,80
52208;29.08.2026 16:32;4,13,17,23,28,38,39,44,46,49,54,58,64,65,66,68,69,73,75,80
52209;29.08.2026 16:37;2,6,7,13,15,16,24,29,32,34,49,53,54,63,64,68,72,74,75,77
52210;29.08.2026 16:42;2,7,12,14,19,20,25,29,37,39,40,48,49,50,59,70,71,74,78,80
52211;29.08.2026 16:47;4,16,22,27,28,32,33,34,39,43,46,47,52,54,55,59,64,65,69,74
52212;29.08.2026 16:52;3,8,12,13,19,27,31,35,37,43,45,48,50,52,54,55,65,66,68,69
52213;29.08.2026 16:57;2,5,11,12,18,19,28,32,36,37,38,42,49,51,52,64,71,72,75,80
52214;29.08.2026 17:02;3,6,8,12,15,21,22,27,28,34,35,39,43,46,51,60,64,71,74,75
52215;29.08.2026 17:07;2,4,5,7,18,22,24,26,34,38,41,50,53,55,58,59,60,73,77,80
52216;29.08.2026 17:12;1,6,14,16,18,22,35,43,44,47,50,52,53,57,58,63,64,75,76,79
52217;29.08.2026 17:17;12,16,18,23,24,29,31,32,37,41,42,45,47,50,58,66,68,71,79,80
52218;29.08.2026 17:22;1,4,13,16,17,26,29,30,36,40,43,44,62,65,66,72,75,76,77,79
52219;29.08.2026 17:27;5,6,10,14,28,31,38,40,45,49,51,55,56,67,68,69,72,73,74,78
52220;29.08.2026 17:32;5,10,11,16,20,21,22,23,24,31,33,36,40,45,47,50,51,57,58,59
52221;29.08.2026 17:37;6,9,11,14,15,19,20,27,32,37,38,42,44,46,48,50,73,76,78,79
52222;29.08.2026 17:42;12,19,28,35,36,37,40,47,48,50,53,56,57,58,60,71,72,74,77,78
52223;29.08.2026 17:47;1,12,24,26,28,29,30,33,38,44,50,52,54,57,58,66,71,74,77,80
52224;29.08.2026 17:52;3,4,10,11,23,28,38,43,44,45,47,51,54,56,59,64,67,74,75,77
52225;29.08.2026 17:57;5,9,16,17,21,29,30,32,35,39,40,41,45,46,47,54,62,63,69,71
52226;29.08.2026 18:02;5,10,13,15,24,34,37,38,42,45,46,48,54,57,58,59,61,68,74,78
52227;29.08.2026 18:07;2,3,5,9,10,15,16,17,19,22,23,25,28,30,32,44,48,51,63,77
52228;29.08.2026 18:12;2,3,6,12,13,16,21,23,28,43,53,54,57,58,60,62,66,68,75,76
52229;29.08.2026 18:17;2,4,7,8,12,13,15,18,29,30,32,34,47,49,50,51,53,63,72,77
52230;29.08.2026 18:22;4,6,13,14,25,27,28,30,35,37,44,46,47,57,61,67,68,73,77,80
52231;29.08.2026 18:27;3,4,12,18,22,33,36,38,39,42,45,50,54,57,63,67,70,73,75,76
52232;29.08.2026 18:32;1,3,12,19,26,31,33,38,40,43,46,52,57,59,62,66,67,71,72,75
52233;29.08.2026 18:37;2,9,10,12,14,15,21,24,36,41,42,48,51,53,56,59,62,64,68,77
52234;29.08.2026 18:42;7,9,11,20,21,22,25,31,36,37,52,55,56,60,63,67,70,72,77,78
52235;29.08.2026 18:47;4,5,10,14,21,22,31,39,40,48,55,59,60,62,64,70,72,75,77,78
52236;29.08.2026 18:52;1,8,14,16,18,19,24,32,35,37,40,44,45,47,51,54,60,65,70,71
52237;29.08.2026 18:57;3,4,11,12,13,19,21,23,25,27,28,33,47,48,50,63,71,72,73,80
52238;29.08.2026 19:02;1,2,5,7,9,10,11,17,18,25,28,39,41,42,44,57,58,67,68,77
52239;29.08.2026 19:07;14,15,20,22,24,28,29,42,43,45,46,50,55,57,59,63,65,70,75,77
52240;29.08.2026 19:12;5,6,7,8,9,10,20,22,26,31,32,43,45,47,53,59,65,71,73,75
52241;29.08.2026 19:17;3,5,6,14,16,19,21,32,42,43,48,56,57,63,64,66,71,76,77,78
52242;29.08.2026 19:22;3,7,8,12,15,16,19,20,25,27,28,32,33,37,42,45,50,60,61,73
52243;29.08.2026 19:27;10,17,18,23,25,26,28,36,37,41,45,46,50,55,58,61,62,66,70,76
52244;29.08.2026 19:32;7,10,14,17,19,23,25,26,27,28,37,42,44,55,57,58,60,67,74,75
52245;29.08.2026 19:37;4,6,14,15,18,20,22,24,27,36,40,44,50,51,55,58,61,62,64,74
52246;29.08.2026 19:42;2,6,7,16,24,25,27,28,30,32,43,44,46,54,57,62,65,68,72,75
52247;29.08.2026 19:47;11,15,16,18,27,30,31,33,37,41,47,54,55,56,59,61,65,69,71,72
52248;29.08.2026 19:52;4,11,18,19,20,24,29,32,33,36,37,38,47,49,52,62,69,75,77,78
52249;29.08.2026 19:57;1,3,6,7,8,10,12,15,17,19,22,25,26,31,39,47,54,63,78,80
52250;29.08.2026 20:02;3,7,11,20,43,45,48,50,51,53,55,58,60,66,68,69,70,72,73,75
52251;29.08.2026 20:07;1,2,7,12,15,16,41,42,46,47,50,51,56,57,58,63,66,69,75,79
52252;29.08.2026 20:12;4,7,10,12,18,19,34,37,39,40,41,43,46,50,64,69,72,74,77,80
52253;29.08.2026 20:17;1,4,18,19,20,22,24,26,29,32,34,36,40,44,50,52,55,56,66,80
52254;29.08.2026 20:22;14,19,20,23,27,31,35,41,42,45,47,51,52,55,61,62,67,72,79,80
52255;29.08.2026 20:27;1,2,5,6,18,20,21,25,33,35,42,46,52,61,64,72,75,76,78,79
52256;29.08.2026 20:32;1,11,17,19,24,25,29,31,33,34,39,43,55,56,57,61,67,69,73,74
52257;29.08.2026 20:37;2,7,10,16,17,25,29,34,47,50,54,58,60,65,66,67,68,70,75,79
52258;29.08.2026 20:42;8,11,17,18,19,20,36,43,45,53,54,57,59,64,65,68,70,73,74,80
52259;29.08.2026 20:47;1,15,17,18,24,31,33,39,43,47,52,54,56,60,65,66,72,75,78,79
52260;29.08.2026 20:52;4,5,11,12,20,21,31,37,38,44,46,50,52,54,55,62,71,77,78,79
52261;29.08.2026 20:57;2,5,8,10,14,15,18,23,25,33,35,36,43,47,52,53,62,63,68,70
52262;29.08.2026 21:02;2,3,6,8,9,10,12,13,15,17,33,35,37,41,49,50,69,74,77,80
52263;29.08.2026 21:07;1,3,4,7,8,10,19,20,22,28,49,57,59,62,67,70,71,74,76,80
52264;29.08.2026 21:12;1,4,8,9,15,22,24,25,28,32,33,34,44,45,49,52,55,60,66,78
52265;29.08.2026 21:17;4,5,7,12,18,19,23,24,27,31,33,39,46,55,56,58,64,66,69,79
52266;29.08.2026 21:22;5,6,10,15,20,22,25,26,31,38,46,48,52,53,56,57,59,76,78,80
52267;29.08.2026 21:27;1,4,10,12,15,20,22,31,33,37,42,46,47,51,52,57,62,65,67,75
52268;29.08.2026 21:32;2,5,7,9,10,13,14,22,28,31,36,39,41,42,52,53,55,67,71,72
52269;29.08.2026 21:37;3,7,16,18,26,31,33,43,48,57,58,62,63,64,66,67,68,70,75,77
52270;29.08.2026 21:42;7,19,22,23,25,26,27,30,42,45,48,53,56,60,63,64,67,68,72,79
52271;29.08.2026 21:47;2,7,18,20,21,23,28,30,32,34,40,51,59,61,62,63,66,68,78,79
52272;29.08.2026 21:52;2,5,6,8,9,14,24,26,34,36,38,42,46,47,52,53,55,57,70,79
52273;29.08.2026 21:57;1,2,7,14,18,19,22,23,24,34,38,43,49,50,58,60,68,69,74,79
52274;29.08.2026 22:02;3,4,5,6,14,19,20,22,25,28,34,35,38,46,50,58,68,71,74,78
52275;29.08.2026 22:07;2,5,7,9,11,12,13,15,17,18,19,21,29,44,50,59,61,66,71,80
52276;29.08.2026 22:12;3,5,8,14,16,18,26,36,39,46,49,50,52,53,57,61,62,73,75,78
52277;29.08.2026 22:17;1,3,7,8,23,27,33,35,46,55,56,59,62,65,66,67,72,74,76,77
52278;29.08.2026 22:22;1,3,6,9,15,16,18,19,25,26,29,41,49,51,53,56,57,62,64,80
52279;29.08.2026 22:27;16,17,20,22,23,24,25,26,27,31,43,47,54,55,57,63,64,68,72,75
52280;29.08.2026 22:32;1,2,5,11,12,15,20,22,23,34,40,45,52,57,60,63,68,73,78,79
52281;29.08.2026 22:37;2,9,12,19,26,28,35,41,48,51,55,57,59,64,66,67,69,71,73,76
52282;29.08.2026 22:42;5,6,18,20,22,25,27,31,33,34,36,49,50,51,57,59,61,63,66,67
52283;29.08.2026 22:47;6,10,11,23,24,26,29,32,34,41,56,57,60,61,64,69,70,72,74,75
52284;29.08.2026 22:52;2,13,17,18,19,21,24,30,35,36,42,44,50,59,60,66,70,71,72,76
52285;29.08.2026 22:57;8,13,20,21,23,24,26,30,35,41,45,46,48,60,62,64,65,67,68,78
52286;29.08.2026 23:02;5,10,11,17,21,23,27,29,35,36,41,44,48,55,59,62,66,70,77,79
52287;29.08.2026 23:07;6,14,15,16,18,21,25,26,41,43,49,52,55,61,63,67,68,73,79,80
52288;29.08.2026 23:12;3,12,17,24,26,32,35,36,38,40,45,46,48,57,58,60,61,70,74,77
52289;29.08.2026 23:17;2,8,10,13,21,27,28,32,35,38,41,47,49,50,52,61,67,69,73,79
52290;29.08.2026 23:22;1,4,7,8,13,14,17,18,22,26,38,40,46,47,48,50,52,69,73,80
52291;29.08.2026 23:27;11,12,13,38,40,41,43,45,51,54,59,65,66,68,70,71,72,73,74,80
52292;29.08.2026 23:32;1,3,6,7,18,21,26,32,42,44,47,48,50,51,52,56,59,64,72,79
52293;29.08.2026 23:37;1,7,18,21,24,28,29,31,35,40,41,49,54,56,57,63,64,70,78,80
52294;29.08.2026 23:42;1,3,8,11,16,18,30,33,39,52,53,54,56,57,60,62,68,69,79,80
52295;29.08.2026 23:47;2,5,7,17,19,24,26,31,32,35,38,46,48,49,54,55,63,69,72,77
52296;29.08.2026 23:52;7,14,16,22,27,29,30,35,37,42,45,47,50,51,54,55,68,75,77,79
52297;29.08.2026 23:57;1,2,6,7,10,12,19,25,29,30,32,33,42,44,47,55,60,63,72,76

===== 30.08.2026 | 217 ÇEKİLİŞ =====
52298;30.08.2026 00:02;7,8,11,14,18,19,30,44,46,48,49,53,54,56,57,64,69,71,72,74
52299;30.08.2026 00:07;2,4,11,14,20,22,26,28,32,34,36,40,48,51,53,54,63,69,71,74
52300;30.08.2026 00:12;11,12,18,19,22,26,28,30,36,42,48,56,57,60,64,68,70,74,75,78
52301;30.08.2026 00:17;4,9,12,15,18,23,36,42,44,48,52,55,56,65,70,73,76,77,78,80
52302;30.08.2026 00:22;1,3,5,6,7,11,28,29,33,38,42,43,48,53,54,61,66,67,73,76
52303;30.08.2026 00:27;1,8,11,13,15,17,20,26,32,34,37,42,47,55,57,67,70,71,75,77
52304;30.08.2026 00:32;1,2,8,9,16,19,21,24,26,34,37,43,52,57,59,67,69,73,75,76
52305;30.08.2026 00:37;4,9,13,14,17,29,33,34,44,45,47,52,58,64,65,70,72,76,77,79
52306;30.08.2026 00:42;2,4,10,12,13,19,21,31,32,34,40,48,49,50,51,54,56,69,74,77
52307;30.08.2026 00:47;5,16,19,20,22,23,25,26,28,35,38,39,47,49,51,54,59,62,64,65
52308;30.08.2026 00:52;18,21,22,25,26,31,34,36,37,40,44,48,49,53,55,58,64,65,66,71
52309;30.08.2026 00:57;1,2,7,11,13,25,26,27,33,36,37,39,40,42,44,48,49,51,60,66
52310;30.08.2026 01:02;3,4,5,14,26,30,33,42,44,48,50,53,56,57,62,65,68,72,78,79
52311;30.08.2026 07:02;3,5,8,10,11,13,14,17,22,23,30,35,45,46,62,71,72,73,75,79
52312;30.08.2026 07:07;4,5,7,8,11,17,19,26,29,38,40,41,42,46,47,55,56,58,63,69
52313;30.08.2026 07:12;2,6,9,13,17,20,27,28,36,42,44,46,47,54,68,69,71,72,76,80
52314;30.08.2026 07:17;5,11,14,19,23,24,33,37,39,42,43,44,46,53,64,69,72,74,76,77
52315;30.08.2026 07:22;4,7,8,9,15,18,22,24,27,35,41,42,45,47,49,58,60,61,70,71
52316;30.08.2026 07:27;5,8,10,12,14,16,21,24,26,33,40,51,58,64,70,71,76,77,79,80
52317;30.08.2026 07:32;2,8,10,12,13,15,18,24,25,37,39,42,51,54,55,59,65,68,74,79
52318;30.08.2026 07:37;3,5,6,8,9,16,17,29,36,39,40,43,45,49,50,54,60,64,69,77
52319;30.08.2026 07:42;6,10,12,13,18,24,25,29,30,31,34,45,46,50,62,65,70,73,79,80
52320;30.08.2026 07:47;5,6,10,14,15,17,20,24,29,31,32,45,46,48,49,50,59,62,66,67
52321;30.08.2026 07:52;2,5,7,11,14,18,19,36,40,43,44,45,50,53,64,65,71,72,74,80
52322;30.08.2026 07:57;3,5,10,12,13,17,22,24,32,36,37,39,48,56,57,62,64,65,71,76
52323;30.08.2026 08:02;7,12,14,28,30,36,40,43,44,45,47,48,52,53,57,63,65,67,73,80
52324;30.08.2026 08:07;6,12,13,20,21,27,35,40,43,52,56,57,58,60,69,73,74,76,77,79
52325;30.08.2026 08:12;1,4,9,13,14,17,19,24,26,31,32,35,43,52,58,63,64,65,73,78
52326;30.08.2026 08:17;1,5,14,15,17,25,33,38,41,42,44,49,54,61,62,66,68,70,77,79
52327;30.08.2026 08:22;2,3,5,6,8,12,14,28,34,37,42,47,50,52,53,59,70,71,75,80
52328;30.08.2026 08:27;1,3,10,11,14,19,20,21,28,31,32,43,44,45,46,52,70,72,73,79
52329;30.08.2026 08:32;6,7,10,12,14,16,27,37,40,43,45,46,50,51,57,58,61,64,65,67
52330;30.08.2026 08:37;3,5,7,11,14,17,25,28,40,44,47,50,52,55,56,61,63,67,68,69
52331;30.08.2026 08:42;1,3,8,15,18,19,21,24,27,29,33,37,43,51,58,65,68,70,71,75
52332;30.08.2026 08:47;2,4,7,9,11,12,17,22,24,25,27,31,35,42,45,53,54,69,77,80
52333;30.08.2026 08:52;3,8,10,19,20,21,28,30,38,46,53,54,56,58,59,63,65,74,77,79
52334;30.08.2026 08:57;1,3,15,17,18,22,32,33,34,35,40,49,54,55,58,65,66,67,73,80
52335;30.08.2026 09:02;4,5,7,13,16,19,25,27,32,34,38,54,55,56,59,61,62,66,73,78
52336;30.08.2026 09:07;2,4,5,6,8,13,16,23,24,28,35,37,45,50,53,58,62,71,76,78
52337;30.08.2026 09:12;3,12,19,20,26,31,36,39,46,50,51,53,57,58,62,65,66,68,73,77
52338;30.08.2026 09:17;3,6,18,20,22,25,29,34,37,40,45,53,58,66,69,70,71,72,74,77
52339;30.08.2026 09:22;2,3,6,10,11,20,26,36,38,44,46,55,62,63,67,69,71,77,79,80
52340;30.08.2026 09:27;9,14,24,26,35,37,38,40,44,51,52,57,58,59,60,62,65,70,72,75
52341;30.08.2026 09:32;2,3,13,15,18,25,29,33,36,37,40,48,52,60,63,64,68,70,75,76
52342;30.08.2026 09:37;3,8,11,13,18,24,25,29,31,36,38,44,45,47,59,62,65,67,68,70
52343;30.08.2026 09:42;13,15,16,22,28,36,38,45,50,51,53,56,59,60,69,70,75,77,78,79
52344;30.08.2026 09:47;4,13,15,16,19,22,31,38,42,49,50,53,56,60,61,63,75,76,79,80
52345;30.08.2026 09:52;3,6,12,18,27,28,29,30,31,38,45,46,56,59,60,61,63,66,68,72
52346;30.08.2026 09:57;3,8,9,11,14,17,18,22,27,35,36,38,41,53,55,58,59,73,77,80
52347;30.08.2026 10:02;3,5,9,11,12,18,22,28,44,46,48,52,56,58,63,64,71,72,75,76
52348;30.08.2026 10:07;6,9,10,11,13,16,22,26,30,33,35,39,40,47,53,60,61,71,73,74
52349;30.08.2026 10:12;2,6,10,12,14,15,18,21,25,33,36,44,47,49,51,63,69,74,75,79
52350;30.08.2026 10:17;2,3,8,9,13,14,17,23,24,25,31,36,37,43,51,54,64,68,78,79
52351;30.08.2026 10:22;5,12,13,16,17,21,34,35,37,42,44,47,52,53,60,61,62,63,64,69
52352;30.08.2026 10:27;1,8,12,15,24,26,29,31,33,34,36,37,39,43,44,47,69,75,79,80
52353;30.08.2026 10:32;5,6,7,13,14,18,25,31,32,33,37,46,52,55,60,65,66,68,74,77
52354;30.08.2026 10:37;4,11,12,20,29,36,37,38,39,42,43,46,49,50,53,54,61,63,70,76
52355;30.08.2026 10:42;3,4,5,6,7,8,25,29,42,43,44,46,53,56,64,72,73,75,76,77
52356;30.08.2026 10:47;2,7,10,16,21,24,27,30,31,38,40,43,54,60,62,68,69,71,79,80
52357;30.08.2026 10:52;1,10,17,26,32,33,38,40,47,53,55,56,59,60,62,63,67,69,70,75
52358;30.08.2026 10:57;5,8,9,16,17,36,43,47,49,51,52,56,59,62,63,69,70,75,79,80
52359;30.08.2026 11:02;1,3,8,13,17,24,31,32,39,42,43,46,47,60,63,65,68,70,77,78
52360;30.08.2026 11:07;4,9,11,15,16,22,23,35,41,44,45,49,50,53,58,59,63,67,68,78
52361;30.08.2026 11:12;5,8,13,16,17,24,26,28,31,33,35,38,39,42,52,57,58,59,70,72
52362;30.08.2026 11:17;7,17,24,30,34,36,40,42,44,45,51,59,60,63,64,67,69,73,75,76
52363;30.08.2026 11:22;3,5,9,11,19,26,30,31,33,45,49,53,54,55,56,58,62,71,74,78
52364;30.08.2026 11:27;6,7,11,12,26,32,33,36,39,41,44,49,51,54,56,59,61,65,70,76
52365;30.08.2026 11:32;2,10,12,14,15,18,22,25,27,36,44,45,50,52,57,60,61,71,73,74
52366;30.08.2026 11:37;3,9,17,23,25,27,28,29,30,31,36,39,45,48,52,56,63,67,76,78
52367;30.08.2026 11:42;9,13,18,21,23,30,32,34,42,44,46,55,56,60,62,70,72,73,74,77
52368;30.08.2026 11:47;3,21,25,28,35,38,40,44,46,48,52,54,55,58,59,60,69,76,77,78
52369;30.08.2026 11:52;5,13,16,20,27,32,37,38,45,48,51,52,53,57,60,66,70,71,73,74
52370;30.08.2026 11:57;6,8,12,14,15,19,24,32,34,38,40,44,45,46,59,60,61,67,73,76
52371;30.08.2026 12:02;4,9,14,15,19,21,22,25,39,43,44,45,51,54,58,64,67,68,77,78
52372;30.08.2026 12:07;6,12,13,14,15,16,19,20,23,28,29,35,42,43,44,51,60,64,65,78
52373;30.08.2026 12:12;8,9,17,18,27,33,35,38,39,41,42,53,55,57,60,61,68,73,75,78
52374;30.08.2026 12:17;1,4,5,6,8,10,15,22,26,27,41,47,50,53,54,55,57,60,61,72
52375;30.08.2026 12:22;4,5,10,16,19,22,27,30,31,35,37,41,44,52,54,58,69,70,78,80
52376;30.08.2026 12:27;13,14,20,21,24,25,31,34,36,39,45,49,53,54,61,62,64,72,74,78
52377;30.08.2026 12:32;4,11,14,22,25,31,33,43,46,48,49,51,60,65,70,71,74,77,79,80
52378;30.08.2026 12:37;7,12,16,18,21,28,30,33,34,36,40,54,60,63,64,68,72,73,77,80
52379;30.08.2026 12:42;9,20,21,23,25,28,33,34,36,40,42,44,55,64,67,70,71,72,76,79
52380;30.08.2026 12:47;5,7,11,18,21,24,25,28,29,34,36,37,47,52,54,57,65,71,74,77
52381;30.08.2026 12:52;2,11,15,23,24,32,40,44,47,48,52,57,58,59,61,65,69,74,76,78
52382;30.08.2026 12:57;2,11,12,15,21,24,29,30,41,42,46,55,57,65,67,73,74,76,77,79
52383;30.08.2026 13:02;2,7,13,16,29,31,40,42,49,52,53,56,57,58,62,65,67,70,73,78
52384;30.08.2026 13:07;1,5,11,13,14,16,21,22,25,32,45,46,49,50,55,65,66,73,77,79
52385;30.08.2026 13:12;5,7,16,17,20,23,25,26,27,28,30,34,40,44,45,48,51,52,58,69
52386;30.08.2026 13:17;6,10,19,21,22,29,30,39,41,42,48,49,51,59,66,68,70,71,79,80
52387;30.08.2026 13:22;3,4,9,11,12,14,15,16,17,27,31,39,41,43,50,58,59,68,76,80
52388;30.08.2026 13:27;5,12,14,20,21,26,32,34,45,47,51,54,57,58,63,65,66,68,74,77
52389;30.08.2026 13:32;2,4,8,10,12,17,26,37,40,41,42,43,54,55,58,65,66,71,72,78
52390;30.08.2026 13:37;4,5,7,10,16,19,31,35,36,44,45,48,58,66,68,69,71,74,75,77
52391;30.08.2026 13:42;8,9,13,14,15,17,21,25,26,28,29,36,44,51,58,65,67,71,73,75
52392;30.08.2026 13:47;2,5,9,11,14,17,25,26,27,32,43,44,45,51,58,68,72,73,74,76
52393;30.08.2026 13:52;5,9,12,13,15,22,23,27,28,30,32,39,40,42,43,58,67,71,74,75
52394;30.08.2026 13:57;2,4,6,7,11,15,20,25,37,43,44,46,57,59,63,69,72,74,75,80
52395;30.08.2026 14:02;6,8,22,25,29,30,34,38,39,47,48,52,58,60,64,67,68,70,71,75
52396;30.08.2026 14:07;3,4,5,7,8,18,24,28,35,39,40,49,50,54,58,59,68,74,75,77
52397;30.08.2026 14:12;3,6,7,8,11,12,13,19,31,36,39,48,55,56,63,64,69,71,72,76
52398;30.08.2026 14:17;1,3,6,7,10,13,16,17,20,32,34,39,52,58,64,68,69,72,75,79
52399;30.08.2026 14:22;1,4,7,11,17,23,28,33,34,35,39,40,48,51,54,67,70,71,72,78
52400;30.08.2026 14:27;5,10,15,17,19,24,26,30,31,36,37,49,53,56,57,65,70,71,76,77
52401;30.08.2026 14:32;7,15,17,20,26,38,40,43,46,48,50,52,54,63,71,72,73,74,77,79
52402;30.08.2026 14:37;4,7,19,20,21,23,25,26,39,42,49,51,52,61,62,68,71,75,76,79
52403;30.08.2026 14:42;4,5,7,16,17,21,23,27,28,31,36,49,57,59,60,62,67,68,74,78
52404;30.08.2026 14:47;1,2,5,7,8,11,14,15,16,20,23,24,37,41,47,61,62,67,71,78
52405;30.08.2026 14:52;2,3,5,6,9,17,20,24,25,29,35,38,40,44,50,55,63,69,71,80
52406;30.08.2026 14:57;2,4,7,8,11,20,21,23,24,27,41,45,46,50,63,66,67,74,77,79
52407;30.08.2026 15:02;3,10,13,16,21,23,24,38,46,58,59,65,68,69,73,75,76,77,78,79
52408;30.08.2026 15:07;2,4,8,11,16,20,25,27,30,35,36,39,41,44,48,49,52,57,64,67
52409;30.08.2026 15:12;1,4,10,11,21,30,38,39,42,44,46,49,51,61,64,66,68,73,75,80
52410;30.08.2026 15:17;1,2,3,7,9,11,13,15,17,25,27,34,39,41,42,45,50,58,60,62
52411;30.08.2026 15:22;1,5,7,12,13,16,17,18,25,27,28,37,44,53,56,60,61,68,73,80
52412;30.08.2026 15:27;4,17,20,23,25,28,31,35,38,39,42,46,52,58,62,63,66,71,78,80
52413;30.08.2026 15:32;7,11,13,14,18,19,20,24,29,31,35,42,44,52,55,64,67,75,76,79
52414;30.08.2026 15:37;3,4,6,28,29,35,41,42,45,52,59,63,67,68,69,70,72,73,77,80
52415;30.08.2026 15:42;5,10,13,14,19,26,28,30,32,33,35,39,43,44,50,56,59,73,78,79
52416;30.08.2026 15:47;7,8,11,13,21,34,36,37,38,42,44,51,54,55,56,62,70,71,72,77
52417;30.08.2026 15:52;5,6,9,11,14,22,33,34,37,39,42,50,60,62,64,65,66,67,77,78
52418;30.08.2026 15:57;3,6,9,17,24,28,29,43,44,45,46,51,53,61,66,70,72,74,75,80
52419;30.08.2026 16:02;3,13,14,17,21,22,25,27,29,31,34,36,44,53,56,61,67,73,74,77
52420;30.08.2026 16:07;1,3,4,7,8,10,14,19,23,30,31,34,38,43,50,62,66,72,77,79
52421;30.08.2026 16:12;2,4,9,11,12,14,18,24,28,31,36,39,42,47,65,69,71,72,76,77
52422;30.08.2026 16:17;6,11,14,17,21,22,24,25,27,32,39,43,44,54,56,63,64,66,67,68
52423;30.08.2026 16:22;1,7,16,18,22,26,27,29,39,40,41,44,47,54,55,59,62,65,77,79
52424;30.08.2026 16:27;1,2,3,5,13,14,20,21,23,24,37,47,49,50,57,65,66,76,78,79
52425;30.08.2026 16:32;1,5,6,15,16,26,27,32,35,47,49,53,55,57,60,61,67,74,77,78
52426;30.08.2026 16:37;3,5,11,19,28,29,31,33,36,40,43,44,45,52,53,57,65,70,71,73
52427;30.08.2026 16:42;8,9,11,12,20,22,23,29,40,46,48,59,63,65,66,68,75,76,78,79
52428;30.08.2026 16:47;6,10,16,17,23,25,27,28,29,30,34,40,42,53,55,58,61,63,64,78
52429;30.08.2026 16:52;7,9,19,24,25,29,35,36,38,46,51,52,53,56,59,61,63,69,76,79
52430;30.08.2026 16:57;9,14,21,32,35,49,50,52,54,57,60,65,67,69,70,74,76,77,78,80
52431;30.08.2026 17:02;6,10,11,15,18,19,33,34,42,45,49,53,54,55,58,59,62,64,73,77
52432;30.08.2026 17:07;2,4,12,19,28,29,37,39,42,44,51,56,62,64,65,66,70,75,76,78
52433;30.08.2026 17:12;2,10,18,21,23,28,29,31,32,36,37,38,41,46,59,62,70,71,72,73
52434;30.08.2026 17:17;12,15,19,20,22,28,29,35,36,38,40,44,45,50,54,56,64,73,76,78
52435;30.08.2026 17:22;8,14,15,16,19,21,23,30,40,47,49,52,54,55,58,61,63,64,67,79
52436;30.08.2026 17:27;5,6,7,9,12,17,18,21,38,40,43,44,47,59,60,64,65,73,75,77
52437;30.08.2026 17:32;3,8,9,10,11,16,19,20,21,23,25,26,36,39,40,48,59,66,74,78
52438;30.08.2026 17:37;1,9,17,20,25,32,34,36,37,38,41,42,47,48,55,63,65,68,71,74
52439;30.08.2026 17:42;1,9,10,11,17,19,20,23,26,29,31,37,40,51,54,65,67,68,71,77
52440;30.08.2026 17:47;6,8,10,11,22,27,37,42,56,57,61,63,65,68,69,70,71,75,79,80
52441;30.08.2026 17:52;1,3,5,8,13,14,19,22,24,30,37,41,43,55,63,68,70,72,74,80
52442;30.08.2026 17:57;3,6,11,12,15,17,19,22,23,24,32,37,40,43,44,57,62,68,76,80
52443;30.08.2026 18:02;4,12,13,15,30,31,33,41,42,46,51,52,56,57,60,62,66,69,76,77
52444;30.08.2026 18:07;2,9,14,18,20,21,22,27,28,31,39,43,44,54,56,62,66,75,78,79
52445;30.08.2026 18:12;12,15,18,21,27,28,30,32,33,38,43,49,50,51,53,54,56,74,76,77
52446;30.08.2026 18:17;1,11,19,27,28,30,40,41,45,47,48,50,56,60,62,63,73,76,79,80
52447;30.08.2026 18:22;5,6,9,13,16,17,19,20,21,38,39,42,43,51,57,61,68,70,77,78
52448;30.08.2026 18:27;4,10,15,19,27,33,34,42,43,49,54,57,59,60,61,62,67,68,73,74
52449;30.08.2026 18:32;1,6,8,9,14,20,21,22,25,35,43,45,48,49,50,59,64,71,75,79
52450;30.08.2026 18:37;1,10,11,15,24,42,48,54,55,56,57,60,68,70,72,73,75,76,77,78
52451;30.08.2026 18:42;3,7,12,14,15,16,27,33,48,54,55,58,60,61,63,64,68,70,71,79
52452;30.08.2026 18:47;4,6,10,14,20,34,39,42,44,47,48,56,60,62,63,64,65,66,68,74
52453;30.08.2026 18:52;1,3,6,10,16,17,19,23,33,38,42,45,51,54,55,58,60,66,68,77
52454;30.08.2026 18:57;1,9,11,13,16,17,18,19,21,24,29,40,51,53,59,69,70,75,76,79
52455;30.08.2026 19:02;2,4,5,11,12,15,17,22,28,33,39,43,50,52,53,56,71,73,74,79
52456;30.08.2026 19:07;2,5,6,12,17,19,20,24,27,29,30,38,39,43,46,54,61,66,72,77
52457;30.08.2026 19:12;4,15,16,20,23,25,30,35,36,38,45,46,60,61,62,65,69,71,79,80
52458;30.08.2026 19:17;1,7,11,12,13,14,32,34,36,38,39,44,51,53,56,67,69,70,75,76
52459;30.08.2026 19:22;2,6,10,13,18,19,21,22,25,27,30,35,40,51,53,57,59,68,71,72
52460;30.08.2026 19:27;5,9,10,12,19,26,33,37,42,44,51,53,61,66,67,69,71,73,76,78
52461;30.08.2026 19:32;4,6,9,14,27,28,29,37,45,48,49,50,51,52,53,60,65,67,68,75
52462;30.08.2026 19:37;4,6,8,12,13,15,16,18,25,32,33,36,45,50,54,58,61,64,67,72
52463;30.08.2026 19:42;8,10,13,23,24,30,31,32,33,38,43,46,48,49,57,60,62,63,74,79
52464;30.08.2026 19:47;5,14,16,21,23,32,35,36,39,43,45,46,52,54,55,62,63,67,68,77
52465;30.08.2026 19:52;3,6,7,10,13,14,21,22,25,27,29,36,40,45,51,53,56,64,65,80
52466;30.08.2026 19:57;1,6,7,10,15,20,22,30,35,45,48,49,52,60,65,72,75,77,79,80
52467;30.08.2026 20:02;1,20,21,29,30,31,39,43,45,46,47,53,54,58,59,68,70,74,75,76
52468;30.08.2026 20:07;8,9,10,14,15,16,19,29,34,40,41,47,49,54,57,65,70,72,76,78
52469;30.08.2026 20:12;6,14,26,27,29,32,33,39,42,49,57,63,67,68,69,70,73,75,77,80
52470;30.08.2026 20:17;2,5,6,10,14,19,20,22,23,27,33,36,37,38,44,54,58,70,76,78
52471;30.08.2026 20:22;9,12,18,19,21,26,28,36,38,46,47,48,49,50,52,53,61,70,72,74
52472;30.08.2026 20:27;1,11,13,19,20,21,23,24,25,29,33,41,44,45,47,53,58,61,72,75
52473;30.08.2026 20:32;3,12,14,18,22,26,27,30,35,37,42,48,55,56,59,60,72,76,77,80
52474;30.08.2026 20:37;8,14,15,16,18,21,28,30,32,38,43,44,49,58,64,69,71,74,77,80
52475;30.08.2026 20:42;10,11,12,15,16,20,25,28,35,38,39,54,62,65,68,70,72,76,79,80
52476;30.08.2026 20:47;6,10,14,16,18,23,32,34,42,46,47,48,52,54,60,64,66,70,77,79
52477;30.08.2026 20:52;1,4,9,12,14,20,21,23,26,28,33,36,39,48,54,58,59,67,70,77
52478;30.08.2026 20:57;7,15,18,20,25,28,31,35,42,44,46,48,50,51,55,56,60,64,68,69
52479;30.08.2026 21:02;4,6,7,10,15,16,20,21,25,26,28,40,42,43,46,55,61,65,70,73
52480;30.08.2026 21:07;8,9,11,22,35,38,39,41,43,47,48,49,54,55,57,59,63,73,75,79
52481;30.08.2026 21:12;4,8,10,11,22,24,25,26,27,29,37,39,50,51,53,58,63,67,69,75
52482;30.08.2026 21:17;2,11,16,17,25,32,36,41,44,47,48,55,56,57,59,62,65,70,72,73
52483;30.08.2026 21:22;6,7,9,10,16,23,32,36,39,41,42,44,47,57,61,62,63,64,72,75
52484;30.08.2026 21:27;9,12,14,17,21,22,29,32,40,43,46,48,55,56,60,61,65,66,74,75
52485;30.08.2026 21:32;2,6,9,13,16,18,19,21,26,29,31,32,36,38,53,59,60,61,62,76
52486;30.08.2026 21:37;1,4,5,9,13,16,19,20,23,31,45,46,49,53,59,63,65,66,68,76
52487;30.08.2026 21:42;1,3,4,7,12,13,25,31,33,34,36,37,46,48,64,66,69,70,76,80
52488;30.08.2026 21:47;7,11,16,17,23,30,32,36,49,50,51,53,62,65,68,69,73,74,75,77
52489;30.08.2026 21:52;2,5,14,15,16,19,20,25,32,33,36,44,45,51,53,54,60,73,74,80
52490;30.08.2026 21:57;2,4,10,12,13,15,19,20,23,26,31,32,33,34,41,51,58,69,75,76
52491;30.08.2026 22:02;1,15,16,23,31,33,34,38,39,40,41,44,47,49,60,64,65,70,73,78
52492;30.08.2026 22:07;5,6,11,12,14,16,19,23,26,32,35,39,40,46,54,56,57,59,64,71
52493;30.08.2026 22:12;2,3,5,15,19,22,23,28,29,30,31,33,34,38,45,50,59,61,66,75
52494;30.08.2026 22:17;2,9,10,11,14,22,23,26,32,34,38,43,45,51,60,61,68,76,77,79
52495;30.08.2026 22:22;2,3,7,17,18,22,24,26,36,37,38,43,49,50,55,65,66,69,76,80
52496;30.08.2026 22:27;6,11,16,18,25,27,31,32,37,42,54,56,61,63,64,65,71,72,77,80
52497;30.08.2026 22:32;7,13,16,25,27,29,40,42,44,45,48,51,52,54,57,63,69,72,76,80
52498;30.08.2026 22:37;12,13,14,16,17,18,28,29,35,37,40,48,55,57,62,66,68,73,77,79
52499;30.08.2026 22:42;3,4,5,7,8,16,25,28,29,32,39,40,46,48,52,53,55,56,64,71
52500;30.08.2026 22:47;2,7,10,12,16,17,19,30,31,33,34,36,37,44,45,53,55,69,75,77
52501;30.08.2026 22:52;4,5,6,7,9,12,17,21,22,30,31,39,42,52,53,54,64,66,74,76
52502;30.08.2026 22:57;5,7,10,19,22,23,30,32,33,34,44,46,47,48,56,58,67,73,77,79
52503;30.08.2026 23:02;5,10,12,18,21,26,28,29,32,35,37,38,48,49,63,70,71,73,76,77
52504;30.08.2026 23:07;7,9,10,13,15,27,29,33,38,43,49,55,59,61,64,65,68,72,76,78
52505;30.08.2026 23:12;5,9,13,16,18,25,28,40,46,48,50,51,53,59,63,68,74,77,78,80
52506;30.08.2026 23:17;1,6,10,16,21,22,27,33,35,38,39,41,49,54,55,62,63,65,69,73
52507;30.08.2026 23:22;5,8,12,14,16,17,23,25,40,46,52,55,57,58,60,65,66,69,74,75
52508;30.08.2026 23:27;5,7,10,13,18,21,23,25,33,34,51,61,64,65,66,67,69,71,72,74
52509;30.08.2026 23:32;1,3,5,17,22,25,28,30,31,35,41,42,44,45,46,54,55,59,63,65
52510;30.08.2026 23:37;1,2,5,17,18,22,24,32,33,35,51,56,57,59,60,61,69,75,78,80
52511;30.08.2026 23:42;2,5,7,12,15,17,18,29,31,32,41,47,49,51,56,60,70,71,77,78
52512;30.08.2026 23:47;5,9,12,23,28,29,31,32,38,40,41,43,45,48,50,54,57,68,77,78
52513;30.08.2026 23:52;1,6,9,15,25,32,33,36,41,54,56,62,64,68,69,70,72,75,78,80
52514;30.08.2026 23:57;2,4,9,15,16,18,23,25,26,37,38,50,53,56,59,63,64,70,72,79

===== 31.08.2026 | 217 ÇEKİLİŞ =====
52515;31.08.2026 00:02;4,5,19,21,23,35,36,39,40,42,47,48,58,60,64,66,72,74,77,79
52516;31.08.2026 00:07;14,19,22,24,26,32,36,37,38,40,41,45,53,58,59,60,67,68,70,75
52517;31.08.2026 00:12;1,8,10,17,25,29,34,35,41,42,43,48,53,56,59,63,69,70,71,74
52518;31.08.2026 00:17;1,6,11,12,13,18,21,25,30,34,37,42,43,44,53,66,68,69,72,77
52519;31.08.2026 00:22;2,7,14,18,19,20,21,22,23,25,26,31,44,46,53,57,66,71,72,76
52520;31.08.2026 00:27;5,8,10,13,14,18,20,28,44,46,55,56,60,62,66,67,73,74,75,80
52521;31.08.2026 00:32;6,8,10,13,18,23,25,27,30,34,36,37,49,50,52,66,71,74,75,77
52522;31.08.2026 00:37;1,13,18,20,26,27,30,31,36,38,48,50,55,56,60,61,62,74,78,79
52523;31.08.2026 00:42;11,13,14,17,23,26,30,31,35,37,42,45,48,53,54,67,71,76,78,80
52524;31.08.2026 00:47;2,3,7,9,11,13,14,15,18,19,22,25,40,47,49,61,62,72,77,78
52525;31.08.2026 00:52;1,6,7,8,15,28,29,42,43,50,52,53,54,55,60,66,70,72,74,77
52526;31.08.2026 00:57;3,11,12,17,19,21,38,40,42,43,53,59,60,62,63,65,68,72,77,79
52527;31.08.2026 01:02;4,8,10,12,23,25,28,35,44,46,48,52,59,62,63,64,70,73,79,80
52528;31.08.2026 07:02;3,4,6,10,11,12,14,15,20,31,41,49,50,56,59,61,67,70,79,80
52529;31.08.2026 07:07;1,6,7,11,14,23,27,34,35,37,39,40,45,47,48,57,58,69,71,75
52530;31.08.2026 07:12;2,5,8,9,13,14,15,19,23,26,42,44,49,52,53,59,60,67,68,78
52531;31.08.2026 07:17;5,8,16,18,23,24,35,42,47,55,56,63,66,67,69,70,72,73,77,78
52532;31.08.2026 07:22;1,2,5,12,14,18,24,28,29,34,35,41,42,44,46,50,55,57,76,78
52533;31.08.2026 07:27;5,10,11,13,26,30,32,34,40,48,51,53,56,60,63,65,66,67,70,72
52534;31.08.2026 07:32;3,9,13,15,18,22,25,26,27,32,36,39,41,46,52,54,60,62,68,71
52535;31.08.2026 07:37;3,8,14,19,21,28,29,30,31,42,44,48,49,51,54,57,61,65,75,80
52536;31.08.2026 07:42;2,3,5,6,8,16,19,20,28,29,33,36,42,43,52,59,62,73,74,75
52537;31.08.2026 07:47;6,10,11,13,15,25,28,38,41,45,47,48,49,51,55,57,58,66,69,70
52538;31.08.2026 07:52;3,6,8,12,13,15,25,28,29,30,41,47,49,53,56,62,64,66,68,75
52539;31.08.2026 07:57;1,3,6,15,19,24,34,36,38,40,48,51,56,58,66,67,68,75,79,80
52540;31.08.2026 08:02;3,4,5,7,9,14,25,31,33,34,38,44,53,55,59,61,63,71,75,80
52541;31.08.2026 08:07;4,5,13,16,22,25,26,27,34,37,46,50,52,56,57,68,69,70,75,76
52542;31.08.2026 08:12;3,5,7,10,13,22,34,38,40,42,43,46,50,53,62,68,71,75,78,80
52543;31.08.2026 08:17;1,2,4,9,16,23,25,27,43,44,45,51,52,53,58,59,63,67,70,75
52544;31.08.2026 08:22;2,6,7,19,21,24,25,26,28,29,33,34,37,38,43,44,48,59,64,74
52545;31.08.2026 08:27;1,3,6,9,10,16,18,23,24,27,29,31,42,60,61,62,63,76,79,80
52546;31.08.2026 08:32;2,6,9,10,17,23,28,32,33,39,40,43,49,51,56,57,60,65,68,70
52547;31.08.2026 08:37;2,8,10,16,20,21,23,27,29,33,34,35,40,49,54,60,64,65,68,80
52548;31.08.2026 08:42;3,16,18,19,25,29,30,35,38,40,42,43,44,51,54,59,68,70,71,73
52549;31.08.2026 08:47;2,7,8,17,23,31,36,37,41,50,52,54,56,62,64,68,71,73,75,77
52550;31.08.2026 08:52;3,6,8,12,27,29,37,39,42,43,45,46,50,65,68,70,71,74,76,78
52551;31.08.2026 08:57;1,14,20,24,29,33,45,48,51,52,53,56,59,60,64,66,68,69,70,78
52552;31.08.2026 09:02;2,5,13,14,23,30,34,41,43,54,57,61,62,63,66,71,72,78,79,80
52553;31.08.2026 09:07;7,8,9,11,12,16,17,22,23,25,26,28,44,46,51,53,54,61,65,68
52554;31.08.2026 09:12;1,2,3,12,14,17,20,26,31,38,44,46,48,49,50,53,56,57,62,75
52555;31.08.2026 09:17;6,8,9,19,22,28,31,32,33,40,42,44,45,54,60,61,74,75,77,79
52556;31.08.2026 09:22;4,7,13,18,19,21,29,35,39,40,43,45,55,56,57,58,62,63,64,76
52557;31.08.2026 09:27;3,7,8,17,20,21,23,33,36,42,44,46,52,56,58,60,61,62,69,80
52558;31.08.2026 09:32;2,5,14,16,21,22,25,27,39,40,43,45,50,51,61,62,74,75,76,77
52559;31.08.2026 09:37;2,4,8,13,14,18,24,27,28,29,31,36,38,39,41,53,56,63,73,78
52560;31.08.2026 09:42;1,2,4,9,16,18,20,31,46,47,50,53,55,59,63,65,66,68,73,79
52561;31.08.2026 09:47;4,12,15,21,23,25,26,33,37,45,47,50,51,53,58,59,70,71,77,80
52562;31.08.2026 09:52;3,4,14,15,26,30,32,34,35,39,40,41,42,43,45,55,57,61,62,69
52563;31.08.2026 09:57;3,5,12,14,15,20,29,39,50,51,52,53,54,56,59,62,68,71,78,79
52564;31.08.2026 10:02;1,3,4,14,15,22,23,32,42,43,48,49,50,52,58,69,73,78,79,80
52565;31.08.2026 10:07;7,11,15,17,22,23,25,28,29,32,40,45,52,54,64,65,67,69,72,79
52566;31.08.2026 10:12;2,3,4,13,14,18,19,24,32,34,36,39,46,53,55,56,61,63,76,80
52567;31.08.2026 10:17;1,3,10,12,17,22,25,27,29,31,32,37,38,42,54,55,62,64,70,80
52568;31.08.2026 10:22;6,8,10,29,33,35,43,45,48,49,51,52,55,57,62,66,72,75,76,80
52569;31.08.2026 10:27;3,10,15,16,20,21,24,28,30,32,43,46,49,50,51,52,68,72,74,78
52570;31.08.2026 10:32;1,3,5,6,17,24,26,41,45,48,53,55,57,58,62,70,74,75,79,80
52571;31.08.2026 10:37;5,6,11,14,15,16,17,18,20,23,28,36,38,50,51,54,62,63,74,78
52572;31.08.2026 10:42;1,3,5,7,14,15,22,25,28,36,43,49,53,56,63,68,70,72,75,76
52573;31.08.2026 10:47;3,6,14,18,24,37,40,46,47,49,50,51,52,55,57,66,72,75,76,77
52574;31.08.2026 10:52;1,5,12,21,24,28,30,34,35,40,42,44,54,55,57,64,65,68,71,73
52575;31.08.2026 10:57;4,5,6,9,13,14,18,21,31,41,43,44,51,57,60,66,67,69,76,77
52576;31.08.2026 11:02;2,3,6,7,18,20,21,25,31,32,37,39,44,47,58,59,60,61,67,70
52577;31.08.2026 11:07;8,9,13,18,20,29,30,34,36,42,46,55,56,58,63,67,70,71,73,79
52578;31.08.2026 11:12;1,3,4,8,12,31,35,36,46,50,51,52,54,57,62,64,71,75,76,78
52579;31.08.2026 11:17;2,7,8,9,24,29,38,41,43,49,50,51,55,56,62,63,68,71,78,79
52580;31.08.2026 11:22;12,17,23,34,35,42,45,49,51,52,55,56,58,59,66,71,73,76,78,80
52581;31.08.2026 11:27;9,11,12,13,16,18,19,38,44,46,48,51,53,55,57,60,69,71,76,79
52582;31.08.2026 11:32;1,2,4,5,6,8,19,23,25,33,35,36,41,46,47,48,51,52,54,56
52583;31.08.2026 11:37;9,14,17,20,21,24,27,28,30,32,33,44,45,53,56,57,59,60,66,72
52584;31.08.2026 11:42;2,9,13,16,19,29,31,32,37,43,46,54,63,64,66,68,69,73,75,78
52585;31.08.2026 11:47;8,11,18,25,28,29,31,34,36,38,43,54,56,58,59,64,67,70,74,78
52586;31.08.2026 11:52;1,17,18,20,21,22,23,24,28,35,39,48,49,59,60,67,71,76,77,79
52587;31.08.2026 11:57;4,9,13,19,20,21,27,31,32,35,39,40,50,53,56,65,70,71,72,77
52588;31.08.2026 12:02;4,10,15,20,21,26,30,35,36,45,46,49,51,57,59,64,65,73,79,80
52589;31.08.2026 12:07;2,3,4,9,10,14,16,17,29,36,39,42,45,49,51,58,61,68,79,80
52590;31.08.2026 12:12;10,12,13,22,23,28,30,33,39,43,45,64,66,70,72,73,75,76,79,80
52591;31.08.2026 12:17;5,8,16,18,20,23,24,27,28,33,36,41,44,47,49,52,57,63,67,76
52592;31.08.2026 12:22;14,15,16,18,22,26,27,30,32,41,44,46,53,57,58,67,71,73,77,78
52593;31.08.2026 12:27;3,4,16,24,25,27,31,33,34,47,48,51,52,54,55,60,62,70,74,76
52594;31.08.2026 12:32;9,11,14,17,18,19,23,29,32,38,39,48,51,54,55,60,63,69,70,77
52595;31.08.2026 12:37;6,9,11,12,21,24,27,29,38,39,41,43,49,56,58,60,64,66,68,74
52596;31.08.2026 12:42;7,8,9,10,13,17,18,20,24,31,32,42,44,45,49,51,55,59,62,74
52597;31.08.2026 12:47;1,3,8,12,15,19,25,28,30,33,36,40,54,56,59,60,73,74,77,78
52598;31.08.2026 12:52;8,9,10,22,23,25,27,32,40,43,45,46,47,61,62,67,69,71,74,79
52599;31.08.2026 12:57;1,4,5,18,19,29,32,35,36,43,44,47,48,52,58,61,65,70,78,79
52600;31.08.2026 13:02;3,13,14,21,22,23,25,28,33,34,38,47,52,61,62,67,69,73,75,76
52601;31.08.2026 13:07;12,15,18,22,26,28,30,33,45,47,49,57,58,68,69,72,73,77,79,80
52602;31.08.2026 13:12;6,8,14,15,18,22,27,28,37,42,43,44,46,49,52,60,62,66,67,75
52603;31.08.2026 13:17;10,11,16,21,26,30,32,40,41,42,46,48,49,55,62,64,74,76,78,80
52604;31.08.2026 13:22;1,3,6,10,12,15,20,22,23,26,31,34,36,38,39,45,49,68,76,78
52605;31.08.2026 13:27;1,4,6,8,9,11,12,18,23,27,29,31,32,36,42,43,44,64,68,69
52606;31.08.2026 13:32;2,5,6,7,14,15,21,27,36,43,45,47,48,49,51,53,55,68,69,73
52607;31.08.2026 13:37;1,3,6,7,8,10,12,21,30,33,35,39,40,48,59,60,64,66,77,79
52608;31.08.2026 13:42;3,12,16,17,20,21,22,25,28,33,34,37,38,41,55,62,63,66,70,73
52609;31.08.2026 13:47;10,14,16,19,24,33,36,38,43,45,51,54,62,64,65,66,69,72,73,76
52610;31.08.2026 13:52;2,5,7,8,20,21,37,38,39,40,41,42,43,45,48,52,55,59,60,70
52611;31.08.2026 13:57;1,4,5,6,19,20,21,23,42,46,50,54,56,62,64,68,71,72,74,75
52612;31.08.2026 14:02;2,5,8,16,17,25,26,27,30,43,47,51,53,55,56,58,60,62,65,74
52613;31.08.2026 14:07;1,4,6,10,14,17,25,28,29,32,36,41,44,51,57,59,64,65,79,80
52614;31.08.2026 14:12;1,2,6,13,15,16,24,25,34,35,36,37,39,46,49,61,70,72,73,80
52615;31.08.2026 14:17;2,9,24,25,28,32,36,41,44,58,59,60,64,67,72,74,75,77,78,79
52616;31.08.2026 14:22;5,9,11,23,29,38,41,44,46,47,50,52,54,58,61,66,67,71,75,77
52617;31.08.2026 14:27;3,4,10,12,14,15,16,20,24,31,37,43,45,49,51,59,61,69,75,78
52618;31.08.2026 14:32;7,12,13,15,21,26,35,37,39,44,51,52,54,60,61,62,67,68,70,79
52619;31.08.2026 14:37;1,7,12,17,22,24,28,31,33,37,38,42,43,49,61,62,63,65,75,78
52620;31.08.2026 14:42;2,6,7,17,18,23,24,25,30,36,40,41,44,50,53,55,64,65,76,78
52621;31.08.2026 14:47;4,5,9,17,21,34,46,47,48,49,50,51,57,68,69,71,75,77,79,80
52622;31.08.2026 14:52;1,3,5,10,12,26,33,37,44,45,51,56,60,61,63,66,67,75,77,80
52623;31.08.2026 14:57;7,8,10,12,15,21,28,32,34,36,45,50,54,57,58,59,62,63,70,72
52624;31.08.2026 15:02;2,4,18,26,30,31,35,38,49,51,54,58,64,68,71,72,74,76,78,79
52625;31.08.2026 15:07;3,9,25,31,33,35,38,46,48,59,63,64,69,70,71,74,75,76,78,79
52626;31.08.2026 15:12;5,9,14,23,26,30,33,38,44,53,55,57,64,67,68,71,72,74,79,80
52627;31.08.2026 15:17;1,12,13,14,15,19,28,32,35,37,44,54,57,60,62,69,71,72,73,76
52628;31.08.2026 15:22;7,13,20,23,25,28,30,33,37,40,45,50,53,56,59,60,63,72,76,77
52629;31.08.2026 15:27;9,11,12,16,17,21,26,35,36,37,38,44,54,57,61,64,71,72,73,78
52630;31.08.2026 15:32;4,8,11,12,13,14,15,37,43,49,51,57,58,59,60,62,65,70,71,79
52631;31.08.2026 15:37;6,7,8,13,18,20,37,39,41,46,54,55,57,65,66,68,69,71,73,80
52632;31.08.2026 15:42;1,2,5,6,12,16,23,25,30,37,39,49,51,52,61,63,66,71,74,79
52633;31.08.2026 15:47;4,9,10,12,21,26,39,40,45,46,47,53,58,60,62,63,64,72,73,75
52634;31.08.2026 15:52;2,3,4,6,12,20,24,26,31,45,46,48,50,52,53,63,72,76,78,80
52635;31.08.2026 15:57;4,5,9,22,25,26,35,38,49,54,55,60,65,68,69,72,74,75,79,80
52636;31.08.2026 16:02;13,15,18,20,21,24,37,39,42,47,54,55,57,59,62,64,69,71,74,76
52637;31.08.2026 16:07;4,16,17,20,29,32,34,38,41,45,47,51,53,56,58,59,60,61,67,75
52638;31.08.2026 16:12;3,5,6,8,11,14,16,20,26,27,28,33,36,48,51,54,56,57,70,77
52639;31.08.2026 16:17;7,8,12,13,18,21,22,26,27,33,34,38,51,53,54,62,67,69,77,78
52640;31.08.2026 16:22;2,3,14,16,17,18,27,30,34,35,42,55,60,62,67,70,73,75,77,78
52641;31.08.2026 16:27;4,5,10,15,24,37,45,50,53,54,58,60,63,66,67,72,73,76,77,78
52642;31.08.2026 16:32;1,2,6,10,19,21,22,30,33,35,36,38,43,44,60,67,68,71,77,80
52643;31.08.2026 16:37;1,17,18,20,25,26,27,37,42,44,45,47,48,54,58,59,74,75,77,78
52644;31.08.2026 16:42;4,6,19,20,21,22,23,26,33,34,39,42,47,48,57,60,64,71,79,80
52645;31.08.2026 16:47;8,12,13,14,15,16,20,22,25,35,40,42,47,48,49,62,68,70,72,74
52646;31.08.2026 16:52;2,10,13,18,19,28,31,34,37,38,41,45,48,49,57,66,69,70,71,76
52647;31.08.2026 16:57;1,3,6,8,16,21,23,26,28,31,35,40,45,53,56,59,65,69,78,80
52648;31.08.2026 17:02;2,9,15,17,19,22,23,28,34,38,41,42,47,49,55,59,60,61,75,80
52649;31.08.2026 17:07;3,12,14,17,18,21,26,38,41,43,51,52,53,56,57,63,67,68,74,78
52650;31.08.2026 17:12;1,2,8,13,14,18,23,25,28,34,39,40,47,49,51,61,62,66,73,79
52651;31.08.2026 17:17;1,2,4,5,14,31,34,35,38,47,50,55,61,64,68,71,76,77,79,80
52652;31.08.2026 17:22;2,5,6,9,11,14,15,16,20,29,37,38,44,51,62,65,66,76,78,80
52653;31.08.2026 17:27;15,16,17,20,24,32,36,39,40,43,46,47,48,53,54,57,59,67,68,73
52654;31.08.2026 17:32;2,4,5,8,10,15,22,23,25,39,43,51,57,59,63,70,72,73,76,80
52655;31.08.2026 17:37;2,3,5,6,11,15,21,25,34,47,49,52,57,60,62,64,65,70,74,78
52656;31.08.2026 17:42;2,4,12,15,28,29,30,38,39,40,44,47,48,52,57,64,66,77,79,80
52657;31.08.2026 17:47;8,15,16,19,21,22,23,26,35,37,38,52,53,54,55,57,63,64,65,80
52658;31.08.2026 17:52;2,11,14,17,18,20,22,24,26,31,33,36,41,43,51,54,55,74,75,80
52659;31.08.2026 17:57;4,7,9,11,13,20,23,27,29,30,40,41,47,51,68,71,72,74,75,76
52660;31.08.2026 18:02;3,6,13,20,23,25,29,36,43,44,45,57,58,59,62,70,73,74,77,78
52661;31.08.2026 18:07;4,9,10,14,29,31,32,33,36,37,38,39,51,53,54,58,60,62,70,80
52662;31.08.2026 18:12;1,6,7,9,11,12,14,15,16,23,30,39,46,55,59,60,62,63,65,74
52663;31.08.2026 18:17;4,6,9,12,20,25,38,43,49,51,57,61,65,68,69,70,71,72,75,77
52664;31.08.2026 18:22;1,2,4,10,15,16,20,26,32,34,35,37,40,41,42,45,53,67,71,74
52665;31.08.2026 18:27;1,6,12,13,19,24,25,26,33,35,41,48,51,61,63,68,73,75,77,80
52666;31.08.2026 18:32;5,9,17,24,31,36,43,45,47,50,54,55,56,57,58,59,63,75,77,80
52667;31.08.2026 18:37;4,7,8,11,21,29,32,34,43,48,49,51,52,57,65,67,70,72,75,76
52668;31.08.2026 18:42;2,3,6,8,10,12,15,18,21,24,35,36,41,46,47,48,60,73,77,79
52669;31.08.2026 18:47;8,10,11,13,16,24,29,31,36,37,39,43,44,45,55,59,63,77,78,79
52670;31.08.2026 18:52;1,3,5,6,11,13,17,21,27,38,42,51,56,64,68,70,75,76,77,78
52671;31.08.2026 18:57;2,5,12,22,27,29,33,38,48,49,52,54,56,61,63,69,72,74,77,80
52672;31.08.2026 19:02;8,15,16,18,19,20,22,28,31,34,37,42,46,55,56,62,63,65,78,79
52673;31.08.2026 19:07;9,10,11,13,16,21,24,26,31,37,43,48,53,55,59,62,64,68,76,79
52674;31.08.2026 19:12;11,14,18,20,25,36,37,41,45,46,48,54,57,63,65,67,68,74,79,80
52675;31.08.2026 19:17;6,7,12,17,19,23,26,27,31,32,38,48,49,56,59,65,68,73,77,80
52676;31.08.2026 19:22;1,4,6,8,10,16,19,22,31,35,38,39,40,45,50,51,62,64,66,73
52677;31.08.2026 19:27;7,8,12,15,16,22,26,27,35,40,42,43,50,53,58,62,73,74,76,80
52678;31.08.2026 19:32;7,8,13,14,16,19,22,26,27,28,30,37,46,47,49,59,75,77,79,80
52679;31.08.2026 19:37;7,15,16,19,21,36,39,40,42,43,45,48,57,59,64,67,71,73,77,80
52680;31.08.2026 19:42;2,6,9,10,11,13,16,25,29,30,42,51,52,59,63,70,71,72,76,79
52681;31.08.2026 19:47;1,4,5,10,17,22,23,29,30,32,33,43,44,45,55,61,63,68,75,77
52682;31.08.2026 19:52;1,2,6,8,11,16,19,22,29,32,33,36,41,46,48,57,58,63,74,77
52683;31.08.2026 19:57;1,3,7,10,20,29,31,41,43,44,48,52,53,57,58,66,67,68,72,80
52684;31.08.2026 20:02;9,11,18,20,22,23,28,33,34,35,37,46,57,62,65,66,69,70,74,78
52685;31.08.2026 20:07;1,7,8,12,16,21,24,33,34,41,50,51,52,53,54,56,63,69,71,80
52686;31.08.2026 20:12;2,7,13,14,15,16,18,26,27,28,34,41,43,44,56,68,75,78,79,80
52687;31.08.2026 20:17;7,10,15,30,37,46,47,48,49,54,57,58,63,66,68,69,73,74,75,80
52688;31.08.2026 20:22;5,6,8,9,14,17,24,32,33,38,43,47,49,52,57,63,68,69,71,80
52689;31.08.2026 20:27;2,11,13,14,15,21,27,31,39,42,43,49,52,55,56,59,60,68,70,75
52690;31.08.2026 20:32;3,4,5,14,19,23,24,28,30,32,35,37,47,50,57,60,61,72,74,77
52691;31.08.2026 20:37;8,23,31,38,41,43,52,53,55,61,62,64,65,66,68,70,76,77,78,79
52692;31.08.2026 20:42;2,9,12,16,21,23,24,32,34,39,42,50,53,54,61,63,69,71,74,76
52693;31.08.2026 20:47;3,4,5,13,14,19,23,25,29,32,35,49,56,58,60,62,68,74,76,79
52694;31.08.2026 20:52;4,5,8,15,17,20,24,35,38,53,54,57,58,59,62,64,70,75,77,79
52695;31.08.2026 20:57;1,2,12,13,14,15,19,41,42,44,45,47,49,53,54,57,68,70,72,78
52696;31.08.2026 21:02;4,7,8,19,25,27,28,29,31,34,42,43,45,49,56,61,63,71,76,78
52697;31.08.2026 21:07;3,5,14,17,20,22,32,35,36,38,41,43,46,56,60,61,64,67,70,74
52698;31.08.2026 21:12;1,6,8,10,15,24,34,42,43,44,47,48,53,54,56,61,67,70,77,78
52699;31.08.2026 21:17;3,6,11,12,14,16,20,22,31,33,40,44,49,50,51,57,62,65,69,70
52700;31.08.2026 21:22;14,15,17,19,21,24,26,44,45,46,48,49,50,52,53,62,66,68,74,80
52701;31.08.2026 21:27;1,3,11,12,14,24,28,31,42,44,47,49,54,57,61,65,66,68,78,80
52702;31.08.2026 21:32;1,2,8,17,31,35,36,39,44,47,50,54,58,59,63,67,68,71,76,80
52703;31.08.2026 21:37;2,5,10,14,16,20,25,30,31,34,36,43,45,49,67,69,71,73,78,80
52704;31.08.2026 21:42;2,4,6,9,12,14,16,28,30,32,33,34,39,51,54,58,59,62,71,80
52705;31.08.2026 21:47;2,5,7,9,11,15,19,22,23,24,25,27,33,36,44,47,51,62,65,72
52706;31.08.2026 21:52;9,16,24,27,29,34,42,45,47,56,57,58,62,65,67,71,74,76,77,78
52707;31.08.2026 21:57;5,9,14,15,18,21,23,27,33,35,40,44,48,53,59,64,70,73,78,79
52708;31.08.2026 22:02;2,7,12,24,25,30,33,35,36,37,38,41,52,53,59,64,65,69,72,80
52709;31.08.2026 22:07;1,8,9,11,12,19,23,29,30,35,39,46,49,52,61,65,69,75,77,80
52710;31.08.2026 22:12;6,8,12,13,21,24,36,41,44,48,49,53,60,61,66,71,76,77,78,79
52711;31.08.2026 22:17;2,7,10,18,22,27,29,41,42,45,47,53,54,58,64,66,67,74,79,80
52712;31.08.2026 22:22;6,7,11,15,17,23,25,27,35,38,39,48,60,62,67,72,73,74,78,80
52713;31.08.2026 22:27;9,11,15,18,19,20,29,32,34,35,37,43,44,46,48,60,69,71,75,79
52714;31.08.2026 22:32;1,5,6,7,8,11,13,16,24,28,30,32,39,44,51,56,67,68,72,76
52715;31.08.2026 22:37;4,10,11,14,19,24,25,32,35,43,47,51,54,61,66,67,69,72,73,80
52716;31.08.2026 22:42;1,3,12,17,25,27,30,31,39,41,45,54,60,65,66,72,75,77,78,80
52717;31.08.2026 22:47;3,5,8,12,14,24,25,29,30,35,43,49,52,55,56,61,63,71,76,77
52718;31.08.2026 22:52;2,6,7,17,24,25,32,36,39,42,44,50,54,63,65,66,67,69,70,75
52719;31.08.2026 22:57;1,5,7,10,15,17,18,23,24,27,32,36,40,41,43,54,57,70,71,80
52720;31.08.2026 23:02;1,2,4,8,9,12,15,19,26,35,38,39,41,50,53,54,65,67,68,72
52721;31.08.2026 23:07;9,11,12,23,25,28,33,35,36,46,50,53,54,56,63,66,69,70,71,79
52722;31.08.2026 23:12;4,5,6,9,10,14,15,20,24,25,26,30,34,40,48,49,60,74,75,79
52723;31.08.2026 23:17;1,6,16,17,18,19,20,25,33,36,37,38,39,55,59,61,62,63,65,74
52724;31.08.2026 23:22;1,6,13,16,19,33,34,39,47,48,51,52,55,56,59,62,64,71,76,80
52725;31.08.2026 23:27;3,5,8,20,21,22,24,26,28,43,53,64,69,70,71,72,75,76,79,80
52726;31.08.2026 23:32;4,5,8,10,16,19,24,26,37,41,46,48,51,57,63,66,69,70,72,77
52727;31.08.2026 23:37;4,14,19,21,42,43,45,46,49,51,52,53,55,58,61,64,70,72,77,80
52728;31.08.2026 23:42;3,9,10,12,18,23,27,29,37,41,50,52,53,55,60,64,65,67,78,79
52729;31.08.2026 23:47;2,4,8,9,11,25,30,33,35,40,41,42,52,55,57,66,67,72,78,79
52730;31.08.2026 23:52;9,11,13,15,28,31,35,37,38,41,43,46,51,52,60,63,71,76,77,80
52731;31.08.2026 23:57;9,17,25,30,35,37,38,40,42,48,51,52,53,57,58,60,63,68,70,76

===== 01.09.2026 | 217 ÇEKİLİŞ =====
52732;01.09.2026 00:02;2,3,5,9,19,29,37,46,47,49,51,53,57,61,67,68,74,76,77,80
52733;01.09.2026 00:07;2,3,5,6,8,12,13,14,17,19,26,29,32,37,38,48,52,69,76,79
52734;01.09.2026 00:12;7,14,15,25,26,28,31,34,40,42,43,45,53,58,59,60,64,68,73,75
52735;01.09.2026 00:17;1,2,3,10,18,22,25,31,33,40,41,48,50,51,58,59,61,63,64,79
52736;01.09.2026 00:22;2,6,9,11,19,20,22,23,26,27,29,41,44,47,52,59,60,62,65,72
52737;01.09.2026 00:27;2,6,12,22,27,29,31,40,41,47,48,50,51,56,61,71,75,76,77,79
52738;01.09.2026 00:32;2,3,8,10,14,19,20,24,27,31,33,45,47,50,52,58,59,65,67,69
52739;01.09.2026 00:37;4,9,10,19,30,34,37,43,44,47,48,49,51,55,56,62,65,77,78,80
52740;01.09.2026 00:42;3,5,8,10,11,12,14,16,22,25,29,36,40,41,47,52,56,59,74,80
52741;01.09.2026 00:47;1,4,8,16,20,24,26,32,37,41,45,46,53,61,62,64,68,71,74,77
52742;01.09.2026 00:52;9,13,17,21,31,34,38,41,42,45,48,51,53,54,55,56,66,68,70,76
52743;01.09.2026 00:57;3,10,17,25,30,34,37,38,39,43,44,45,52,56,58,65,67,68,75,76
52744;01.09.2026 01:02;9,11,12,14,15,17,22,25,29,31,35,43,47,53,59,62,63,64,71,75
52745;01.09.2026 07:02;1,2,3,5,7,17,18,31,32,46,51,52,54,56,58,60,63,67,75,76
52746;01.09.2026 07:07;1,2,4,7,8,11,13,19,21,23,24,29,31,37,38,50,54,59,64,74
52747;01.09.2026 07:12;3,4,7,13,20,22,23,24,25,37,38,43,52,54,55,57,59,70,75,76
52748;01.09.2026 07:17;4,12,16,23,25,27,28,34,35,40,50,51,52,53,54,57,60,63,67,72
52749;01.09.2026 07:22;1,5,9,14,16,29,33,35,36,37,51,58,59,63,65,67,69,72,76,79
52750;01.09.2026 07:27;1,12,20,24,29,32,33,34,35,38,39,41,43,45,49,53,66,73,74,78
52751;01.09.2026 07:32;6,10,12,13,19,21,22,27,29,33,36,40,48,50,52,57,65,70,72,76
52752;01.09.2026 07:37;7,8,10,15,16,26,29,31,33,40,41,42,46,50,53,55,57,62,69,80
52753;01.09.2026 07:42;3,6,8,13,15,17,19,20,24,32,41,49,51,56,64,66,69,71,74,76
52754;01.09.2026 07:47;5,6,10,14,24,30,34,40,41,43,48,50,54,56,60,63,64,66,76,77
52755;01.09.2026 07:52;2,7,9,11,14,16,22,23,24,29,30,37,41,54,57,59,63,64,65,68
52756;01.09.2026 07:57;2,3,5,10,13,23,25,27,31,32,40,42,46,55,61,63,65,67,74,75
52757;01.09.2026 08:02;1,4,6,10,14,16,20,21,23,28,31,33,35,37,39,42,48,50,58,64
52758;01.09.2026 08:07;1,2,7,8,9,23,25,26,27,28,39,48,54,58,60,67,72,76,77,78
52759;01.09.2026 08:12;2,7,9,16,20,23,28,29,30,43,51,53,56,59,60,66,69,71,74,75
52760;01.09.2026 08:17;3,5,6,15,21,25,36,40,43,49,54,56,59,60,63,65,66,70,74,77
52761;01.09.2026 08:22;7,8,10,12,20,26,34,47,53,56,64,68,69,70,71,72,74,76,78,80
52762;01.09.2026 08:27;8,14,21,24,31,32,34,35,41,45,47,52,57,68,73,74,75,76,77,78
52763;01.09.2026 08:32;3,4,10,11,18,20,28,29,36,37,38,40,50,52,60,68,69,74,77,78
52764;01.09.2026 08:37;1,3,12,15,16,18,23,30,42,48,49,51,54,63,70,71,73,75,78,80
52765;01.09.2026 08:42;2,5,8,11,15,18,23,28,30,36,39,40,41,49,51,60,61,73,77,79
52766;01.09.2026 08:47;2,3,10,23,27,30,32,34,40,44,46,48,53,56,57,59,64,66,78,80
52767;01.09.2026 08:52;2,5,6,9,11,15,16,27,33,40,41,42,44,45,46,54,55,66,74,76
52768;01.09.2026 08:57;3,12,16,18,24,27,30,34,36,42,52,53,54,57,63,65,69,71,78,79
52769;01.09.2026 09:02;6,9,10,19,21,30,39,42,44,45,46,54,56,57,61,65,67,69,72,73
52770;01.09.2026 09:07;5,7,8,10,13,15,18,19,21,29,30,31,37,38,39,47,50,57,60,61
52771;01.09.2026 09:12;4,7,12,14,15,19,21,22,24,26,27,31,34,45,52,53,54,65,73,76
52772;01.09.2026 09:17;1,2,8,13,17,19,20,22,25,29,32,39,41,43,44,47,57,59,67,71
52773;01.09.2026 09:22;4,5,9,17,19,23,25,27,36,38,39,46,48,50,54,55,57,63,73,76
52774;01.09.2026 09:27;1,5,7,9,14,16,19,35,43,47,48,51,53,57,60,65,66,70,74,77
52775;01.09.2026 09:32;2,11,14,16,17,20,24,30,35,38,42,45,48,50,51,57,58,63,73,74
52776;01.09.2026 09:37;2,4,6,15,17,29,34,41,43,54,55,58,65,66,67,68,71,76,78,79
52777;01.09.2026 09:42;2,4,7,11,13,17,18,24,35,41,49,54,58,64,65,66,68,73,75,79
52778;01.09.2026 09:47;1,7,14,18,20,23,25,32,33,45,46,48,57,64,65,70,75,76,79,80
52779;01.09.2026 09:52;3,5,7,12,13,17,21,22,26,28,30,31,32,34,36,46,53,56,60,78
52780;01.09.2026 09:57;5,10,11,14,18,28,30,31,33,36,40,47,50,59,61,64,68,70,71,74
52781;01.09.2026 10:02;1,6,7,11,13,17,23,27,36,37,38,40,42,50,55,61,65,72,78,79
52782;01.09.2026 10:07;6,7,9,11,12,22,24,26,29,31,42,44,47,52,56,60,63,73,74,79
52783;01.09.2026 10:12;4,6,15,16,18,22,24,26,28,29,30,35,44,48,49,53,62,69,76,77
52784;01.09.2026 10:17;4,6,11,14,17,24,25,32,35,45,47,54,55,60,62,68,70,76,77,78
52785;01.09.2026 10:22;1,2,3,4,6,10,13,20,24,28,31,33,37,45,56,58,59,70,72,75
52786;01.09.2026 10:27;2,3,7,8,18,20,21,31,36,38,45,48,53,58,60,62,63,64,78,80
52787;01.09.2026 10:32;5,7,10,12,15,18,24,25,26,29,35,48,54,55,57,62,72,74,75,76
52788;01.09.2026 10:37;10,14,21,26,28,30,38,43,47,52,53,54,59,60,61,62,67,71,72,75
52789;01.09.2026 10:42;1,8,16,17,18,29,36,40,41,42,43,54,61,65,68,70,71,73,75,79
52790;01.09.2026 10:47;1,3,4,10,12,13,14,18,24,28,31,33,44,54,55,60,65,71,76,79
52791;01.09.2026 10:52;1,4,12,15,17,20,21,30,31,33,34,41,48,52,53,56,63,65,66,77
52792;01.09.2026 10:57;5,9,10,13,25,29,33,34,39,40,42,43,48,52,55,57,58,70,78,79
52793;01.09.2026 11:02;1,3,4,10,11,14,20,21,26,28,32,33,37,40,46,48,58,65,75,76
52794;01.09.2026 11:07;3,6,12,15,16,23,24,27,32,38,47,54,55,58,59,60,65,71,78,79
52795;01.09.2026 11:12;2,4,15,20,22,23,25,26,30,31,35,36,40,43,47,51,56,69,78,79
52796;01.09.2026 11:17;1,2,4,5,6,7,10,11,25,29,37,42,55,58,64,69,73,74,75,76
52797;01.09.2026 11:22;4,16,27,28,31,32,34,40,45,54,59,64,67,69,70,72,73,74,75,79
52798;01.09.2026 11:27;3,13,14,17,18,20,25,27,28,43,48,50,51,56,58,60,63,66,67,73
52799;01.09.2026 11:32;1,3,9,20,24,25,31,32,34,47,48,49,50,53,55,56,59,73,78,79
52800;01.09.2026 11:37;3,6,11,13,17,18,19,21,23,29,31,32,36,46,49,51,61,64,69,70
52801;01.09.2026 11:42;2,12,15,17,21,25,27,29,35,38,39,42,49,55,61,62,71,72,74,80
52802;01.09.2026 11:47;4,19,20,21,26,34,35,44,45,48,49,55,60,61,62,65,67,68,75,80
52803;01.09.2026 11:52;2,7,9,12,13,23,26,33,36,39,44,47,53,56,64,67,70,73,77,80
52804;01.09.2026 11:57;2,14,15,28,29,40,43,49,53,54,55,58,66,67,71,72,73,75,78,80
52805;01.09.2026 12:02;5,6,9,13,18,21,26,32,37,40,41,45,47,50,55,63,64,65,74,77
52806;01.09.2026 12:07;5,14,17,18,22,30,31,34,36,40,41,44,51,52,54,55,61,64,68,80
52807;01.09.2026 12:12;1,4,8,9,14,24,26,30,34,42,49,50,64,65,66,67,71,75,76,79
52808;01.09.2026 12:17;1,4,11,12,13,15,19,24,32,41,42,45,47,52,53,55,59,61,62,63
52809;01.09.2026 12:22;5,7,8,10,14,21,22,24,28,47,48,49,51,59,63,69,71,75,77,80
52810;01.09.2026 12:27;1,3,4,7,8,12,15,17,18,22,32,37,38,39,41,58,59,62,65,77
52811;01.09.2026 12:32;6,8,12,16,17,23,26,28,36,39,43,48,49,50,57,66,70,74,78,80
52812;01.09.2026 12:37;19,24,25,26,27,34,35,36,38,43,46,48,55,60,63,64,71,75,78,80
52813;01.09.2026 12:42;3,5,9,10,11,15,21,24,25,26,27,40,47,51,53,58,59,62,66,80
52814;01.09.2026 12:47;1,6,10,14,18,26,27,31,32,38,46,51,52,55,56,62,68,70,72,80
52815;01.09.2026 12:52;1,4,7,8,17,18,21,35,38,39,40,41,44,49,57,61,70,76,77,80
52816;01.09.2026 12:57;2,4,5,7,8,26,27,36,37,40,45,46,48,49,55,61,64,73,77,79
52817;01.09.2026 13:02;1,2,5,7,12,15,16,17,18,31,38,44,55,60,61,64,67,68,76,80
52818;01.09.2026 13:07;6,10,12,13,14,19,23,25,27,29,33,34,37,43,45,48,55,57,61,77
52819;01.09.2026 13:12;7,8,22,28,30,33,34,37,38,50,56,59,60,61,62,71,74,77,78,80
52820;01.09.2026 13:17;14,19,24,26,27,31,40,42,45,53,54,59,64,65,69,70,74,75,79,80
52821;01.09.2026 13:22;12,18,21,26,29,34,36,37,38,39,46,48,53,55,60,66,67,69,79,80
52822;01.09.2026 13:27;11,21,27,32,33,35,37,40,45,46,48,50,59,61,66,67,70,73,75,78
52823;01.09.2026 13:32;4,6,7,19,22,27,28,30,35,40,43,46,53,57,62,63,66,68,73,79
52824;01.09.2026 13:37;8,9,12,16,18,23,24,29,36,37,38,39,43,47,49,52,55,64,70,77
52825;01.09.2026 13:42;2,3,6,19,24,25,27,35,37,41,44,55,59,60,61,62,63,72,75,76
52826;01.09.2026 13:47;3,8,12,23,42,44,45,47,50,53,55,57,61,62,64,65,71,73,79,80
52827;01.09.2026 13:52;12,13,15,16,19,21,29,30,31,32,38,40,41,44,49,57,64,67,68,69
52828;01.09.2026 13:57;3,6,14,19,22,28,33,35,39,42,44,48,52,53,61,62,63,66,71,79
52829;01.09.2026 14:02;2,8,10,12,13,16,20,21,25,30,32,38,40,58,61,72,73,74,77,79
52830;01.09.2026 14:07;2,5,7,8,10,12,17,19,21,26,33,45,46,47,59,66,68,69,70,75
52831;01.09.2026 14:12;2,8,18,24,32,40,41,42,44,56,61,62,64,67,70,72,73,76,77,80
52832;01.09.2026 14:17;7,8,9,14,17,23,30,34,36,37,38,40,42,53,58,61,62,66,70,73
52833;01.09.2026 14:22;2,3,4,8,13,16,22,24,28,38,40,42,50,53,54,69,71,72,73,80
52834;01.09.2026 14:27;12,14,18,19,23,25,26,33,35,39,40,42,46,49,54,62,66,69,77,80
52835;01.09.2026 14:32;2,8,11,14,18,22,25,33,35,36,46,50,52,56,59,62,66,67,70,79
52836;01.09.2026 14:37;9,14,31,34,36,38,40,43,49,50,51,56,57,59,61,67,69,74,77,78
52837;01.09.2026 14:42;18,21,22,26,30,32,38,40,43,48,49,50,51,52,61,66,69,70,72,80
52838;01.09.2026 14:47;1,5,8,13,14,16,29,36,41,42,43,44,46,48,55,57,60,61,65,66
52839;01.09.2026 14:52;4,7,10,15,18,21,26,27,32,34,40,44,46,50,53,56,59,73,74,79
52840;01.09.2026 14:57;5,6,21,24,28,30,32,35,37,44,45,64,66,67,68,70,71,72,76,78
52841;01.09.2026 15:02;2,7,9,10,16,22,23,29,30,32,33,34,38,41,47,49,62,65,76,80
52842;01.09.2026 15:07;6,7,8,19,24,27,28,29,33,41,42,48,49,52,56,67,69,70,71,77
52843;01.09.2026 15:12;2,12,13,16,18,20,21,23,27,33,36,37,41,45,56,64,68,71,75,80
52844;01.09.2026 15:17;2,3,9,12,14,16,18,20,25,27,29,40,43,46,47,53,55,60,75,76
52845;01.09.2026 15:22;3,10,11,14,22,30,34,35,36,38,40,44,48,51,52,55,56,72,75,77
52846;01.09.2026 15:27;3,4,14,20,21,23,25,26,31,34,37,40,43,52,55,60,64,68,73,79
52847;01.09.2026 15:32;8,9,16,17,25,34,38,39,41,47,50,52,62,63,64,75,76,77,78,79
52848;01.09.2026 15:37;2,3,6,8,11,12,15,18,27,31,33,40,52,54,58,63,65,67,69,76
52849;01.09.2026 15:42;4,7,10,11,12,16,21,29,39,41,47,48,60,61,63,65,66,74,76,79
52850;01.09.2026 15:47;1,5,9,10,16,17,21,23,43,47,50,51,52,69,71,73,75,76,78,80
52851;01.09.2026 15:52;4,5,7,12,16,17,20,22,35,37,48,49,52,54,58,59,65,68,69,72
52852;01.09.2026 15:57;3,6,7,8,15,20,21,26,28,33,36,43,45,49,50,57,67,68,71,76
52853;01.09.2026 16:02;6,7,8,16,17,21,26,27,28,34,36,40,44,60,61,68,70,74,79,80
52854;01.09.2026 16:07;15,16,24,26,28,37,41,42,43,48,49,51,52,56,65,69,72,73,76,80
52855;01.09.2026 16:12;1,3,12,14,16,24,26,27,29,33,34,37,42,48,50,57,59,64,77,79
52856;01.09.2026 16:17;1,2,3,21,23,30,38,40,42,43,45,50,59,62,66,69,73,77,78,79
52857;01.09.2026 16:22;2,14,15,18,25,26,27,30,34,38,39,40,41,45,50,51,58,59,70,74
52858;01.09.2026 16:27;3,9,19,22,24,27,31,35,37,38,39,41,45,51,52,58,61,68,69,79
52859;01.09.2026 16:32;1,3,4,6,13,20,21,43,48,50,57,59,61,65,69,72,73,74,77,80
52860;01.09.2026 16:37;6,10,16,19,20,26,27,29,32,33,35,47,50,52,55,56,57,58,60,74
52861;01.09.2026 16:42;1,2,5,6,8,12,14,25,31,37,38,39,43,56,61,62,65,70,71,75
52862;01.09.2026 16:47;1,5,9,13,16,21,24,28,29,40,42,44,45,53,54,58,60,67,74,78
52863;01.09.2026 16:52;1,3,5,10,15,20,21,22,31,32,41,42,54,57,58,63,67,70,77,78
52864;01.09.2026 16:57;2,5,11,20,21,27,31,34,44,45,51,53,56,57,60,65,71,73,74,78
52865;01.09.2026 17:02;5,6,14,20,22,25,30,35,47,49,53,62,64,65,66,70,72,73,74,80
52866;01.09.2026 17:07;1,8,17,21,26,29,36,39,40,41,42,45,57,59,60,66,69,72,76,79
52867;01.09.2026 17:12;1,9,10,21,23,25,26,27,29,30,36,38,45,47,50,60,67,69,70,77
52868;01.09.2026 17:17;2,5,10,21,22,33,42,43,45,47,49,53,56,58,59,62,66,67,72,77
52869;01.09.2026 17:22;3,5,6,15,18,19,23,24,28,34,37,39,40,58,61,67,71,73,74,79
52870;01.09.2026 17:27;2,19,21,24,27,35,36,37,44,49,50,55,57,63,65,70,75,76,79,80
52871;01.09.2026 17:32;7,12,13,18,19,21,25,32,38,41,43,45,48,54,57,60,62,64,69,78
52872;01.09.2026 17:37;1,2,9,10,14,21,22,23,26,28,48,50,52,53,57,61,67,68,73,76
52873;01.09.2026 17:42;3,4,12,13,16,22,24,26,30,32,33,36,41,42,45,50,53,62,68,74
52874;01.09.2026 17:47;2,6,19,22,32,34,35,36,39,40,49,51,55,57,61,65,66,71,73,79
52875;01.09.2026 17:52;2,7,10,11,13,14,18,20,24,27,32,37,42,51,66,67,73,76,77,79
52876;01.09.2026 17:57;6,7,10,12,16,18,25,28,29,33,36,37,41,49,51,54,61,62,76,79
52877;01.09.2026 18:02;1,10,14,17,22,26,29,31,32,35,44,52,54,56,62,66,76,77,78,79
52878;01.09.2026 18:07;4,7,12,16,17,22,23,27,29,34,38,40,42,46,52,54,55,63,71,76
52879;01.09.2026 18:12;2,7,18,21,25,32,40,45,49,53,54,56,58,60,63,69,70,74,75,79
52880;01.09.2026 18:17;6,15,17,19,28,30,31,39,42,43,47,51,53,54,57,66,69,72,73,75
52881;01.09.2026 18:22;9,12,14,16,19,22,24,26,34,41,46,49,55,56,61,65,69,76,77,78
52882;01.09.2026 18:27;1,3,7,12,20,21,22,26,32,36,42,44,56,57,58,60,62,64,65,78
52883;01.09.2026 18:32;5,7,12,13,18,21,22,23,31,35,36,37,45,50,51,55,57,71,72,76
52884;01.09.2026 18:37;5,8,10,14,15,17,23,24,33,38,40,41,43,53,58,62,69,78,79,80
52885;01.09.2026 18:42;2,4,8,10,18,24,28,35,39,42,44,46,50,52,55,58,70,71,75,77
52886;01.09.2026 18:47;4,7,11,17,19,20,25,26,32,38,39,41,51,58,61,66,69,72,76,80
52887;01.09.2026 18:52;4,11,21,25,27,30,36,38,39,41,42,50,55,56,57,60,67,74,76,80
52888;01.09.2026 18:57;3,4,6,20,23,28,31,34,40,44,45,48,53,55,58,63,69,70,72,77
52889;01.09.2026 19:02;3,10,11,22,26,27,29,30,33,34,37,41,45,53,61,63,65,72,74,77
52890;01.09.2026 19:07;6,13,19,25,28,33,38,39,41,43,51,53,55,60,62,64,67,75,77,78
52891;01.09.2026 19:12;6,8,10,11,18,19,20,25,26,35,37,46,49,55,60,69,70,75,79,80
52892;01.09.2026 19:17;8,9,10,11,15,19,20,27,40,43,44,56,57,58,62,65,66,69,75,79
52893;01.09.2026 19:22;6,11,13,19,23,26,28,33,38,39,41,45,46,51,54,55,59,63,69,78
52894;01.09.2026 19:27;3,7,9,13,16,22,26,37,40,41,43,45,46,50,60,61,66,68,70,79
52895;01.09.2026 19:32;2,14,16,18,20,21,27,33,41,43,52,57,61,62,63,66,71,74,75,79
52896;01.09.2026 19:37;1,6,8,11,13,14,15,30,38,39,42,45,50,51,56,61,62,75,76,79
52897;01.09.2026 19:42;4,7,11,14,21,23,28,30,36,42,49,52,53,55,56,61,69,72,73,75
52898;01.09.2026 19:47;3,4,8,10,11,24,25,27,29,37,45,51,53,54,55,60,66,68,74,79
52899;01.09.2026 19:52;2,5,9,12,17,18,21,26,30,35,37,40,48,57,64,68,69,75,78,80
52900;01.09.2026 19:57;3,9,14,20,25,36,44,47,52,55,61,63,64,65,67,68,70,77,79,80
52901;01.09.2026 20:02;5,7,9,14,15,16,27,29,34,39,40,43,45,56,58,60,65,68,70,72
52902;01.09.2026 20:07;7,15,27,29,30,32,36,39,40,46,47,49,50,60,62,63,69,76,77,80
52903;01.09.2026 20:12;5,7,16,18,21,22,26,31,33,37,39,45,46,66,67,68,72,73,75,77
52904;01.09.2026 20:17;2,15,21,23,31,35,36,37,39,42,43,48,58,66,68,71,73,75,76,80
52905;01.09.2026 20:22;4,5,6,8,23,25,28,29,30,31,35,40,41,44,45,55,56,66,70,80
52906;01.09.2026 20:27;2,3,7,15,19,21,22,29,40,44,45,54,56,59,61,63,65,69,72,76
52907;01.09.2026 20:32;4,8,10,25,27,29,30,38,43,45,46,47,48,51,52,59,65,71,79,80
52908;01.09.2026 20:37;1,9,10,15,19,22,25,28,29,30,33,34,39,44,50,55,68,69,70,75
52909;01.09.2026 20:42;1,4,7,13,20,22,27,30,39,42,43,53,55,56,58,61,65,67,68,73
52910;01.09.2026 20:47;1,3,8,9,13,19,38,39,46,47,50,52,56,59,72,74,75,76,77,80
52911;01.09.2026 20:52;3,6,12,13,15,16,22,24,25,34,40,43,46,48,51,58,61,74,75,77
52912;01.09.2026 20:57;4,6,15,19,23,34,41,44,47,49,50,52,57,60,67,68,70,72,74,77
52913;01.09.2026 21:02;5,6,8,16,24,28,29,32,37,40,44,50,52,53,57,65,66,67,70,71
52914;01.09.2026 21:07;3,8,12,17,20,24,25,27,29,30,33,34,44,47,50,55,58,61,69,73
52915;01.09.2026 21:12;3,12,13,16,17,20,27,31,34,35,40,46,47,50,51,52,53,58,68,69
52916;01.09.2026 21:17;7,10,17,27,28,37,48,49,53,54,55,56,59,61,63,66,70,76,79,80
52917;01.09.2026 21:22;4,6,9,13,21,26,29,31,32,33,34,47,49,50,55,60,68,70,78,79
52918;01.09.2026 21:27;1,4,7,13,14,18,19,23,24,29,32,33,35,41,54,59,60,64,66,80
52919;01.09.2026 21:32;8,13,15,19,23,24,27,36,40,47,49,53,54,55,59,62,64,65,76,77
52920;01.09.2026 21:37;4,10,11,14,16,22,25,28,32,35,45,48,49,53,62,64,65,68,71,72
52921;01.09.2026 21:42;11,14,15,26,27,30,33,36,38,45,47,49,51,58,61,62,64,73,79,80
52922;01.09.2026 21:47;4,7,17,18,19,20,21,29,31,33,35,40,45,46,48,50,63,66,67,72
52923;01.09.2026 21:52;3,6,23,24,25,28,32,40,41,43,45,59,60,63,64,71,72,73,77,78
52924;01.09.2026 21:57;2,4,5,10,11,13,18,19,22,23,28,29,43,47,55,63,66,71,72,77
52925;01.09.2026 22:02;2,4,9,21,22,26,28,31,35,38,46,47,54,56,61,62,64,66,70,74
52926;01.09.2026 22:07;4,10,15,25,32,36,38,40,42,43,46,49,57,64,65,69,70,74,75,79
52927;01.09.2026 22:12;1,4,8,11,15,22,24,25,31,35,41,42,43,49,50,54,56,58,76,80
52928;01.09.2026 22:17;1,6,8,9,11,15,17,19,20,21,23,24,27,28,34,41,57,65,68,75
52929;01.09.2026 22:22;1,2,5,6,20,21,23,28,31,36,43,47,49,51,53,54,65,68,72,76
52930;01.09.2026 22:27;2,4,5,6,8,9,18,30,33,36,42,50,57,58,61,66,67,68,72,77
52931;01.09.2026 22:32;11,12,21,25,29,32,35,39,40,41,46,52,54,61,62,63,71,74,75,76
52932;01.09.2026 22:37;11,13,15,16,18,21,23,24,37,38,40,43,44,50,52,57,65,69,74,78
52933;01.09.2026 22:42;23,24,25,26,29,33,34,35,36,41,43,47,50,54,58,62,63,65,68,77
52934;01.09.2026 22:47;7,10,13,15,16,20,24,39,43,44,45,48,58,65,67,69,72,75,78,79
52935;01.09.2026 22:52;3,16,17,22,32,33,38,44,45,49,50,51,52,56,58,59,60,64,70,73
52936;01.09.2026 22:57;4,9,13,15,25,29,31,32,34,39,41,43,47,49,50,53,70,71,78,80
52937;01.09.2026 23:02;4,7,8,11,12,15,16,21,22,24,28,30,31,35,44,45,46,56,68,74
52938;01.09.2026 23:07;1,3,5,8,10,11,20,25,27,31,34,46,49,56,61,63,66,67,68,69
52939;01.09.2026 23:12;4,8,9,10,12,13,27,32,33,37,42,44,46,48,53,64,68,70,76,77
52940;01.09.2026 23:17;1,4,6,7,12,14,17,21,22,24,26,31,33,42,46,48,60,66,69,74
52941;01.09.2026 23:22;5,9,10,11,12,16,17,19,35,36,37,40,47,51,52,58,62,77,78,80
52942;01.09.2026 23:27;15,22,23,25,36,38,40,42,43,47,55,57,61,63,64,67,72,75,76,80
52943;01.09.2026 23:32;2,5,8,9,23,24,30,34,44,48,50,53,60,62,65,66,68,74,77,79
52944;01.09.2026 23:37;18,19,27,32,37,40,41,42,44,49,50,51,55,56,57,62,63,64,69,75
52945;01.09.2026 23:42;2,7,13,14,16,17,22,24,29,42,43,44,46,51,53,58,64,66,75,79
52946;01.09.2026 23:47;4,5,10,12,13,15,16,21,24,26,29,31,39,42,43,47,54,62,67,76
52947;01.09.2026 23:52;9,12,15,20,28,31,36,45,48,49,50,51,54,61,65,70,71,73,74,75
52948;01.09.2026 23:57;4,5,6,7,20,21,29,35,36,37,38,40,46,49,56,58,60,61,68,72

===== 02.09.2026 | 217 ÇEKİLİŞ =====
52949;02.09.2026 00:02;2,3,4,11,15,21,22,25,31,33,37,51,52,53,57,60,62,63,66,74
52950;02.09.2026 00:07;10,12,16,17,20,29,33,40,41,42,44,48,52,60,65,67,68,69,74,76
52951;02.09.2026 00:12;2,6,12,26,31,33,35,39,40,41,46,49,58,61,62,64,68,75,77,80
52952;02.09.2026 00:17;9,16,17,19,24,25,29,32,34,41,55,56,70,71,72,74,75,76,77,79
52953;02.09.2026 00:22;1,3,5,7,15,16,17,18,26,27,28,35,38,42,46,51,53,61,64,70
52954;02.09.2026 00:27;1,8,11,15,16,17,19,20,23,32,38,39,48,52,56,59,61,68,71,79
52955;02.09.2026 00:32;3,6,10,14,17,22,23,27,28,31,34,36,38,42,48,49,51,65,73,77
52956;02.09.2026 00:37;3,13,16,19,24,25,33,35,36,39,43,44,46,49,52,62,63,64,67,76
52957;02.09.2026 00:42;1,3,4,5,7,12,20,22,23,24,26,44,45,53,56,61,62,66,79,80
52958;02.09.2026 00:47;4,5,6,16,19,23,24,37,48,52,53,54,59,67,70,71,73,74,75,76
52959;02.09.2026 00:52;1,4,5,6,9,13,16,17,22,24,26,28,29,31,37,43,48,50,69,70
52960;02.09.2026 00:57;3,4,6,8,9,13,19,23,25,26,27,36,37,39,43,50,54,64,66,70
52961;02.09.2026 01:02;3,4,7,8,17,19,21,24,26,33,35,38,41,42,46,48,61,63,64,78
52962;02.09.2026 07:02;4,5,13,19,21,25,30,37,43,45,47,57,61,63,64,66,69,70,71,79
52963;02.09.2026 07:07;3,4,7,9,10,19,20,22,25,37,39,47,51,52,53,59,61,65,68,76
52964;02.09.2026 07:12;1,4,5,9,12,17,20,24,27,28,31,39,40,50,52,56,60,68,70,76
52965;02.09.2026 07:17;5,8,14,20,24,26,30,33,34,36,42,49,51,54,57,69,72,77,78,80
52966;02.09.2026 07:22;2,9,12,14,17,20,25,30,38,42,47,50,52,57,59,64,65,71,76,79
52967;02.09.2026 07:27;3,9,11,14,16,18,23,26,34,35,44,47,51,54,55,58,62,71,78,80
52968;02.09.2026 07:32;2,6,8,11,13,14,15,16,23,27,30,33,35,39,44,53,54,55,56,59
52969;02.09.2026 07:37;2,3,6,18,26,36,39,43,44,45,52,54,55,58,60,61,62,63,73,75
52970;02.09.2026 07:42;1,2,6,11,17,18,20,21,24,30,37,47,48,56,69,70,72,76,77,79
52971;02.09.2026 07:47;6,7,11,12,13,17,24,26,28,30,32,40,48,53,54,61,63,64,67,79
52972;02.09.2026 07:52;5,6,13,16,21,44,48,54,55,56,58,59,61,64,66,68,73,75,77,80
52973;02.09.2026 07:57;2,5,6,21,25,28,34,36,39,48,53,55,56,58,62,63,65,67,69,78
52974;02.09.2026 08:02;1,7,14,16,20,23,26,27,30,32,35,39,43,50,54,60,71,73,74,76
52975;02.09.2026 08:07;2,7,12,16,17,22,23,24,25,26,39,51,55,56,57,62,63,66,72,77
52976;02.09.2026 08:12;1,2,3,5,19,20,23,26,31,38,40,45,46,47,49,58,72,75,79,80
52977;02.09.2026 08:17;1,4,8,9,10,14,30,34,36,38,42,48,49,52,58,60,68,70,71,78
52978;02.09.2026 08:22;3,6,15,17,18,22,25,31,38,39,41,44,51,52,63,64,67,68,69,78
52979;02.09.2026 08:27;1,2,4,15,16,23,38,45,46,49,54,55,57,59,64,67,73,75,76,78
52980;02.09.2026 08:32;1,4,8,13,20,22,28,31,38,45,46,54,58,63,64,68,72,74,76,78
52981;02.09.2026 08:37;4,5,7,9,17,18,27,30,37,45,56,57,58,60,61,68,71,73,77,78
52982;02.09.2026 08:42;4,8,12,15,19,20,25,27,28,33,36,37,47,48,53,58,63,69,73,77
52983;02.09.2026 08:47;11,18,24,26,27,35,37,41,43,44,50,53,55,57,63,67,71,72,74,76
52984;02.09.2026 08:52;1,14,15,17,18,21,22,32,45,50,51,56,57,62,65,70,71,72,73,79
52985;02.09.2026 08:57;9,11,14,17,21,27,36,40,42,47,48,51,57,67,68,70,71,74,78,79
52986;02.09.2026 09:02;1,8,12,15,17,21,38,41,43,44,45,46,54,59,61,64,67,69,75,78
52987;02.09.2026 09:07;1,8,11,12,14,18,23,24,25,39,42,43,50,54,56,69,70,72,76,80
52988;02.09.2026 09:12;4,9,14,17,19,29,35,36,43,50,52,54,56,60,61,62,63,65,69,78
52989;02.09.2026 09:17;1,6,9,16,21,26,35,37,38,39,41,43,45,49,55,62,70,71,73,78
52990;02.09.2026 09:22;4,6,9,10,11,15,16,22,25,27,32,40,43,46,58,60,62,65,70,77
52991;02.09.2026 09:27;3,7,9,10,11,14,19,26,27,28,33,34,42,49,50,56,59,74,77,79
52992;02.09.2026 09:32;2,11,16,17,21,23,26,37,42,43,50,58,60,63,65,67,69,75,76,78
52993;02.09.2026 09:37;1,13,14,18,21,26,34,37,39,47,49,50,53,54,57,65,67,72,74,75
52994;02.09.2026 09:42;1,3,8,10,12,14,16,17,19,27,44,47,48,54,56,65,68,72,75,77
52995;02.09.2026 09:47;8,11,12,13,14,16,17,19,20,24,35,51,53,57,64,65,69,74,75,77
52996;02.09.2026 09:52;1,3,9,12,16,18,19,22,28,29,30,34,35,39,40,56,68,70,75,78
52997;02.09.2026 09:57;1,4,16,17,22,23,31,40,44,52,53,54,57,58,59,69,71,74,76,79
52998;02.09.2026 10:02;4,16,17,20,23,26,32,37,47,48,50,55,57,67,68,70,71,72,74,80
52999;02.09.2026 10:07;4,5,7,9,10,14,29,30,44,45,48,50,51,54,60,68,72,73,75,80
53000;02.09.2026 10:12;4,5,6,9,14,22,30,31,32,41,42,45,51,57,58,61,64,66,73,76
53001;02.09.2026 10:17;1,9,10,12,15,16,17,20,21,28,33,43,44,45,46,54,60,64,65,78
53002;02.09.2026 10:22;2,4,6,11,14,17,20,24,25,31,35,41,44,48,61,64,68,70,78,79
53003;02.09.2026 10:27;6,7,10,11,18,24,29,34,35,36,38,47,54,59,60,62,63,64,72,79
53004;02.09.2026 10:32;2,10,18,22,25,46,48,49,50,52,60,65,66,69,71,73,76,77,78,80
53005;02.09.2026 10:37;1,2,5,7,11,15,18,19,28,33,37,42,43,48,52,59,62,65,66,68
53006;02.09.2026 10:42;2,5,8,14,26,33,39,40,41,42,44,55,56,59,60,61,62,68,75,79
53007;02.09.2026 10:47;1,2,5,12,13,21,22,25,26,27,47,48,51,52,54,65,66,67,75,77
53008;02.09.2026 10:52;12,16,22,28,31,32,34,39,42,48,51,55,57,59,64,70,76,77,79,80
53009;02.09.2026 10:57;11,14,16,25,38,40,45,46,47,49,51,54,58,61,62,66,70,72,78,79
53010;02.09.2026 11:02;1,2,3,8,13,21,23,24,33,38,39,42,45,49,55,58,62,65,77,78
53011;02.09.2026 11:07;1,3,5,8,10,14,16,18,22,24,25,28,36,37,41,45,54,62,68,72
53012;02.09.2026 11:12;2,4,7,10,19,22,26,27,35,40,42,43,44,46,49,51,52,57,58,70
53013;02.09.2026 11:17;3,4,10,12,21,25,28,30,40,42,44,46,49,50,56,58,65,69,73,80
53014;02.09.2026 11:22;2,10,13,18,20,22,24,26,29,33,36,45,47,57,63,65,69,70,74,75
53015;02.09.2026 11:27;4,6,8,20,23,29,34,39,46,53,58,59,62,64,66,68,69,73,78,79
53016;02.09.2026 11:32;5,7,11,18,19,20,25,31,32,36,37,44,58,61,65,68,69,71,74,79
53017;02.09.2026 11:37;7,13,17,32,33,35,36,40,41,51,54,55,56,59,65,69,71,77,79,80
53018;02.09.2026 11:42;5,6,8,14,19,22,26,31,33,36,39,45,49,51,55,56,63,70,72,73
53019;02.09.2026 11:47;19,20,24,29,31,32,38,40,42,43,47,48,53,55,57,58,62,67,71,79
53020;02.09.2026 11:52;2,5,7,10,11,12,14,18,23,30,47,51,52,54,59,60,64,70,77,78
53021;02.09.2026 11:57;8,10,13,18,20,21,22,30,33,38,42,47,49,52,59,60,74,77,79,80
53022;02.09.2026 12:02;1,3,4,7,15,17,20,21,25,31,33,35,44,46,49,54,67,69,72,75
53023;02.09.2026 12:07;2,8,18,21,23,24,26,27,30,34,40,42,43,44,58,68,71,76,78,79
53024;02.09.2026 12:12;2,3,5,6,11,19,20,28,31,37,40,44,47,48,61,62,65,71,77,78
53025;02.09.2026 12:17;2,4,8,10,11,21,23,26,34,38,50,52,55,60,63,68,71,73,78,80
53026;02.09.2026 12:22;5,6,7,9,16,19,21,23,24,26,29,32,40,56,60,62,69,73,78,80
53027;02.09.2026 12:27;1,5,6,7,8,12,15,17,21,24,35,44,46,54,56,70,72,75,78,79
53028;02.09.2026 12:32;1,2,10,12,15,16,22,31,40,41,43,44,52,57,58,65,70,71,74,79
53029;02.09.2026 12:37;3,12,14,15,18,19,21,22,24,27,31,42,46,48,49,50,51,67,73,79
53030;02.09.2026 12:42;4,5,11,12,13,22,29,30,34,35,43,49,57,65,68,69,71,72,74,76
53031;02.09.2026 12:47;2,4,15,22,23,24,26,28,32,40,42,46,53,61,63,64,69,71,73,75
53032;02.09.2026 12:52;3,7,14,16,24,25,31,33,39,43,44,46,48,49,55,61,63,68,70,72
53033;02.09.2026 12:57;3,16,18,20,22,25,29,35,42,43,47,48,49,54,55,57,60,65,66,68
53034;02.09.2026 13:02;1,9,13,19,23,29,30,32,34,35,38,39,53,59,61,64,71,74,76,80
53035;02.09.2026 13:07;3,18,20,21,23,25,30,31,32,36,40,41,57,60,61,62,65,66,70,74
53036;02.09.2026 13:12;1,5,7,8,9,17,21,22,30,32,39,41,49,52,56,67,68,71,76,77
53037;02.09.2026 13:17;1,7,8,11,14,17,19,20,25,27,30,32,43,46,55,58,62,74,75,79
53038;02.09.2026 13:22;1,8,9,10,16,28,36,39,42,54,56,64,65,66,69,71,72,76,78,80
53039;02.09.2026 13:27;3,5,7,17,19,24,32,34,44,46,48,51,52,53,57,60,74,77,79,80
53040;02.09.2026 13:32;4,5,6,9,13,14,19,20,37,39,56,57,59,60,61,62,63,66,74,75
53041;02.09.2026 13:37;4,6,11,12,21,25,28,31,36,44,45,47,49,58,63,68,69,76,77,78
53042;02.09.2026 13:42;3,14,17,18,19,20,21,23,27,28,30,41,44,52,53,59,60,62,74,75
53043;02.09.2026 13:47;2,3,4,12,15,25,30,33,36,37,47,48,51,60,65,68,70,71,73,80
53044;02.09.2026 13:52;3,4,6,13,14,15,26,28,33,34,36,43,48,50,54,56,60,63,68,76
53045;02.09.2026 13:57;15,16,17,18,19,24,26,31,32,33,36,48,50,51,53,58,63,68,74,75
53046;02.09.2026 14:02;4,6,11,23,24,25,27,29,30,32,33,35,37,40,44,47,51,56,69,74
53047;02.09.2026 14:07;8,12,14,21,25,29,31,36,38,43,44,51,56,57,58,60,64,70,72,76
53048;02.09.2026 14:12;1,4,16,18,23,29,31,41,43,45,48,50,52,61,63,70,74,76,78,80
53049;02.09.2026 14:17;3,5,10,21,25,27,29,33,34,44,51,52,56,61,62,68,72,73,77,78
53050;02.09.2026 14:22;3,5,6,12,13,15,18,27,29,34,36,37,43,49,52,58,63,65,77,78
53051;02.09.2026 14:27;10,11,17,19,20,22,31,44,47,55,56,57,59,61,63,64,72,77,78,80
53052;02.09.2026 14:32;4,14,15,19,20,24,25,27,42,45,48,53,57,58,62,63,65,66,67,75
53053;02.09.2026 14:37;2,6,7,11,13,15,18,22,28,32,38,44,46,50,59,60,69,76,79,80
53054;02.09.2026 14:42;1,3,12,16,21,31,40,41,47,48,49,50,56,60,63,65,70,72,79,80
53055;02.09.2026 14:47;5,13,19,20,21,24,26,29,39,46,47,48,49,54,58,59,67,72,78,80
53056;02.09.2026 14:52;6,8,18,21,29,31,34,35,37,38,39,41,42,54,65,67,71,73,75,80
53057;02.09.2026 14:57;5,8,12,21,23,28,29,47,54,56,57,61,62,64,68,69,72,73,75,78
53058;02.09.2026 15:02;9,12,24,25,28,32,36,41,44,52,54,55,56,58,65,66,75,77,78,79
53059;02.09.2026 15:07;2,4,10,16,17,29,32,36,37,40,43,51,54,55,58,62,67,68,75,80
53060;02.09.2026 15:12;1,8,9,12,26,32,42,45,47,51,52,55,56,57,59,61,64,67,72,75
53061;02.09.2026 15:17;4,9,11,12,16,17,19,20,40,43,52,55,57,61,62,67,72,73,77,78
53062;02.09.2026 15:22;6,9,18,19,31,37,40,42,48,49,50,51,52,54,55,60,67,69,75,79
53063;02.09.2026 15:27;3,11,13,16,17,19,21,23,36,39,41,47,48,51,55,58,62,68,71,73
53064;02.09.2026 15:32;2,6,9,10,13,23,25,36,37,41,42,46,47,52,55,61,63,64,66,69
53065;02.09.2026 15:37;3,11,18,23,24,25,27,36,39,40,44,48,53,55,61,65,71,73,77,80
53066;02.09.2026 15:42;2,4,6,10,12,13,19,23,26,29,30,39,42,44,56,64,68,70,71,72
53067;02.09.2026 15:47;6,11,13,15,18,22,25,27,32,38,43,53,56,57,65,66,70,75,79,80
53068;02.09.2026 15:52;3,5,13,14,16,26,27,28,32,33,34,41,43,46,54,65,67,68,72,74
53069;02.09.2026 15:57;1,2,10,11,13,18,19,20,23,24,25,26,34,35,36,52,57,59,69,74
53070;02.09.2026 16:02;1,3,5,8,10,13,14,29,31,36,46,51,55,56,59,61,65,68,74,76
53071;02.09.2026 16:07;2,15,23,29,31,33,43,45,46,48,49,53,54,56,60,66,67,74,79,80
53072;02.09.2026 16:12;1,2,9,10,22,23,27,30,31,32,39,45,46,47,48,54,56,67,70,73
53073;02.09.2026 16:17;1,3,10,11,14,15,27,30,35,36,39,44,46,47,48,57,58,65,67,77
53074;02.09.2026 16:22;1,2,14,15,16,20,29,30,35,39,40,43,45,47,48,55,60,70,71,74
53075;02.09.2026 16:27;1,10,12,13,16,19,26,27,34,35,36,45,48,51,57,61,64,72,73,79
53076;02.09.2026 16:32;1,8,9,10,22,24,26,30,32,46,50,51,52,53,55,62,69,71,73,75
53077;02.09.2026 16:37;1,4,9,13,16,17,22,26,31,40,48,52,54,55,58,59,69,70,75,78
53078;02.09.2026 16:42;1,5,10,12,15,17,26,29,32,39,47,49,50,56,60,64,65,71,73,75
53079;02.09.2026 16:47;1,6,11,14,17,21,22,27,30,34,35,36,50,51,52,53,56,59,66,78
53080;02.09.2026 16:52;1,2,20,24,31,32,33,35,40,53,54,55,57,59,66,67,69,73,76,80
53081;02.09.2026 16:57;2,5,12,14,20,24,25,28,39,41,49,50,53,59,63,65,69,70,74,77
53082;02.09.2026 17:02;8,14,19,24,29,30,33,37,40,42,45,46,54,56,64,67,72,76,77,78
53083;02.09.2026 17:07;10,15,16,18,24,27,28,30,36,38,44,45,53,61,69,72,74,76,78,79
53084;02.09.2026 17:12;10,11,16,17,22,24,28,30,32,38,39,44,49,51,56,60,67,69,71,76
53085;02.09.2026 17:17;1,4,14,22,25,26,34,35,38,44,54,58,61,62,65,66,69,71,74,76
53086;02.09.2026 17:22;6,13,16,17,18,19,20,28,30,31,36,37,39,48,50,55,57,68,77,79
53087;02.09.2026 17:27;4,8,11,12,13,18,19,20,22,28,35,36,37,45,48,52,55,66,72,78
53088;02.09.2026 17:32;1,3,4,6,8,13,21,29,30,34,45,47,57,58,59,63,69,70,73,79
53089;02.09.2026 17:37;4,5,15,17,24,25,26,37,38,46,47,49,55,61,62,64,66,67,71,77
53090;02.09.2026 17:42;4,6,10,12,19,20,21,29,32,35,39,46,51,53,60,66,67,70,75,77
53091;02.09.2026 17:47;5,13,14,15,21,22,23,27,28,36,38,43,46,47,48,52,58,62,67,68
53092;02.09.2026 17:52;1,3,5,6,9,15,23,26,32,33,35,36,44,46,48,54,56,58,65,67
53093;02.09.2026 17:57;12,19,23,27,34,39,50,51,55,58,59,63,64,67,68,69,71,75,77,78
53094;02.09.2026 18:02;2,3,5,7,15,19,21,26,29,36,37,41,43,53,57,62,63,67,70,72
53095;02.09.2026 18:07;4,12,22,23,24,27,29,37,43,44,47,51,52,55,60,61,62,68,73,79
53096;02.09.2026 18:12;4,14,17,20,23,33,37,38,40,42,44,48,52,53,61,66,68,69,75,80
53097;02.09.2026 18:17;2,9,11,13,15,17,21,25,26,35,36,39,43,47,51,54,59,61,65,80
53098;02.09.2026 18:22;7,8,14,15,17,18,21,22,24,29,34,35,37,53,56,58,59,60,78,79
53099;02.09.2026 18:27;1,2,4,5,7,8,10,12,13,27,34,37,39,42,49,63,65,67,69,79
53100;02.09.2026 18:32;1,2,3,5,7,10,11,12,14,19,23,27,28,45,46,53,55,63,66,74
53101;02.09.2026 18:37;7,8,10,15,17,19,23,27,30,33,36,42,49,54,55,59,65,76,78,80
53102;02.09.2026 18:42;1,24,26,27,30,33,36,37,42,43,45,48,51,57,60,62,66,77,79,80
53103;02.09.2026 18:47;1,3,5,7,8,13,25,31,33,38,50,54,60,65,67,69,73,74,77,78
53104;02.09.2026 18:52;8,12,15,19,21,28,30,31,35,36,37,40,41,47,60,62,69,71,74,78
53105;02.09.2026 18:57;3,4,10,15,21,27,29,35,46,51,52,53,59,64,65,67,68,72,74,77
53106;02.09.2026 19:02;1,7,9,11,15,22,26,28,31,33,37,48,53,56,57,59,61,63,77,80
53107;02.09.2026 19:07;1,6,7,9,15,26,29,30,32,43,50,51,52,57,61,63,67,75,77,79
53108;02.09.2026 19:12;3,6,11,18,20,24,29,34,39,45,47,49,50,53,54,60,62,65,74,76
53109;02.09.2026 19:17;1,3,4,5,10,12,17,23,26,31,34,40,42,44,54,56,65,75,76,79
53110;02.09.2026 19:22;1,5,6,16,18,19,22,27,40,43,46,51,52,56,58,63,66,72,77,79
53111;02.09.2026 19:27;6,7,12,14,21,23,38,39,47,51,53,55,56,57,63,65,67,70,75,79
53112;02.09.2026 19:32;1,2,9,16,18,20,23,31,32,40,41,48,51,58,62,63,67,73,74,79
53113;02.09.2026 19:37;2,10,12,18,22,23,29,34,36,39,42,46,49,56,57,60,65,66,71,80
53114;02.09.2026 19:42;5,8,11,19,26,27,28,35,37,50,51,52,53,56,57,58,72,75,76,78
53115;02.09.2026 19:47;2,3,6,11,14,15,17,29,31,36,38,46,47,50,52,64,71,73,76,78
53116;02.09.2026 19:52;3,6,9,11,14,15,16,30,35,37,41,45,46,62,66,68,69,72,78,80
53117;02.09.2026 19:57;4,6,7,10,12,14,18,20,32,34,41,44,46,55,65,68,69,73,74,76
53118;02.09.2026 20:02;3,4,6,8,13,16,21,23,24,26,32,34,37,38,40,43,54,58,64,67
53119;02.09.2026 20:07;8,9,10,30,31,36,37,42,44,49,53,54,55,59,61,64,71,77,79,80
53120;02.09.2026 20:12;3,6,8,9,17,22,27,29,31,35,40,41,44,45,50,55,58,67,70,77
53121;02.09.2026 20:17;3,8,9,16,21,22,23,28,31,35,37,40,41,45,47,50,55,71,78,79
53122;02.09.2026 20:22;10,11,16,19,21,29,31,33,34,37,45,47,48,49,52,57,61,62,63,75
53123;02.09.2026 20:27;14,15,17,22,30,32,33,37,41,45,49,51,53,63,64,66,68,69,73,76
53124;02.09.2026 20:32;6,7,12,17,18,28,30,40,45,47,48,49,57,64,65,67,68,70,73,80
53125;02.09.2026 20:37;4,7,10,11,12,16,18,22,25,27,34,35,38,40,44,47,64,65,66,67
53126;02.09.2026 20:42;4,5,7,10,14,18,23,25,27,29,31,43,47,52,55,61,64,66,69,71
53127;02.09.2026 20:47;17,23,27,28,31,32,33,34,38,40,41,42,45,53,56,59,66,67,70,75
53128;02.09.2026 20:52;4,6,18,20,21,27,29,32,38,40,43,44,49,52,57,64,68,69,72,79
53129;02.09.2026 20:57;7,13,14,15,22,27,35,36,38,43,51,53,55,58,60,61,62,66,70,79
53130;02.09.2026 21:02;1,5,8,10,13,15,17,18,20,25,26,31,35,37,44,46,64,68,69,79
53131;02.09.2026 21:07;2,5,8,11,14,18,19,20,22,35,43,44,50,51,53,55,57,58,60,75
53132;02.09.2026 21:12;2,3,10,17,20,26,36,37,40,44,49,52,53,61,65,71,72,74,76,79
53133;02.09.2026 21:17;1,7,19,20,24,27,37,41,42,43,45,48,49,50,51,60,61,68,70,72
53134;02.09.2026 21:22;5,9,11,16,23,26,33,34,38,39,40,47,48,54,55,61,65,70,75,76
53135;02.09.2026 21:27;3,4,6,7,8,9,17,19,20,21,23,25,27,33,34,39,43,62,65,74
53136;02.09.2026 21:32;4,5,8,9,12,16,30,31,35,36,47,52,53,60,63,65,66,74,77,80
53137;02.09.2026 21:37;4,11,17,18,31,33,36,43,44,49,52,53,54,60,62,63,66,71,77,79
53138;02.09.2026 21:42;1,3,5,8,19,28,31,32,33,34,43,44,53,56,58,62,67,68,76,77
53139;02.09.2026 21:47;2,13,14,18,20,21,22,23,27,28,38,39,40,47,48,65,66,68,70,75
53140;02.09.2026 21:52;10,11,20,26,27,34,36,40,42,43,44,46,47,49,56,57,70,71,76,79
53141;02.09.2026 21:57;6,13,20,22,28,29,30,32,34,36,39,41,43,50,53,56,57,59,67,80
53142;02.09.2026 22:02;1,2,3,6,9,12,14,22,31,32,41,47,49,52,66,70,71,74,75,79
53143;02.09.2026 22:07;3,4,7,9,10,14,18,21,27,28,32,35,40,41,43,45,48,49,60,62
53144;02.09.2026 22:12;2,5,11,20,27,29,30,32,34,36,37,38,43,55,56,57,59,62,66,72
53145;02.09.2026 22:17;3,6,9,15,19,20,30,33,34,35,43,45,51,58,63,65,69,71,75,79
53146;02.09.2026 22:22;2,29,32,35,36,43,46,48,51,52,56,58,59,66,69,70,71,73,74,76
53147;02.09.2026 22:27;1,9,13,20,22,26,33,36,37,38,45,48,51,55,63,66,68,77,78,80
53148;02.09.2026 22:32;2,8,14,20,24,30,32,38,39,41,45,46,47,49,55,62,65,68,70,73
53149;02.09.2026 22:37;1,2,5,11,15,20,22,23,26,29,34,37,41,47,50,51,53,62,65,75
53150;02.09.2026 22:42;2,6,7,9,12,15,20,26,29,31,41,46,47,51,59,62,68,73,78,79
53151;02.09.2026 22:47;8,10,14,18,28,34,36,39,46,49,50,53,57,61,62,63,64,74,77,79
53152;02.09.2026 22:52;2,3,7,16,17,18,20,21,24,25,26,28,32,46,56,57,65,70,71,75
53153;02.09.2026 22:57;1,3,5,9,12,13,16,24,34,35,38,40,42,43,45,47,51,53,61,69
53154;02.09.2026 23:02;4,12,16,17,18,23,24,26,28,39,46,58,65,66,67,70,72,75,77,78
53155;02.09.2026 23:07;6,7,13,17,22,27,29,38,40,46,47,53,56,59,61,69,74,78,79,80
53156;02.09.2026 23:12;4,13,15,25,29,31,32,43,44,48,59,61,62,63,66,73,74,75,76,78
53157;02.09.2026 23:17;2,9,10,13,15,17,18,19,26,34,41,50,51,54,61,62,64,73,74,76
53158;02.09.2026 23:22;1,2,4,6,11,12,19,21,22,28,30,32,35,40,47,49,58,62,77,80
53159;02.09.2026 23:27;2,7,8,9,14,15,18,19,20,35,37,40,46,56,63,67,71,76,78,80
53160;02.09.2026 23:32;2,4,10,11,13,15,22,26,27,28,29,31,35,46,48,53,54,67,72,79
53161;02.09.2026 23:37;5,6,14,16,18,22,29,33,35,38,40,46,51,52,53,56,67,68,78,79
53162;02.09.2026 23:42;1,2,5,7,12,15,19,36,37,41,46,52,58,60,64,67,70,72,73,76
53163;02.09.2026 23:47;3,6,11,16,21,23,24,35,37,48,49,52,54,55,60,62,63,66,67,79
53164;02.09.2026 23:52;6,7,16,19,21,31,38,39,40,43,44,46,48,53,56,58,60,63,71,77
53165;02.09.2026 23:57;3,5,12,13,24,28,32,39,42,43,46,54,55,57,59,61,66,69,70,77

===== 03.09.2026 | 217 ÇEKİLİŞ =====
53166;03.09.2026 00:02;7,12,16,22,25,26,29,36,37,39,42,44,45,47,52,60,71,74,78,79
53167;03.09.2026 00:07;1,3,9,16,17,26,27,33,35,43,44,47,52,55,60,61,66,69,70,78
53168;03.09.2026 00:12;6,10,20,21,22,25,29,31,33,36,43,44,45,46,50,54,59,62,70,71
53169;03.09.2026 00:17;2,11,23,24,28,31,34,38,39,43,51,52,53,55,58,64,65,67,68,69
53170;03.09.2026 00:22;2,9,12,15,16,17,20,22,27,31,32,34,39,45,48,49,58,64,74,79
53171;03.09.2026 00:27;2,6,7,8,9,11,13,16,19,21,23,24,27,31,49,51,60,71,76,80
53172;03.09.2026 00:32;2,5,7,11,15,20,28,29,30,31,34,38,39,49,50,63,64,65,67,75
53173;03.09.2026 00:37;1,4,7,29,30,33,37,39,42,45,50,55,56,59,60,63,64,70,75,80
53174;03.09.2026 00:42;2,5,20,23,25,34,38,39,45,46,47,53,56,62,63,66,67,71,73,78
53175;03.09.2026 00:47;4,5,8,9,13,21,24,25,32,35,37,40,43,49,52,55,58,59,67,75
53176;03.09.2026 00:52;8,10,12,13,17,18,20,27,29,34,36,43,49,50,51,60,70,71,73,79
53177;03.09.2026 00:57;9,10,13,15,16,20,21,23,26,31,34,36,37,43,54,55,65,66,77,80
53178;03.09.2026 01:02;3,8,10,11,14,22,24,27,35,36,45,48,54,55,56,65,67,68,73,75
53179;03.09.2026 07:02;6,7,12,13,18,21,31,39,45,47,51,52,54,56,62,71,73,76,79,80
53180;03.09.2026 07:07;4,9,13,15,16,20,31,34,41,44,45,48,51,53,55,59,67,70,72,74
53181;03.09.2026 07:12;10,18,19,22,23,30,32,36,42,44,49,52,54,62,64,65,70,73,75,78
53182;03.09.2026 07:17;3,5,14,15,16,30,31,35,38,39,43,55,61,64,65,69,71,72,75,78
53183;03.09.2026 07:22;2,3,4,10,12,13,15,19,25,28,37,38,41,43,48,60,62,74,77,79
53184;03.09.2026 07:27;1,8,9,14,16,22,24,27,29,35,47,57,64,66,71,72,74,75,76,80
53185;03.09.2026 07:32;1,2,15,17,20,21,28,30,33,37,40,45,46,57,62,65,66,73,76,79
53186;03.09.2026 07:37;5,6,10,13,15,16,17,20,23,28,34,38,45,49,51,64,67,70,72,77
53187;03.09.2026 07:42;2,3,4,6,7,11,16,25,29,32,33,40,41,42,44,50,61,65,74,76
53188;03.09.2026 07:47;1,3,7,12,15,24,27,29,36,39,44,51,53,55,58,59,60,66,71,72
53189;03.09.2026 07:52;2,6,17,19,20,28,34,40,50,52,54,55,56,57,62,64,66,67,71,80
53190;03.09.2026 07:57;9,16,20,22,25,30,35,36,37,38,42,50,51,58,62,64,65,67,74,77
53191;03.09.2026 08:02;5,6,12,17,21,27,31,32,33,42,44,45,47,53,64,69,73,75,76,78
53192;03.09.2026 08:07;2,3,7,9,12,16,17,27,32,36,42,44,48,50,58,71,72,73,74,80
53193;03.09.2026 08:12;1,2,6,10,14,19,20,24,32,34,36,38,46,47,64,66,68,70,74,76
53194;03.09.2026 08:17;3,11,13,27,28,31,34,35,38,44,45,46,56,61,62,67,70,72,73,76
53195;03.09.2026 08:22;11,13,14,18,19,22,23,25,31,33,40,47,52,54,55,58,63,66,67,77
53196;03.09.2026 08:27;2,6,14,16,18,20,27,28,30,32,37,47,49,56,57,61,67,71,72,74
53197;03.09.2026 08:32;9,10,11,12,13,14,18,19,21,25,33,36,41,43,50,58,59,73,78,79
53198;03.09.2026 08:37;4,5,7,13,18,20,21,24,26,28,29,35,47,51,52,54,55,58,66,74
53199;03.09.2026 08:42;2,6,7,9,11,19,22,23,28,31,36,40,45,50,54,62,66,67,72,75
53200;03.09.2026 08:47;5,9,12,13,18,20,21,24,29,31,47,50,54,55,61,65,70,71,77,80
53201;03.09.2026 08:52;2,3,12,16,20,26,30,32,34,36,38,40,42,44,49,57,62,71,75,77
53202;03.09.2026 08:57;3,8,10,16,18,23,26,27,28,33,34,41,51,53,54,56,57,65,66,80
53203;03.09.2026 09:02;4,7,13,16,19,20,28,29,32,33,34,59,60,61,64,68,71,73,74,78
53204;03.09.2026 09:07;1,3,4,5,8,9,11,14,15,20,24,25,41,55,56,57,68,71,72,75
53205;03.09.2026 09:12;1,5,10,11,19,20,31,32,39,41,42,44,45,49,59,60,66,67,69,76
53206;03.09.2026 09:17;2,10,11,12,15,16,32,39,44,47,52,54,56,66,69,70,72,75,78,80
53207;03.09.2026 09:22;1,2,5,6,10,14,18,19,22,30,46,48,52,54,58,66,67,70,72,79
53208;03.09.2026 09:27;1,3,5,7,12,18,34,35,38,41,42,48,52,53,60,65,67,70,75,76
53209;03.09.2026 09:32;13,21,22,30,31,32,33,34,38,41,42,46,50,52,59,66,71,72,76,79
53210;03.09.2026 09:37;1,5,7,8,9,12,14,20,22,31,32,36,37,40,42,43,44,49,59,80
53211;03.09.2026 09:42;2,5,7,15,17,19,21,23,28,33,38,43,49,53,55,62,65,77,78,79
53212;03.09.2026 09:47;10,12,24,25,26,29,40,45,51,58,59,60,62,67,68,69,70,71,75,77
53213;03.09.2026 09:52;4,5,12,14,16,27,30,38,40,43,44,45,60,62,63,65,68,69,71,72
53214;03.09.2026 09:57;6,7,10,11,19,21,22,25,36,38,42,44,62,63,68,72,74,76,77,78
53215;03.09.2026 10:02;8,15,19,20,22,25,33,35,39,41,44,49,52,53,56,59,60,62,65,69
53216;03.09.2026 10:07;4,6,10,11,14,15,19,20,28,29,31,32,37,42,48,56,57,60,65,69
53217;03.09.2026 10:12;2,4,5,6,11,12,16,19,27,33,43,46,48,58,59,62,67,69,73,75
53218;03.09.2026 10:17;1,2,6,16,20,21,22,24,29,37,46,48,49,54,55,60,64,67,72,80
53219;03.09.2026 10:22;3,4,5,12,13,19,21,24,25,31,45,47,53,62,64,65,71,75,77,79
53220;03.09.2026 10:27;7,8,11,14,16,17,21,32,36,44,46,47,50,56,65,70,71,73,74,79
53221;03.09.2026 10:32;5,8,14,17,18,20,21,28,30,35,37,44,45,46,58,59,65,71,77,80
53222;03.09.2026 10:37;2,6,8,16,17,18,21,27,34,35,42,51,52,54,63,66,75,76,77,80
53223;03.09.2026 10:42;1,4,8,10,18,21,39,40,42,49,51,52,53,54,59,65,74,77,78,80
53224;03.09.2026 10:47;4,9,21,22,26,30,31,35,36,42,51,52,55,62,63,66,68,70,71,76
53225;03.09.2026 10:52;4,5,6,7,12,16,18,39,46,49,54,60,61,63,66,69,75,77,78,79
53226;03.09.2026 10:57;9,11,12,20,21,26,29,33,35,42,46,53,54,58,61,66,68,72,76,80
53227;03.09.2026 11:02;7,12,19,33,39,41,43,44,46,48,50,54,55,59,60,61,63,64,73,75
53228;03.09.2026 11:07;5,7,9,14,16,18,25,29,30,32,34,38,42,58,61,62,66,74,75,78
53229;03.09.2026 11:12;2,6,7,11,19,20,25,34,38,40,42,45,46,53,58,64,67,70,73,76
53230;03.09.2026 11:17;6,7,8,14,16,17,19,29,31,45,48,50,57,58,62,66,68,71,76,79
53231;03.09.2026 11:22;5,11,15,20,22,23,31,34,37,38,40,42,45,50,52,55,60,69,71,75
53232;03.09.2026 11:27;2,7,9,10,15,23,24,26,28,29,30,39,41,44,53,65,67,71,73,80
53233;03.09.2026 11:32;10,14,15,20,27,28,41,42,46,48,54,59,60,61,62,70,71,72,76,79
53234;03.09.2026 11:37;2,4,5,22,24,27,39,40,41,56,58,60,62,63,65,66,69,73,74,75
53235;03.09.2026 11:42;6,13,15,21,22,23,24,31,39,40,44,46,47,51,52,58,61,64,71,72
53236;03.09.2026 11:47;10,14,18,22,31,34,36,37,42,43,45,46,56,59,67,71,72,75,78,80
53237;03.09.2026 11:52;13,17,23,26,31,37,44,45,50,52,54,57,63,67,70,71,73,74,79,80
53238;03.09.2026 11:57;1,3,14,15,17,19,28,31,33,35,36,42,44,45,58,61,62,65,71,76
53239;03.09.2026 12:02;1,2,3,10,11,21,23,24,27,28,32,35,42,47,49,53,56,63,64,79
53240;03.09.2026 12:07;1,3,4,7,9,10,12,14,21,32,33,34,39,42,55,58,63,68,69,74
53241;03.09.2026 12:12;3,7,10,13,16,21,22,23,25,26,27,29,31,36,40,47,48,51,66,68
53242;03.09.2026 12:17;2,8,11,13,18,22,25,26,27,30,38,41,46,57,60,69,70,72,75,76
53243;03.09.2026 12:22;5,6,15,17,23,24,26,29,35,37,47,55,56,57,59,64,69,73,75,76
53244;03.09.2026 12:27;4,7,8,18,22,23,24,31,32,39,40,44,49,50,51,58,63,66,71,80
53245;03.09.2026 12:32;5,8,16,17,22,23,28,31,33,34,43,44,48,50,51,57,61,75,79,80
53246;03.09.2026 12:37;8,11,13,15,23,28,32,34,37,42,50,52,53,61,62,65,69,75,78,80
53247;03.09.2026 12:42;5,6,7,10,17,21,32,33,36,39,41,53,56,58,62,66,70,76,78,79
53248;03.09.2026 12:47;5,6,14,20,21,22,24,30,31,40,41,43,49,50,53,56,64,73,77,78
53249;03.09.2026 12:52;5,9,13,18,27,31,41,44,45,47,48,55,58,66,68,69,70,76,79,80
53250;03.09.2026 12:57;1,11,13,15,17,20,22,24,30,38,42,47,49,50,55,58,63,68,76,78
53251;03.09.2026 13:02;2,7,8,12,14,15,22,27,33,42,46,49,56,59,65,70,71,74,78,80
53252;03.09.2026 13:07;7,18,19,23,34,37,40,41,45,48,49,53,63,64,66,67,69,71,74,77
53253;03.09.2026 13:12;1,7,9,14,18,24,26,28,36,40,42,46,51,54,59,70,72,73,74,80
53254;03.09.2026 13:17;3,4,10,13,14,16,21,24,25,39,41,46,54,57,60,62,63,65,70,74
53255;03.09.2026 13:22;7,10,14,26,28,30,31,37,40,46,53,55,57,59,64,66,72,73,76,78
53256;03.09.2026 13:27;7,11,14,16,26,28,31,35,38,40,47,54,56,58,63,68,70,71,73,76
53257;03.09.2026 13:32;1,7,8,10,14,17,18,22,25,28,29,34,38,39,52,60,63,69,72,79
53258;03.09.2026 13:37;3,5,9,13,14,15,18,19,24,25,35,36,46,52,56,58,59,61,77,79
53259;03.09.2026 13:42;1,3,4,22,23,24,26,30,31,35,37,39,45,49,54,57,65,67,71,78
53260;03.09.2026 13:47;1,2,3,10,12,13,16,23,26,27,29,34,35,39,40,43,63,72,75,77
53261;03.09.2026 13:52;1,3,8,9,16,27,29,31,33,38,42,45,47,53,59,63,66,71,78,79
53262;03.09.2026 13:57;1,3,8,15,17,26,28,33,40,44,46,49,56,58,61,68,69,72,77,79
53263;03.09.2026 14:02;4,7,10,11,12,21,25,34,41,43,44,46,49,50,52,68,69,73,74,80
53264;03.09.2026 14:07;5,10,12,13,14,16,25,34,36,39,42,45,49,50,58,60,67,74,76,77
53265;03.09.2026 14:12;5,9,19,20,26,28,32,34,39,40,42,49,51,52,55,64,65,73,74,79
53266;03.09.2026 14:17;5,7,8,9,16,17,26,43,44,50,53,57,58,59,61,68,69,73,75,79
53267;03.09.2026 14:22;7,11,13,14,16,19,21,22,31,33,38,46,48,49,50,62,65,67,71,72
53268;03.09.2026 14:27;3,7,11,12,21,26,30,32,33,37,41,42,56,59,64,70,72,73,76,80
53269;03.09.2026 14:32;2,6,16,20,26,27,28,29,31,33,34,35,45,47,50,51,58,62,73,75
53270;03.09.2026 14:37;2,6,8,11,16,20,21,23,30,38,41,42,43,50,55,58,63,68,70,77
53271;03.09.2026 14:42;9,15,16,21,26,29,34,37,40,43,52,54,55,56,58,60,67,69,72,79
53272;03.09.2026 14:47;2,4,5,12,16,23,31,32,36,37,42,48,54,55,68,69,71,77,78,80
53273;03.09.2026 14:52;2,9,10,15,16,20,31,41,43,48,49,50,52,55,62,65,66,69,73,80
53274;03.09.2026 14:57;1,8,10,12,13,16,17,24,34,39,47,49,55,63,65,69,70,72,79,80
53275;03.09.2026 15:02;4,13,16,25,26,30,31,40,48,56,58,59,62,64,65,67,70,72,76,79
53276;03.09.2026 15:07;5,6,8,16,25,33,37,38,44,45,52,57,58,60,62,63,64,71,72,79
53277;03.09.2026 15:12;7,13,14,17,20,22,28,29,35,37,45,48,56,61,62,63,65,72,76,77
53278;03.09.2026 15:17;13,15,17,19,20,22,25,33,40,44,48,50,51,55,57,66,67,74,75,79
53279;03.09.2026 15:22;8,14,15,24,26,29,30,36,45,46,47,51,56,61,63,65,67,74,75,76
53280;03.09.2026 15:27;1,3,6,12,13,17,19,21,22,24,26,27,34,41,44,51,59,62,65,70
53281;03.09.2026 15:32;11,12,13,17,26,27,29,32,36,37,45,47,48,58,62,64,67,70,76,80
53282;03.09.2026 15:37;2,3,5,7,8,11,13,14,21,29,31,32,39,44,53,63,75,77,78,79
53283;03.09.2026 15:42;2,4,8,11,12,17,25,28,30,42,43,45,53,60,62,63,66,68,75,78
53284;03.09.2026 15:47;2,11,14,16,17,19,22,25,26,30,41,46,51,57,60,61,63,64,66,77
53285;03.09.2026 15:52;1,5,6,9,10,12,16,17,23,27,31,44,46,49,59,62,63,70,75,79
53286;03.09.2026 15:57;14,16,26,28,32,33,36,39,41,42,43,45,47,51,55,67,68,76,79,80
53287;03.09.2026 16:02;1,8,9,13,14,26,29,33,36,43,44,45,54,61,63,71,72,73,74,76
53288;03.09.2026 16:07;2,10,11,12,14,22,26,27,28,29,35,36,45,50,60,62,66,71,78,80
53289;03.09.2026 16:12;3,5,9,13,14,16,23,33,35,36,39,46,51,59,64,68,71,73,75,77
53290;03.09.2026 16:17;1,2,9,12,13,19,21,24,30,34,42,46,47,55,64,65,66,71,79,80
53291;03.09.2026 16:22;3,4,6,8,9,10,14,21,29,38,41,46,48,49,50,52,61,65,74,76
53292;03.09.2026 16:27;1,2,8,9,11,13,17,22,26,27,32,35,42,43,68,70,72,73,76,77
53293;03.09.2026 16:32;3,4,14,15,17,21,22,24,39,44,51,54,56,60,63,67,69,73,76,80
53294;03.09.2026 16:37;7,10,12,16,18,21,26,28,30,33,35,41,42,44,46,62,66,68,71,78
53295;03.09.2026 16:42;1,4,7,9,13,14,20,33,37,42,45,48,50,53,65,68,71,77,78,80
53296;03.09.2026 16:47;1,5,7,18,21,23,24,31,34,38,44,51,52,55,60,63,64,72,73,79
53297;03.09.2026 16:52;7,17,20,25,30,31,36,39,44,46,48,52,53,54,59,63,65,74,79,80
53298;03.09.2026 16:57;2,5,7,17,27,28,29,32,34,37,40,50,51,54,55,56,58,66,67,71
53299;03.09.2026 17:02;2,15,16,17,20,21,23,24,33,34,35,42,48,52,57,60,63,72,76,78
53300;03.09.2026 17:07;2,11,14,15,18,19,24,37,47,53,60,61,63,65,66,68,69,73,75,80
53301;03.09.2026 17:12;3,5,14,15,19,21,27,29,33,35,36,41,42,43,49,50,57,62,67,70
53302;03.09.2026 17:17;1,2,5,7,10,15,18,20,23,27,28,42,47,48,55,57,58,61,74,79
53303;03.09.2026 17:22;12,17,22,26,36,37,38,41,48,49,50,52,54,55,65,66,72,73,77,80
53304;03.09.2026 17:27;3,11,17,18,19,21,31,32,38,43,50,52,55,61,64,65,66,67,74,75
53305;03.09.2026 17:32;7,10,17,18,24,25,32,37,40,46,48,49,50,53,59,60,64,65,68,75
53306;03.09.2026 17:37;1,7,18,25,28,29,33,34,35,37,43,50,51,52,55,60,62,63,67,72
53307;03.09.2026 17:42;2,9,18,22,23,31,32,34,37,39,42,47,50,53,54,59,65,71,75,77
53308;03.09.2026 17:47;1,3,4,9,11,12,22,29,33,38,41,44,45,54,60,63,69,70,72,75
53309;03.09.2026 17:52;6,7,11,14,35,38,40,41,42,47,50,51,53,57,60,70,73,74,76,80
53310;03.09.2026 17:57;1,2,3,8,11,13,15,22,25,26,30,36,47,49,55,59,63,64,68,74
53311;03.09.2026 18:02;6,9,15,16,19,20,22,23,25,27,33,39,40,45,47,51,52,57,58,69
53312;03.09.2026 18:07;1,3,7,21,31,40,41,45,46,49,52,56,58,61,62,63,64,66,69,71
53313;03.09.2026 18:12;1,2,11,13,23,26,29,30,31,36,37,40,41,45,51,62,67,69,76,80
53314;03.09.2026 18:17;6,11,21,22,24,26,29,30,39,43,45,50,54,57,61,62,63,64,69,72
53315;03.09.2026 18:22;8,16,21,22,30,31,40,41,44,46,50,52,57,59,61,63,76,77,78,79
53316;03.09.2026 18:27;2,3,6,8,12,23,25,26,27,33,34,40,45,57,60,62,66,70,74,76
53317;03.09.2026 18:32;4,7,8,9,17,18,19,24,27,36,37,40,43,46,53,64,65,75,77,79
53318;03.09.2026 18:37;3,4,8,9,11,14,15,16,17,21,28,33,38,41,42,48,62,64,76,78
53319;03.09.2026 18:42;8,10,12,14,17,23,29,32,35,36,40,41,43,46,53,64,66,72,76,77
53320;03.09.2026 18:47;3,5,6,9,15,24,26,29,33,39,40,42,43,49,61,64,68,72,74,79
53321;03.09.2026 18:52;4,7,9,14,21,22,27,39,43,46,47,53,57,59,62,63,65,66,71,79
53322;03.09.2026 18:57;1,2,7,8,10,13,16,17,19,28,30,32,34,51,52,55,66,73,75,77
53323;03.09.2026 19:02;6,7,8,22,24,28,30,33,37,39,50,51,52,58,60,70,73,75,76,77
53324;03.09.2026 19:07;1,7,12,14,18,21,26,29,34,38,40,42,44,49,53,55,61,64,73,76
53325;03.09.2026 19:12;6,14,21,24,26,27,32,33,34,35,38,46,50,51,54,62,65,71,78,80
53326;03.09.2026 19:17;2,4,5,9,15,16,19,20,21,27,34,45,49,52,55,60,63,65,69,72
53327;03.09.2026 19:22;3,5,7,11,13,15,27,29,33,34,37,47,48,56,66,70,74,76,77,78
53328;03.09.2026 19:27;3,11,13,23,28,38,39,41,42,46,53,54,56,66,68,71,72,75,76,79
53329;03.09.2026 19:32;2,6,7,9,12,13,16,19,20,30,31,37,44,54,57,59,62,63,66,78
53330;03.09.2026 19:37;1,5,7,21,23,24,26,29,30,33,39,40,42,45,46,47,49,60,61,79
53331;03.09.2026 19:42;2,5,8,12,15,25,28,30,44,51,54,60,61,62,64,68,71,73,75,79
53332;03.09.2026 19:47;2,5,6,8,9,13,14,17,18,19,21,40,42,45,46,54,64,70,74,80
53333;03.09.2026 19:52;1,15,17,30,33,34,37,38,45,48,51,54,56,57,68,69,73,77,78,79
53334;03.09.2026 19:57;2,3,6,10,12,13,16,19,20,22,26,32,33,34,35,36,48,49,59,76
53335;03.09.2026 20:02;1,5,13,21,25,28,30,32,42,43,49,51,58,61,64,70,71,72,77,80
53336;03.09.2026 20:07;3,6,11,13,14,23,28,31,32,37,38,45,47,53,56,64,65,69,72,75
53337;03.09.2026 20:12;3,4,8,12,16,17,20,27,37,38,48,52,57,58,62,73,74,75,76,80
53338;03.09.2026 20:17;9,11,13,19,22,25,27,29,35,37,38,39,41,43,45,48,59,63,71,74
53339;03.09.2026 20:22;4,7,10,12,17,22,27,30,33,39,46,47,48,53,55,59,66,76,77,80
53340;03.09.2026 20:27;4,10,11,16,21,23,27,45,47,55,57,58,60,63,65,66,74,76,77,78
53341;03.09.2026 20:32;6,7,11,12,15,18,31,34,35,43,45,46,49,50,53,54,58,64,70,79
53342;03.09.2026 20:37;4,5,6,7,9,10,13,22,26,29,30,33,34,45,47,57,61,67,68,71
53343;03.09.2026 20:42;6,7,8,11,16,18,20,23,24,25,33,37,43,48,60,63,65,68,70,80
53344;03.09.2026 20:47;2,4,13,18,20,23,33,40,44,50,52,57,59,61,70,72,73,75,76,79
53345;03.09.2026 20:52;1,3,10,14,21,24,25,28,29,30,31,32,36,38,49,59,66,67,75,78
53346;03.09.2026 20:57;8,10,12,16,17,20,22,34,36,43,49,51,52,58,64,65,66,70,71,80
53347;03.09.2026 21:02;11,19,21,22,34,36,37,38,45,47,53,56,58,59,66,72,74,76,77,79
53348;03.09.2026 21:07;8,10,15,17,19,21,22,27,28,34,35,44,45,54,56,59,69,75,77,79
53349;03.09.2026 21:12;4,7,17,20,24,27,29,40,41,43,45,47,50,51,53,61,64,67,73,75
53350;03.09.2026 21:17;1,4,5,11,14,15,16,20,21,33,40,41,45,53,57,59,61,65,75,78
53351;03.09.2026 21:22;1,2,3,5,9,11,21,24,26,37,44,45,48,52,53,65,70,75,77,78
53352;03.09.2026 21:27;4,7,14,19,22,27,28,30,32,36,41,47,51,52,54,57,59,63,66,77
53353;03.09.2026 21:32;4,12,17,20,23,24,28,30,31,33,34,44,45,46,58,67,68,70,73,77
53354;03.09.2026 21:37;2,12,17,25,29,33,35,41,44,45,48,50,52,55,56,60,67,68,76,78
53355;03.09.2026 21:42;7,9,12,19,23,24,33,35,38,49,50,54,56,58,62,65,67,68,72,78
53356;03.09.2026 21:47;4,14,15,21,27,28,30,40,42,43,45,52,58,60,65,66,70,73,76,78
53357;03.09.2026 21:52;1,6,14,20,25,26,31,32,38,42,48,52,55,56,64,67,69,72,75,76
53358;03.09.2026 21:57;3,13,14,20,23,30,31,33,34,35,39,46,47,59,62,68,70,71,72,75
53359;03.09.2026 22:02;3,5,12,15,16,22,24,36,41,43,44,47,49,59,61,67,69,71,74,79
53360;03.09.2026 22:07;1,4,5,7,12,21,23,25,30,31,37,41,52,56,57,63,66,68,76,77
53361;03.09.2026 22:12;2,4,7,12,27,37,38,41,47,50,52,56,57,63,68,70,75,76,77,79
53362;03.09.2026 22:17;3,5,7,10,14,17,18,19,28,33,36,56,58,63,64,67,68,69,73,75
53363;03.09.2026 22:22;2,7,11,15,22,24,29,31,33,34,39,48,49,50,51,60,66,73,76,79
53364;03.09.2026 22:27;5,6,10,11,16,17,23,25,31,33,36,39,43,48,49,51,54,66,74,77
53365;03.09.2026 22:32;3,4,15,16,17,21,28,34,40,42,44,45,49,61,62,66,68,71,74,76
53366;03.09.2026 22:37;3,6,11,12,13,38,40,42,47,54,58,60,63,64,65,70,72,75,78,80
53367;03.09.2026 22:42;2,5,7,9,15,17,22,25,29,31,32,38,42,43,49,52,58,61,62,77
53368;03.09.2026 22:47;2,8,12,20,25,26,34,38,40,45,48,53,57,61,66,67,75,77,78,79
53369;03.09.2026 22:52;3,15,17,18,20,26,32,35,37,44,46,53,57,58,59,63,66,71,77,78
53370;03.09.2026 22:57;13,18,23,24,27,30,31,44,48,49,52,57,60,63,64,67,69,72,79,80
53371;03.09.2026 23:02;3,10,16,19,20,24,25,28,36,38,39,41,42,46,60,66,69,73,74,77
53372;03.09.2026 23:07;1,11,12,15,23,27,29,30,31,36,43,45,47,48,52,53,55,59,62,68
53373;03.09.2026 23:12;18,19,22,28,29,32,33,36,44,52,55,56,57,63,65,67,68,73,74,80
53374;03.09.2026 23:17;7,9,10,18,21,23,24,28,35,40,41,46,60,61,63,66,68,70,76,78
53375;03.09.2026 23:22;5,6,9,11,14,15,20,22,23,25,27,36,44,49,58,63,66,69,70,75
53376;03.09.2026 23:27;2,8,11,12,19,21,23,26,31,35,38,42,43,49,52,54,56,60,63,73
53377;03.09.2026 23:32;5,6,9,10,12,17,21,28,30,41,46,48,51,55,60,64,65,69,73,75
53378;03.09.2026 23:37;2,11,16,20,23,28,30,31,32,35,43,46,51,52,55,56,58,61,63,74
53379;03.09.2026 23:42;4,5,10,11,19,21,23,24,41,43,47,49,53,54,57,58,65,72,73,80
53380;03.09.2026 23:47;2,10,11,12,13,22,25,28,32,36,41,47,49,59,62,73,74,76,77,78
53381;03.09.2026 23:52;2,5,7,15,16,18,20,22,24,30,33,38,43,50,59,63,69,71,73,74
53382;03.09.2026 23:57;1,2,6,15,18,22,24,25,27,30,32,40,48,49,51,56,60,63,70,80

===== 04.09.2026 | 217 ÇEKİLİŞ =====
53383;04.09.2026 00:02;1,3,4,13,16,23,24,35,36,37,43,52,54,57,65,66,67,68,72,76
53384;04.09.2026 00:07;4,5,7,8,10,12,14,16,17,24,29,31,35,47,48,59,69,70,74,75
53385;04.09.2026 00:12;3,4,6,7,24,26,28,34,36,44,46,51,54,56,59,62,64,68,72,79
53386;04.09.2026 00:17;2,3,5,8,12,16,19,23,25,29,30,32,33,46,47,60,61,64,68,77
53387;04.09.2026 00:22;3,7,8,14,17,21,25,29,33,37,39,46,49,50,51,59,65,70,72,80
53388;04.09.2026 00:27;5,11,14,15,19,20,22,24,28,29,36,40,43,44,47,52,64,69,70,79
53389;04.09.2026 00:32;8,9,11,12,19,20,22,25,30,32,41,42,43,44,47,56,57,58,67,78
53390;04.09.2026 00:37;4,8,9,13,19,24,31,32,34,35,42,47,49,59,66,68,69,73,75,78
53391;04.09.2026 00:42;3,4,5,6,9,10,15,19,23,24,30,31,37,38,40,41,48,53,76,80
53392;04.09.2026 00:47;4,6,7,9,10,12,14,19,25,26,28,32,48,50,51,52,63,68,69,78
53393;04.09.2026 00:52;10,15,18,21,23,24,29,34,36,43,44,45,52,53,56,59,60,62,63,72
53394;04.09.2026 00:57;2,9,11,13,18,19,20,22,27,35,36,41,43,48,51,54,56,66,68,69
53395;04.09.2026 01:02;2,16,17,18,22,27,29,30,31,35,37,45,47,50,57,61,70,72,79,80
53396;04.09.2026 07:02;6,11,13,19,27,33,35,36,37,42,43,51,53,62,65,68,69,72,75,77
53397;04.09.2026 07:07;3,7,9,15,17,23,26,29,41,43,44,57,60,62,63,66,68,71,75,76
53398;04.09.2026 07:12;1,20,22,24,28,32,33,36,41,42,46,49,52,58,59,63,70,76,78,80
53399;04.09.2026 07:17;3,4,5,14,17,26,29,37,43,45,46,47,50,51,52,56,58,61,69,80
53400;04.09.2026 07:22;3,6,7,11,19,20,26,34,39,52,59,61,65,68,69,70,71,74,78,79
53401;04.09.2026 07:27;1,5,7,17,19,23,24,25,26,28,36,39,45,50,51,57,60,70,76,78
53402;04.09.2026 07:32;3,6,9,10,12,25,28,32,37,39,44,46,58,60,62,63,64,69,70,80
53403;04.09.2026 07:37;13,14,24,25,27,31,32,35,39,40,52,54,55,60,67,68,69,70,73,76
53404;04.09.2026 07:42;2,3,9,10,17,25,27,28,30,33,34,38,54,55,64,68,69,72,76,80
53405;04.09.2026 07:47;3,5,25,32,33,34,37,46,50,51,55,60,64,66,67,72,74,75,77,78
53406;04.09.2026 07:52;5,8,9,10,13,20,25,26,28,30,39,40,44,49,57,61,66,73,75,76
53407;04.09.2026 07:57;1,5,12,23,24,27,30,32,47,50,51,52,55,60,62,65,67,69,77,80
53408;04.09.2026 08:02;2,3,9,20,21,28,33,37,39,43,52,57,58,62,64,65,66,68,71,80
53409;04.09.2026 08:07;6,7,15,18,28,34,37,39,41,50,52,55,61,63,67,68,71,73,76,80
53410;04.09.2026 08:12;6,9,14,16,18,24,25,27,32,34,45,47,48,51,55,57,59,67,71,78
53411;04.09.2026 08:17;3,7,17,19,21,24,25,31,32,38,39,42,43,49,56,58,60,64,65,79
53412;04.09.2026 08:22;7,8,9,14,25,26,30,32,34,36,43,45,47,50,52,53,54,62,65,72
53413;04.09.2026 08:27;3,4,5,14,22,23,26,29,30,31,40,44,50,58,62,64,65,66,70,74
53414;04.09.2026 08:32;1,7,13,16,18,24,25,26,31,36,38,41,44,47,48,50,59,62,74,80
53415;04.09.2026 08:37;4,6,9,11,23,26,30,31,32,41,44,46,51,56,57,59,66,70,73,77
53416;04.09.2026 08:42;2,9,12,22,34,35,36,38,41,43,45,46,48,50,64,66,68,74,76,77
53417;04.09.2026 08:47;9,14,16,20,22,23,30,32,33,36,37,39,43,46,48,49,53,54,65,71
53418;04.09.2026 08:52;3,8,21,25,26,27,28,30,39,46,48,50,51,52,59,62,68,71,74,77
53419;04.09.2026 08:57;2,4,13,17,22,23,25,29,37,39,44,46,49,51,57,61,62,68,77,80
53420;04.09.2026 09:02;5,7,9,12,15,19,21,26,28,29,34,37,41,43,53,56,57,63,72,80
53421;04.09.2026 09:07;4,5,11,16,17,18,19,25,38,41,45,46,50,51,52,55,67,68,72,79
53422;04.09.2026 09:12;2,7,15,16,22,23,28,33,38,41,42,46,53,54,58,60,67,70,71,73
53423;04.09.2026 09:17;2,18,19,21,24,26,30,33,34,35,42,43,51,53,58,63,64,65,66,80
53424;04.09.2026 09:22;5,6,9,11,16,20,25,27,35,36,40,47,51,53,56,65,68,69,71,79
53425;04.09.2026 09:27;1,2,4,11,15,23,27,37,38,39,41,44,45,54,56,57,58,65,67,73
53426;04.09.2026 09:32;1,3,10,14,22,25,28,29,32,34,43,47,48,51,54,55,65,73,77,80
53427;04.09.2026 09:37;4,5,11,12,14,21,29,33,35,43,47,49,52,53,56,57,67,69,74,75
53428;04.09.2026 09:42;1,2,5,7,15,19,22,24,25,27,29,31,33,36,38,46,50,54,56,57
53429;04.09.2026 09:47;4,12,13,14,16,17,19,24,26,41,43,47,50,53,60,62,66,74,76,77
53430;04.09.2026 09:52;3,6,19,24,27,30,34,35,37,47,49,50,52,54,57,59,60,67,71,73
53431;04.09.2026 09:57;3,4,6,16,18,24,33,34,36,38,44,47,48,57,60,61,69,71,77,80
53432;04.09.2026 10:02;3,13,18,23,24,26,28,39,42,43,49,50,61,62,63,64,67,68,70,77
53433;04.09.2026 10:07;4,5,8,9,16,21,22,23,36,40,46,47,50,53,55,58,60,67,75,76
53434;04.09.2026 10:12;1,4,7,10,17,20,27,30,37,40,42,47,56,58,63,65,66,73,74,75
53435;04.09.2026 10:17;2,3,5,7,23,29,30,31,34,41,43,52,53,64,65,68,69,72,73,75
53436;04.09.2026 10:22;8,11,12,19,22,27,32,35,36,37,39,40,41,44,46,53,57,69,70,73
53437;04.09.2026 10:27;1,4,5,7,9,17,21,23,24,29,31,36,39,40,43,55,65,69,70,78
53438;04.09.2026 10:32;1,15,17,28,29,30,33,37,38,43,50,52,61,62,64,66,73,74,76,78
53439;04.09.2026 10:37;7,10,11,20,25,26,31,38,39,41,56,61,64,65,69,70,71,72,73,78
53440;04.09.2026 10:42;1,4,11,16,17,22,26,31,34,38,40,43,49,52,53,54,55,63,79,80
53441;04.09.2026 10:47;2,4,11,12,17,23,26,29,30,34,35,36,38,40,42,43,45,58,63,76
53442;04.09.2026 10:52;2,5,11,14,15,17,19,33,35,38,39,41,48,49,56,62,63,73,78,79
53443;04.09.2026 10:57;2,18,21,28,31,36,39,40,45,46,47,49,52,64,65,68,70,72,77,79
53444;04.09.2026 11:02;3,8,10,11,17,18,22,34,39,43,44,47,50,53,64,67,69,71,77,79
53445;04.09.2026 11:07;1,6,9,10,13,14,21,22,26,28,42,46,50,52,54,58,65,68,72,79
53446;04.09.2026 11:12;9,15,19,26,27,37,42,43,55,56,58,60,62,64,66,67,72,74,75,76
53447;04.09.2026 11:17;14,18,21,23,36,41,42,46,47,48,50,53,54,61,63,65,67,68,69,73
53448;04.09.2026 11:22;2,5,7,9,29,31,32,33,42,45,52,53,59,61,64,67,69,71,75,76
53449;04.09.2026 11:27;1,2,4,8,10,25,29,30,38,40,42,43,45,49,52,61,63,71,73,79
53450;04.09.2026 11:32;5,7,14,16,25,27,28,32,33,35,38,39,45,46,52,60,63,64,74,79
53451;04.09.2026 11:37;9,15,17,21,22,25,28,34,37,39,42,43,46,51,59,64,67,69,74,75
53452;04.09.2026 11:42;1,14,15,18,21,22,25,29,32,40,45,47,54,55,56,57,64,65,74,75
53453;04.09.2026 11:47;6,7,8,9,14,16,17,18,31,35,36,42,48,56,57,63,67,69,72,73
53454;04.09.2026 11:52;1,10,14,25,29,32,33,34,38,39,40,47,51,53,60,61,67,70,75,79
53455;04.09.2026 11:57;5,7,8,11,19,20,22,23,25,28,29,35,36,40,43,44,58,60,73,78
53456;04.09.2026 12:02;6,13,17,19,37,39,41,42,52,54,55,58,60,68,70,71,75,77,79,80
53457;04.09.2026 12:07;1,8,20,23,24,25,28,31,34,41,42,53,58,59,60,61,67,76,77,80
53458;04.09.2026 12:12;1,9,10,11,16,19,21,28,31,42,44,45,49,52,63,69,70,71,77,78
53459;04.09.2026 12:17;1,8,11,13,14,16,17,18,19,21,32,36,37,41,46,60,69,77,78,79
53460;04.09.2026 12:22;1,2,6,8,10,15,21,25,27,28,32,36,39,40,44,56,62,65,68,70
53461;04.09.2026 12:27;2,7,13,15,17,33,34,37,39,40,44,49,52,53,54,62,71,72,74,77
53462;04.09.2026 12:32;6,14,16,22,23,25,30,36,39,44,48,49,52,56,58,61,64,65,71,76
53463;04.09.2026 12:37;5,8,10,11,12,13,14,16,18,21,28,30,31,36,43,52,54,63,73,78
53464;04.09.2026 12:42;1,3,4,7,9,12,17,20,28,30,31,37,46,51,53,57,58,66,70,72
53465;04.09.2026 12:47;5,6,10,24,27,29,30,37,38,57,58,59,66,67,69,72,73,74,75,78
53466;04.09.2026 12:52;3,12,16,19,20,24,26,28,35,40,41,44,45,46,55,56,66,69,78,79
53467;04.09.2026 12:57;3,5,11,23,28,30,31,39,49,51,53,62,63,68,69,70,72,76,77,79
53468;04.09.2026 13:02;2,3,4,5,7,18,20,22,28,31,32,40,42,56,57,59,63,70,75,77
53469;04.09.2026 13:07;7,13,17,18,19,24,29,37,39,45,46,49,55,64,66,68,69,70,72,77
53470;04.09.2026 13:12;1,4,7,12,14,16,30,33,34,35,39,43,50,57,61,70,72,76,78,80
53471;04.09.2026 13:17;1,2,10,16,18,22,26,32,36,41,42,43,46,47,49,52,60,64,71,76
53472;04.09.2026 13:22;4,7,10,15,16,21,30,36,41,45,51,52,55,56,60,61,66,68,70,80
53473;04.09.2026 13:27;4,5,8,11,14,16,20,22,28,35,39,47,49,52,54,57,64,65,72,79
53474;04.09.2026 13:32;6,8,12,14,17,30,35,36,39,42,43,44,45,46,50,57,58,62,63,70
53475;04.09.2026 13:37;1,4,7,9,12,13,25,26,27,34,44,45,50,52,57,58,59,63,64,72
53476;04.09.2026 13:42;1,2,3,5,10,17,18,21,26,31,32,45,47,54,55,56,60,68,71,75
53477;04.09.2026 13:47;3,4,15,21,24,26,28,31,37,48,49,52,53,61,63,64,66,67,69,75
53478;04.09.2026 13:52;2,3,5,21,26,32,35,39,41,45,46,49,51,53,55,59,62,69,74,80
53479;04.09.2026 13:57;4,5,13,17,18,19,22,26,31,45,47,57,66,68,72,73,74,77,78,80
53480;04.09.2026 14:02;10,11,12,17,18,23,24,33,35,40,41,46,51,57,61,64,73,76,78,79
53481;04.09.2026 14:07;8,16,25,26,28,29,30,37,40,44,48,49,50,51,58,59,61,64,66,70
53482;04.09.2026 14:12;3,4,7,8,9,12,15,28,32,38,42,44,59,62,63,66,67,68,73,79
53483;04.09.2026 14:17;1,5,7,9,11,13,16,23,27,32,33,41,49,51,53,62,66,70,71,73
53484;04.09.2026 14:22;8,10,12,15,19,24,25,28,31,39,41,48,54,60,67,71,72,75,76,78
53485;04.09.2026 14:27;1,2,3,6,10,15,17,34,37,45,50,52,53,56,58,62,68,73,75,77
53486;04.09.2026 14:32;7,9,18,21,25,26,31,37,38,39,42,47,52,57,65,66,68,69,71,80
53487;04.09.2026 14:37;1,8,9,17,20,23,27,28,34,43,44,49,51,55,56,57,60,63,78,80
53488;04.09.2026 14:42;3,6,12,20,25,28,32,38,40,42,46,55,57,58,59,63,65,69,71,75
53489;04.09.2026 14:47;1,5,11,12,13,14,15,22,25,26,27,30,38,46,56,59,66,69,70,74
53490;04.09.2026 14:52;5,6,8,15,17,19,27,33,37,48,50,51,57,59,65,69,71,74,77,80
53491;04.09.2026 14:57;1,3,7,9,10,11,22,24,25,36,41,52,56,61,63,67,68,75,76,80
53492;04.09.2026 15:02;3,5,6,8,15,21,22,31,34,35,39,42,44,45,54,56,57,62,73,75
53493;04.09.2026 15:07;5,8,16,17,18,33,34,39,40,42,43,46,53,54,63,66,74,76,79,80
53494;04.09.2026 15:12;3,7,8,14,15,17,28,31,32,35,42,44,47,49,50,54,65,66,67,78
53495;04.09.2026 15:17;5,7,10,13,17,18,27,28,30,38,39,43,45,49,52,54,62,66,71,74
53496;04.09.2026 15:22;1,4,11,12,13,18,19,23,25,31,37,45,53,55,70,71,73,74,75,77
53497;04.09.2026 15:27;2,4,6,9,11,13,20,34,38,40,43,44,49,51,52,54,57,65,66,77
53498;04.09.2026 15:32;3,5,8,9,11,15,18,20,22,27,28,39,40,44,49,59,69,71,74,75
53499;04.09.2026 15:37;3,6,10,14,16,20,23,24,25,29,30,31,35,43,47,51,57,61,62,69
53500;04.09.2026 15:42;9,10,16,23,24,28,29,30,33,38,39,42,51,52,57,65,66,67,74,75
53501;04.09.2026 15:47;4,10,13,16,27,31,36,38,40,43,46,50,53,63,64,65,66,69,77,79
53502;04.09.2026 15:52;3,5,6,12,14,17,25,26,33,35,36,39,42,45,51,52,56,59,62,72
53503;04.09.2026 15:57;3,5,7,11,19,21,25,29,40,42,49,50,55,56,61,65,67,69,70,80
53504;04.09.2026 16:02;4,5,6,7,9,23,29,31,32,34,40,42,43,49,56,59,62,63,77,79
53505;04.09.2026 16:07;1,3,8,9,11,27,29,35,43,44,45,49,50,54,57,58,63,74,78,79
53506;04.09.2026 16:12;4,5,10,13,19,20,24,25,34,35,43,45,50,52,58,61,65,70,71,80
53507;04.09.2026 16:17;4,5,10,18,21,22,23,30,33,36,37,38,49,55,57,69,71,73,74,80
53508;04.09.2026 16:22;3,4,6,12,19,21,22,27,30,36,38,39,42,52,54,66,67,68,70,78
53509;04.09.2026 16:27;4,17,18,22,24,27,28,32,33,34,38,39,41,48,59,67,73,74,75,78
53510;04.09.2026 16:32;3,4,10,16,18,24,31,33,38,42,43,55,57,62,65,68,70,74,78,79
53511;04.09.2026 16:37;4,10,12,21,26,38,39,41,43,44,46,50,52,53,54,62,63,70,72,80
53512;04.09.2026 16:42;1,2,4,5,11,25,26,27,28,29,31,45,51,65,69,71,72,73,76,79
53513;04.09.2026 16:47;2,3,11,16,20,22,29,30,33,39,48,57,58,61,64,69,73,76,77,80
53514;04.09.2026 16:52;6,20,24,25,27,35,37,38,40,41,44,45,47,59,60,61,63,64,69,76
53515;04.09.2026 16:57;6,15,20,21,22,26,30,45,46,48,50,54,61,62,68,72,73,74,78,79
53516;04.09.2026 17:02;11,12,13,14,24,26,28,33,39,46,51,53,56,58,59,63,68,69,72,78
53517;04.09.2026 17:07;1,11,12,15,20,21,22,23,33,42,44,47,52,53,55,59,61,65,72,74
53518;04.09.2026 17:12;2,4,7,9,18,26,27,28,30,35,43,50,55,64,65,68,71,75,76,79
53519;04.09.2026 17:17;3,4,12,13,15,17,21,25,33,40,44,51,61,62,64,66,69,71,73,77
53520;04.09.2026 17:22;1,2,4,6,7,9,11,24,31,41,49,54,60,62,63,69,70,72,74,76
53521;04.09.2026 17:27;1,3,6,11,12,15,19,21,26,27,29,35,41,44,45,50,53,69,74,75
53522;04.09.2026 17:32;7,13,16,21,24,27,30,31,36,40,45,47,50,54,59,65,67,72,74,75
53523;04.09.2026 17:37;4,5,9,22,27,28,37,38,42,51,52,54,55,58,59,62,66,68,69,70
53524;04.09.2026 17:42;4,6,7,8,12,14,30,32,33,37,38,40,41,46,51,67,69,75,76,80
53525;04.09.2026 17:47;4,6,12,15,19,24,39,41,44,46,49,54,56,66,69,70,74,75,77,80
53526;04.09.2026 17:52;2,3,5,6,8,14,17,21,28,29,33,35,39,43,48,63,64,67,71,76
53527;04.09.2026 17:57;1,5,6,16,19,21,25,30,34,39,44,46,47,52,56,66,69,77,79,80
53528;04.09.2026 18:02;1,13,16,17,24,25,33,34,36,38,39,49,53,55,58,65,74,77,78,79
53529;04.09.2026 18:07;1,2,11,13,15,19,20,21,26,27,38,41,53,59,64,70,72,73,74,77
53530;04.09.2026 18:12;11,13,18,19,26,27,31,39,42,43,51,53,54,55,58,60,64,65,71,77
53531;04.09.2026 18:17;1,4,10,12,19,21,29,35,36,38,40,43,53,59,60,62,74,75,76,79
53532;04.09.2026 18:22;1,2,3,6,7,10,15,16,17,21,32,36,39,44,48,57,60,72,73,74
53533;04.09.2026 18:27;2,3,6,10,13,17,19,22,35,37,40,44,45,49,53,56,65,66,73,74
53534;04.09.2026 18:32;15,19,27,29,32,35,37,42,43,45,47,50,55,67,70,71,73,77,79,80
53535;04.09.2026 18:37;3,5,9,12,14,18,20,25,27,32,36,38,42,47,48,53,59,63,67,68
53536;04.09.2026 18:42;4,7,15,17,18,25,31,34,40,44,52,53,56,60,64,65,66,71,73,80
53537;04.09.2026 18:47;4,7,8,9,11,19,37,46,50,51,52,53,56,57,60,61,62,66,68,70
53538;04.09.2026 18:52;10,12,13,17,22,26,34,37,39,40,42,44,56,61,64,71,73,76,77,80
53539;04.09.2026 18:57;4,7,8,11,17,22,25,27,32,43,48,54,55,56,62,64,71,73,76,77
53540;04.09.2026 19:02;12,13,15,16,24,26,33,34,38,39,46,51,65,67,70,71,72,73,79,80
53541;04.09.2026 19:07;2,4,10,17,19,24,32,40,42,48,49,50,51,52,65,70,71,73,74,75
53542;04.09.2026 19:12;6,12,14,16,17,24,26,27,36,38,42,46,47,51,59,61,64,66,77,78
53543;04.09.2026 19:17;5,7,9,13,22,27,29,31,34,35,42,43,49,56,59,60,62,63,71,74
53544;04.09.2026 19:22;1,4,11,14,19,24,28,29,34,37,38,39,46,47,48,52,65,66,71,77
53545;04.09.2026 19:27;2,8,9,20,25,26,30,39,44,47,49,50,51,55,61,63,66,69,73,77
53546;04.09.2026 19:32;2,4,7,13,16,18,24,25,30,32,33,38,47,52,58,59,62,67,71,80
53547;04.09.2026 19:37;5,13,16,17,20,23,26,35,43,47,52,56,57,58,59,60,69,72,75,77
53548;04.09.2026 19:42;1,4,8,11,12,18,24,36,40,44,45,49,50,51,52,55,57,67,70,75
53549;04.09.2026 19:47;1,4,12,14,15,16,18,22,23,25,28,30,31,41,42,43,45,60,67,69
53550;04.09.2026 19:52;2,4,6,11,16,17,18,32,38,40,52,57,60,61,69,76,77,78,79,80
53551;04.09.2026 19:57;5,8,10,11,13,15,18,32,34,35,37,38,40,44,53,55,56,61,64,67
53552;04.09.2026 20:02;4,7,9,10,13,18,24,27,29,32,34,36,45,48,54,55,64,73,75,77
53553;04.09.2026 20:07;2,8,11,15,19,23,25,26,30,31,37,41,52,54,56,65,67,72,73,78
53554;04.09.2026 20:12;5,6,13,20,23,24,26,28,30,33,34,38,40,43,44,51,57,66,72,78
53555;04.09.2026 20:17;2,6,11,13,17,18,19,33,35,37,39,42,48,50,53,66,69,72,76,77
53556;04.09.2026 20:22;10,14,16,17,26,27,31,37,44,46,47,49,51,59,60,65,66,71,76,80
53557;04.09.2026 20:27;1,4,10,14,23,24,26,37,40,42,43,47,48,53,56,60,66,73,74,79
53558;04.09.2026 20:32;1,6,8,11,12,13,14,17,31,38,39,43,47,51,56,57,63,64,66,72
53559;04.09.2026 20:37;4,8,9,14,15,18,21,22,24,25,29,33,36,44,47,48,52,54,60,75
53560;04.09.2026 20:42;6,8,22,34,37,41,42,43,44,48,50,52,55,58,59,64,65,68,76,80
53561;04.09.2026 20:47;2,6,7,19,25,28,34,36,37,44,46,54,60,64,67,72,73,77,79,80
53562;04.09.2026 20:52;1,6,11,16,25,27,28,35,36,54,55,56,59,60,61,63,64,71,75,79
53563;04.09.2026 20:57;6,11,14,16,20,22,23,24,25,28,29,35,36,37,58,59,66,70,71,74
53564;04.09.2026 21:02;4,5,6,7,9,12,14,19,20,25,26,28,33,42,43,53,60,73,76,78
53565;04.09.2026 21:07;2,3,6,22,25,26,27,28,31,32,34,39,41,49,51,57,70,72,75,77
53566;04.09.2026 21:12;2,12,13,15,16,17,25,26,33,34,45,55,57,61,70,74,76,77,79,80
53567;04.09.2026 21:17;4,11,24,27,40,43,44,45,46,47,54,59,61,64,65,67,73,74,75,76
53568;04.09.2026 21:22;6,13,14,15,16,21,28,32,35,38,39,52,57,65,67,72,74,75,76,77
53569;04.09.2026 21:27;1,10,16,18,25,27,32,33,40,41,42,43,51,52,60,71,74,76,77,78
53570;04.09.2026 21:32;1,2,4,11,14,16,20,21,22,31,32,36,47,57,59,60,61,65,74,77
53571;04.09.2026 21:37;2,6,8,11,13,14,29,35,37,41,45,52,53,54,55,59,63,71,72,73
53572;04.09.2026 21:42;3,7,8,12,18,22,23,27,29,30,35,38,41,49,50,54,67,68,70,73
53573;04.09.2026 21:47;7,9,12,13,14,24,25,26,32,35,37,46,55,57,60,61,66,68,69,72
53574;04.09.2026 21:52;4,11,18,20,27,30,31,40,50,51,55,61,62,64,65,68,69,73,77,79
53575;04.09.2026 21:57;2,9,10,12,14,15,23,27,30,39,47,51,52,54,55,57,71,72,73,80
53576;04.09.2026 22:02;1,4,11,13,19,26,45,46,47,52,53,54,55,58,65,67,71,73,76,78
53577;04.09.2026 22:07;1,5,6,8,14,25,27,28,37,46,51,54,58,59,63,66,68,70,73,77
53578;04.09.2026 22:12;5,9,10,20,24,25,26,28,29,45,46,50,51,52,55,61,63,66,69,73
53579;04.09.2026 22:17;7,11,13,14,22,26,28,31,35,36,43,45,54,55,56,59,63,68,72,74
53580;04.09.2026 22:22;3,7,8,17,18,24,26,27,29,32,35,42,52,57,59,61,63,66,67,74
53581;04.09.2026 22:27;6,11,14,16,18,19,23,25,31,32,48,50,56,60,65,67,70,72,77,79
53582;04.09.2026 22:32;3,5,9,15,16,24,25,28,31,33,42,56,57,59,60,64,66,68,70,76
53583;04.09.2026 22:37;1,3,9,11,16,17,21,26,34,35,39,40,47,51,57,60,61,69,70,77
53584;04.09.2026 22:42;8,9,13,15,20,21,30,33,37,39,49,52,53,57,58,61,64,66,71,78
53585;04.09.2026 22:47;1,4,5,7,8,14,21,22,25,31,38,48,54,59,65,68,71,72,74,78
53586;04.09.2026 22:52;1,2,13,27,29,31,33,37,40,44,45,49,54,59,61,62,71,72,75,76
53587;04.09.2026 22:57;1,2,9,11,15,16,25,28,36,45,46,49,50,51,55,58,64,67,71,79
53588;04.09.2026 23:02;5,11,18,21,28,31,32,38,46,48,53,63,65,68,71,72,75,76,77,78
53589;04.09.2026 23:07;1,2,20,21,24,26,27,36,37,38,39,43,54,55,56,67,74,77,78,79
53590;04.09.2026 23:12;6,7,16,27,30,33,34,35,36,37,42,54,55,60,62,67,68,72,73,78
53591;04.09.2026 23:17;2,4,9,11,12,14,15,27,28,35,37,39,41,51,56,59,66,73,77,78
53592;04.09.2026 23:22;2,5,8,11,18,19,23,32,35,38,44,46,53,56,60,61,63,64,75,76
53593;04.09.2026 23:27;3,9,12,17,18,20,28,31,33,42,44,45,46,51,52,63,68,69,71,79
53594;04.09.2026 23:32;1,5,10,12,15,16,19,20,28,30,34,35,37,42,50,54,55,59,67,77
53595;04.09.2026 23:37;6,8,13,15,18,20,25,26,36,37,38,48,49,51,54,55,63,72,73,75
53596;04.09.2026 23:42;1,8,9,11,12,17,21,22,24,29,35,40,42,43,45,52,66,69,72,78
53597;04.09.2026 23:47;5,7,10,11,15,16,21,23,24,30,31,34,39,52,56,58,60,68,72,79
53598;04.09.2026 23:52;5,6,11,12,15,24,28,30,35,37,38,39,49,51,52,60,63,71,72,80
53599;04.09.2026 23:57;8,10,18,26,28,33,34,39,46,49,50,53,59,61,63,69,72,73,74,77

===== 05.09.2026 | 217 ÇEKİLİŞ =====
53600;05.09.2026 00:02;6,9,12,20,28,29,34,38,39,40,41,45,47,49,56,58,60,65,70,75
53601;05.09.2026 00:07;1,5,7,8,13,16,23,25,27,36,43,45,52,56,58,62,63,74,78,79
53602;05.09.2026 00:12;2,6,9,11,17,24,26,27,31,35,37,40,44,48,53,61,63,68,69,73
53603;05.09.2026 00:17;1,2,7,9,13,15,22,30,31,37,38,40,44,45,58,60,65,72,74,77
53604;05.09.2026 00:22;4,9,14,16,18,20,27,28,29,36,38,41,44,45,46,55,57,58,62,79
53605;05.09.2026 00:27;1,8,10,11,14,17,19,21,25,35,45,46,53,55,60,64,66,67,71,74
53606;05.09.2026 00:32;2,6,7,8,9,15,24,26,31,44,46,50,52,57,58,61,67,72,73,75
53607;05.09.2026 00:37;1,10,12,14,15,19,23,26,44,45,51,52,54,58,62,63,66,67,77,78
53608;05.09.2026 00:42;1,2,10,15,20,23,28,29,35,36,43,45,50,54,58,60,62,63,67,73
53609;05.09.2026 00:47;4,5,8,10,12,13,18,25,36,37,40,47,49,52,55,56,60,61,64,71
53610;05.09.2026 00:52;9,21,22,25,29,31,32,38,41,47,50,51,55,61,65,70,71,77,78,79
53611;05.09.2026 00:57;3,6,7,9,15,18,21,22,39,46,49,57,60,61,62,65,66,68,77,80
53612;05.09.2026 01:02;5,8,9,10,11,14,16,20,28,31,35,36,46,47,50,57,58,64,65,77
53613;05.09.2026 07:02;3,4,11,16,17,18,19,22,25,44,47,52,54,56,57,59,62,66,70,76
53614;05.09.2026 07:07;2,7,13,16,17,19,21,24,30,33,34,38,44,45,47,52,59,70,71,75
53615;05.09.2026 07:12;7,11,13,18,19,21,22,25,27,32,38,47,50,58,61,65,66,70,71,76
53616;05.09.2026 07:17;2,6,9,10,13,17,19,26,27,30,33,40,42,48,49,61,63,71,73,77
53617;05.09.2026 07:22;1,5,14,22,26,27,32,36,37,44,45,50,55,56,57,59,70,74,77,78
53618;05.09.2026 07:27;1,5,7,12,16,24,25,28,30,36,43,44,49,54,57,59,61,67,70,72
53619;05.09.2026 07:32;2,3,14,15,20,23,28,29,31,33,34,41,46,58,59,63,67,68,70,76
53620;05.09.2026 07:37;4,7,10,13,15,20,23,26,28,35,40,47,50,57,61,70,71,73,74,79
53621;05.09.2026 07:42;2,9,10,12,14,24,25,27,30,31,45,46,47,51,52,65,68,70,78,80
53622;05.09.2026 07:47;6,17,21,22,23,31,36,38,43,46,47,49,55,57,59,63,68,69,73,77
53623;05.09.2026 07:52;7,11,12,14,16,22,23,25,28,29,31,33,34,41,47,52,56,60,62,70
53624;05.09.2026 07:57;1,23,25,28,29,33,34,37,40,41,42,44,45,48,49,51,61,63,70,73
53625;05.09.2026 08:02;6,9,15,21,22,24,26,29,36,38,42,43,49,51,53,56,57,60,70,79
53626;05.09.2026 08:07;7,8,20,25,28,33,34,43,45,51,52,53,55,65,68,69,75,76,79,80
53627;05.09.2026 08:12;1,6,8,9,12,13,17,28,31,36,39,40,41,43,49,52,53,67,70,74
53628;05.09.2026 08:17;4,5,10,11,17,22,28,34,41,42,44,46,51,53,56,58,59,66,73,74
53629;05.09.2026 08:22;6,8,11,12,13,14,20,27,37,38,40,43,45,50,52,53,58,70,72,76
53630;05.09.2026 08:27;2,4,7,8,11,18,21,35,41,43,46,51,52,54,58,61,62,66,67,72
53631;05.09.2026 08:32;1,6,17,18,19,22,27,32,33,35,37,39,46,48,50,52,57,58,69,73
53632;05.09.2026 08:37;3,4,14,18,21,24,26,28,38,40,43,45,53,59,61,69,70,73,76,80
53633;05.09.2026 08:42;7,13,14,15,19,21,31,34,35,37,40,43,44,49,50,57,61,69,72,73
53634;05.09.2026 08:47;3,5,8,27,30,31,33,37,38,39,43,49,50,55,56,59,67,72,74,77
53635;05.09.2026 08:52;4,9,13,15,18,20,21,25,27,31,37,41,54,59,63,64,66,73,76,80
53636;05.09.2026 08:57;1,2,20,22,26,27,37,39,41,43,44,52,53,54,56,58,60,68,69,78
53637;05.09.2026 09:02;4,11,12,13,15,17,26,28,29,35,36,40,47,50,52,56,67,68,72,78
53638;05.09.2026 09:07;1,9,10,15,20,21,23,29,37,41,45,52,58,62,64,66,67,70,71,78
53639;05.09.2026 09:12;2,3,18,22,23,25,31,33,38,40,42,47,50,57,58,61,66,71,77,80
53640;05.09.2026 09:17;1,2,3,5,9,14,15,22,23,38,39,44,49,50,51,58,68,76,77,79
53641;05.09.2026 09:22;9,13,23,31,36,39,48,49,51,53,55,56,60,64,65,69,74,75,77,80
53642;05.09.2026 09:27;3,5,15,26,27,28,34,35,37,41,46,53,55,58,59,63,65,74,77,79
53643;05.09.2026 09:32;2,7,8,9,15,21,23,30,32,35,36,37,38,46,47,49,64,66,75,77
53644;05.09.2026 09:37;1,11,14,29,30,36,41,43,44,45,49,50,53,58,64,65,66,69,72,73
53645;05.09.2026 09:42;4,6,11,12,13,22,25,32,37,43,45,49,50,51,53,55,59,64,65,72
53646;05.09.2026 09:47;10,11,18,20,27,30,33,35,38,39,42,54,55,56,63,68,70,71,72,76
53647;05.09.2026 09:52;3,4,11,12,22,31,33,40,44,46,47,50,55,56,57,64,71,72,73,74
53648;05.09.2026 09:57;4,6,10,16,21,35,36,37,39,42,48,49,52,56,61,69,74,75,77,79
53649;05.09.2026 10:02;4,6,7,9,13,14,18,24,26,27,32,34,38,41,42,46,60,67,78,79
53650;05.09.2026 10:07;2,3,4,5,10,15,21,23,27,39,41,46,52,54,57,69,72,73,76,77
53651;05.09.2026 10:12;2,11,18,24,28,30,32,34,36,38,41,42,46,47,51,57,60,62,74,77
53652;05.09.2026 10:17;4,5,6,11,23,27,34,38,42,44,52,55,60,63,65,67,71,73,75,77
53653;05.09.2026 10:22;7,8,13,23,25,27,33,37,40,43,47,50,53,54,55,58,63,67,74,78
53654;05.09.2026 10:27;12,15,19,20,23,24,25,26,40,41,42,44,49,52,53,61,62,67,73,75
53655;05.09.2026 10:32;2,4,11,15,21,22,29,30,36,46,48,50,54,62,64,71,72,75,76,79
53656;05.09.2026 10:37;5,14,23,28,29,34,35,38,53,57,60,63,66,67,68,69,73,75,77,80
53657;05.09.2026 10:42;2,16,17,21,22,24,29,38,39,40,43,46,57,59,60,61,73,75,76,79
53658;05.09.2026 10:47;1,2,6,8,15,16,19,20,24,43,50,54,60,61,62,63,66,70,74,75
53659;05.09.2026 10:52;8,9,20,22,31,32,34,35,36,41,45,48,53,58,59,69,70,71,75,76
53660;05.09.2026 10:57;10,11,17,22,23,28,29,32,35,38,40,43,45,51,53,66,72,73,76,78
53661;05.09.2026 11:02;3,9,12,18,20,24,25,27,40,41,43,45,62,65,66,74,76,77,78,80
53662;05.09.2026 11:07;14,22,25,28,30,31,39,42,46,47,50,52,54,59,63,64,67,73,79,80
53663;05.09.2026 11:12;2,3,14,20,21,29,32,33,37,38,43,45,46,48,49,62,63,69,74,78
53664;05.09.2026 11:17;2,3,6,9,10,14,17,19,29,38,39,42,43,49,52,54,55,59,63,67
53665;05.09.2026 11:22;4,5,7,16,17,20,21,23,24,28,30,33,34,50,64,67,72,74,75,77
53666;05.09.2026 11:27;1,2,4,5,7,17,19,27,28,34,36,40,43,45,58,63,64,73,74,75
53667;05.09.2026 11:32;6,7,12,18,21,22,23,29,45,49,56,57,65,68,70,71,75,77,78,80
53668;05.09.2026 11:37;2,7,13,14,18,21,22,27,33,35,39,40,41,45,47,54,64,68,78,80
53669;05.09.2026 11:42;1,4,5,9,13,14,16,19,23,25,28,31,39,41,52,66,72,73,77,79
53670;05.09.2026 11:47;10,15,19,29,30,32,39,42,44,45,48,49,53,56,57,62,63,67,68,69
53671;05.09.2026 11:52;1,5,11,14,24,25,27,32,33,35,42,47,48,49,51,59,63,65,66,74
53672;05.09.2026 11:57;4,8,18,25,31,39,41,44,47,49,50,53,54,63,65,69,73,75,76,80
53673;05.09.2026 12:02;5,8,12,25,27,29,33,37,38,46,47,49,50,52,56,58,68,73,76,80
53674;05.09.2026 12:07;7,10,11,20,29,32,34,35,41,46,49,54,60,62,68,69,71,72,73,78
53675;05.09.2026 12:12;7,8,22,30,31,35,40,43,44,46,47,50,55,56,57,59,62,74,76,80
53676;05.09.2026 12:17;11,20,23,27,33,35,39,43,51,54,56,58,61,68,70,73,74,75,76,79
53677;05.09.2026 12:22;1,2,4,5,6,11,18,19,22,26,28,32,37,40,47,49,56,57,60,68
53678;05.09.2026 12:27;3,4,6,9,11,14,17,18,23,26,27,30,40,43,46,66,67,72,74,79
53679;05.09.2026 12:32;7,8,11,21,23,26,29,34,36,40,41,46,49,56,62,63,65,77,79,80
53680;05.09.2026 12:37;2,6,12,16,18,20,23,24,27,41,44,51,54,57,66,67,68,70,77,80
53681;05.09.2026 12:42;2,5,7,10,12,13,15,16,18,21,24,28,41,53,54,57,60,64,68,73
53682;05.09.2026 12:47;7,9,21,24,28,32,36,38,40,42,44,45,47,58,60,63,64,67,71,72
53683;05.09.2026 12:52;5,6,7,24,25,29,32,36,40,41,48,53,54,61,62,72,73,75,78,80
53684;05.09.2026 12:57;2,5,25,28,30,35,36,37,39,40,45,48,49,60,71,72,73,74,79,80
53685;05.09.2026 13:02;1,5,9,11,14,17,18,22,23,37,39,41,50,63,64,65,67,69,72,74
53686;05.09.2026 13:07;4,9,11,14,15,21,22,32,39,43,49,58,66,71,72,73,76,77,79,80
53687;05.09.2026 13:12;3,4,5,8,21,34,36,38,43,44,45,47,48,49,53,55,60,67,74,79
53688;05.09.2026 13:17;5,7,10,13,19,25,27,28,33,37,46,47,49,51,52,53,62,72,73,74
53689;05.09.2026 13:22;2,11,17,22,23,26,30,33,43,45,47,49,57,60,63,71,73,75,76,79
53690;05.09.2026 13:27;1,5,11,16,17,19,20,30,39,45,46,49,50,59,60,62,64,71,72,80
53691;05.09.2026 13:32;7,8,16,18,20,29,34,35,37,38,43,47,52,57,60,61,63,68,73,80
53692;05.09.2026 13:37;5,8,14,21,30,33,38,39,42,43,44,53,56,61,62,64,73,77,78,80
53693;05.09.2026 13:42;4,7,9,15,16,18,22,29,36,42,46,49,51,53,55,57,60,67,70,76
53694;05.09.2026 13:47;1,2,6,8,9,21,22,28,30,37,39,55,56,61,64,69,70,78,79,80
53695;05.09.2026 13:52;3,6,8,17,19,20,21,23,28,31,33,40,44,45,68,69,72,73,74,76
53696;05.09.2026 13:57;2,3,12,14,21,23,29,30,36,41,42,50,53,54,61,63,64,70,78,80
53697;05.09.2026 14:02;2,5,7,15,17,18,20,32,35,37,41,46,48,50,55,63,67,71,75,79
53698;05.09.2026 14:07;3,6,11,15,16,18,20,22,23,38,39,51,52,59,65,67,68,70,71,76
53699;05.09.2026 14:12;1,2,5,8,9,12,13,23,25,37,38,47,48,49,52,55,61,66,76,77
53700;05.09.2026 14:17;5,6,7,10,14,15,16,18,30,37,39,43,44,47,53,58,65,73,77,78
53701;05.09.2026 14:22;2,3,8,18,25,26,28,29,32,36,37,40,41,50,57,59,61,66,70,77
53702;05.09.2026 14:27;9,16,21,23,25,26,27,28,30,32,38,46,47,48,50,55,63,74,76,79
53703;05.09.2026 14:32;4,7,11,18,22,24,25,27,29,32,36,39,44,45,61,64,68,69,71,73
53704;05.09.2026 14:37;2,3,4,7,8,19,21,23,25,30,42,44,49,52,54,55,57,73,77,78
53705;05.09.2026 14:42;1,4,7,10,12,13,17,23,29,31,33,34,35,38,42,48,50,54,59,78
53706;05.09.2026 14:47;7,14,18,20,25,27,31,33,35,36,38,40,48,49,50,56,58,59,74,78
53707;05.09.2026 14:52;3,9,13,14,21,33,34,36,39,40,44,46,48,57,61,67,73,74,75,78
53708;05.09.2026 14:57;1,3,6,9,24,31,33,38,42,44,45,58,60,62,63,65,71,75,79,80
53709;05.09.2026 15:02;1,5,18,20,25,26,33,35,37,45,50,56,60,61,64,67,68,70,75,78
53710;05.09.2026 15:07;1,4,5,6,12,19,21,23,28,33,41,46,49,58,61,63,65,66,70,75
53711;05.09.2026 15:12;1,2,4,12,16,17,19,23,29,34,35,42,50,58,59,65,68,71,72,75
53712;05.09.2026 15:17;1,2,7,11,14,15,19,22,30,36,38,50,53,54,55,65,74,75,78,80
53713;05.09.2026 15:22;3,9,14,17,18,29,33,36,37,39,43,45,61,62,63,64,68,73,78,79
53714;05.09.2026 15:27;4,7,10,24,27,29,36,37,38,39,42,44,48,49,56,57,59,68,73,78
53715;05.09.2026 15:32;9,12,15,19,20,26,31,32,34,38,44,46,47,56,58,62,63,68,72,77
53716;05.09.2026 15:37;1,3,9,20,25,28,31,32,34,37,39,42,54,55,61,62,68,71,75,80
53717;05.09.2026 15:42;2,3,4,8,10,13,29,32,34,37,38,39,43,45,47,48,59,62,72,75
53718;05.09.2026 15:47;11,12,15,22,25,29,31,35,37,39,49,57,61,67,68,70,72,73,77,80
53719;05.09.2026 15:52;5,6,13,14,20,21,22,32,33,34,40,43,51,55,60,66,69,71,73,78
53720;05.09.2026 15:57;1,16,17,26,30,31,32,36,37,41,42,44,47,48,57,61,64,70,73,80
53721;05.09.2026 16:02;1,2,5,6,9,10,11,12,17,19,24,27,33,34,41,53,55,62,69,75
53722;05.09.2026 16:07;4,5,6,9,13,21,25,26,31,32,38,44,47,48,52,62,70,75,76,77
53723;05.09.2026 16:12;3,5,7,9,10,14,15,17,19,20,28,29,31,34,60,64,67,69,76,80
53724;05.09.2026 16:17;1,14,15,20,22,25,26,31,37,39,49,52,54,58,60,61,65,69,74,77
53725;05.09.2026 16:22;13,16,18,20,21,27,34,36,38,40,47,53,57,60,68,72,74,75,77,79
53726;05.09.2026 16:27;2,9,12,13,15,16,19,25,38,40,41,52,53,58,60,64,65,68,70,76
53727;05.09.2026 16:32;1,8,9,12,15,16,20,22,24,25,28,35,49,52,61,62,70,71,73,79
53728;05.09.2026 16:37;2,5,8,9,11,16,31,33,34,41,43,44,56,58,63,71,72,75,79,80
53729;05.09.2026 16:42;1,2,10,17,19,20,24,30,35,37,42,47,49,50,53,59,60,69,77,78
53730;05.09.2026 16:47;4,5,9,10,11,15,18,22,26,29,34,37,43,44,53,55,60,61,66,67
53731;05.09.2026 16:52;6,9,11,12,18,22,28,30,35,37,38,39,46,61,65,67,69,71,73,79
53732;05.09.2026 16:57;1,2,4,11,15,16,19,20,29,35,36,48,49,50,55,60,61,66,67,70
53733;05.09.2026 17:02;2,7,10,14,21,24,30,36,37,40,42,46,47,48,49,51,56,66,68,77
53734;05.09.2026 17:07;1,7,8,10,11,13,20,21,34,38,39,43,44,46,49,56,59,64,66,76
53735;05.09.2026 17:12;6,7,12,14,19,22,23,28,34,36,39,42,45,46,48,49,68,73,74,79
53736;05.09.2026 17:17;1,9,12,13,16,17,18,28,30,39,42,43,44,48,51,58,67,74,75,79
53737;05.09.2026 17:22;2,3,8,10,18,21,23,27,35,36,41,46,50,53,54,65,71,73,75,79
53738;05.09.2026 17:27;1,2,5,9,10,11,12,15,20,21,24,27,34,37,42,52,56,62,73,74
53739;05.09.2026 17:32;7,8,12,15,20,22,23,33,36,39,42,44,45,49,66,68,72,74,76,78
53740;05.09.2026 17:37;3,5,23,25,27,29,30,37,38,45,54,55,56,58,62,68,69,75,79,80
53741;05.09.2026 17:42;8,9,10,13,20,23,25,27,36,37,38,41,45,47,48,49,50,67,70,79
53742;05.09.2026 17:47;12,26,27,28,32,41,44,45,50,52,55,56,58,62,64,65,71,74,75,79
53743;05.09.2026 17:52;2,10,15,17,21,23,25,36,37,39,45,50,58,60,66,69,70,77,78,80
53744;05.09.2026 17:57;2,3,6,8,9,10,12,14,31,32,36,42,46,49,52,58,59,65,67,76
53745;05.09.2026 18:02;1,3,6,8,13,14,23,33,38,41,43,44,47,48,51,52,58,64,69,72
53746;05.09.2026 18:07;2,6,7,10,13,19,20,21,24,25,27,35,40,46,50,57,58,60,61,79
53747;05.09.2026 18:12;1,5,10,16,21,27,32,35,36,41,44,45,51,55,57,58,60,64,70,74
53748;05.09.2026 18:17;3,10,12,16,22,27,30,38,39,47,49,50,54,58,63,64,65,66,75,78
53749;05.09.2026 18:22;9,11,17,24,29,31,32,36,37,38,46,47,58,61,62,63,69,72,73,77
53750;05.09.2026 18:27;6,9,10,17,21,23,27,30,32,33,34,36,50,51,57,61,65,69,75,79
53751;05.09.2026 18:32;2,3,5,7,8,9,14,18,23,24,28,43,44,50,52,61,64,71,75,77
53752;05.09.2026 18:37;10,13,19,29,32,41,45,47,50,55,56,58,61,62,63,65,67,71,78,80
53753;05.09.2026 18:42;2,4,5,12,15,17,18,26,29,33,40,51,57,61,63,66,68,71,75,76
53754;05.09.2026 18:47;3,4,7,11,12,15,17,21,25,32,40,41,47,53,57,58,60,67,68,79
53755;05.09.2026 18:52;3,7,9,11,13,19,20,21,22,23,24,38,44,48,51,55,58,69,74,79
53756;05.09.2026 18:57;3,10,16,20,29,35,44,45,47,50,56,58,63,64,66,69,70,71,74,76
53757;05.09.2026 19:02;1,3,6,12,15,17,19,28,37,39,41,42,43,46,49,66,68,74,75,77
53758;05.09.2026 19:07;7,11,13,14,20,22,26,28,29,48,53,56,57,61,64,67,68,72,77,78
53759;05.09.2026 19:12;2,5,6,8,10,16,21,26,31,42,43,47,53,56,57,65,74,76,77,79
53760;05.09.2026 19:17;1,7,12,15,17,18,20,22,36,39,45,50,52,55,57,61,65,66,71,74
53761;05.09.2026 19:22;7,9,12,18,19,21,25,26,30,38,44,47,54,60,63,66,71,77,78,80
53762;05.09.2026 19:27;3,4,5,7,12,13,14,17,18,20,28,31,36,40,44,45,46,50,51,79
53763;05.09.2026 19:32;7,10,11,15,17,29,34,36,39,44,46,52,61,62,66,68,71,72,74,75
53764;05.09.2026 19:37;9,10,18,21,26,29,30,32,35,39,48,52,56,61,63,65,66,67,70,71
53765;05.09.2026 19:42;3,10,21,22,23,25,27,32,35,44,49,52,53,54,55,58,65,73,74,80
53766;05.09.2026 19:47;6,8,10,21,24,30,31,32,34,39,42,48,51,53,55,56,65,73,74,78
53767;05.09.2026 19:52;4,7,10,15,18,20,26,33,34,39,44,52,56,58,61,70,72,75,76,80
53768;05.09.2026 19:57;1,2,5,14,16,19,26,27,29,31,34,39,40,48,54,56,58,60,70,78
53769;05.09.2026 20:02;6,9,20,24,28,30,32,39,41,43,47,50,51,52,55,60,69,70,78,80
53770;05.09.2026 20:07;4,8,14,21,22,23,26,29,37,43,45,47,50,54,63,66,72,73,77,78
53771;05.09.2026 20:12;1,6,11,20,21,32,37,40,42,53,54,58,62,64,65,69,71,74,75,76
53772;05.09.2026 20:17;1,5,7,8,14,19,21,26,29,31,32,39,43,48,53,55,56,65,79,80
53773;05.09.2026 20:22;1,7,8,9,14,22,31,34,35,41,42,44,50,51,52,55,62,65,69,72
53774;05.09.2026 20:27;2,12,15,17,23,25,27,32,33,36,38,40,44,50,60,64,66,69,74,80
53775;05.09.2026 20:32;2,3,4,12,15,16,24,28,35,46,47,50,51,54,59,63,74,76,77,78
53776;05.09.2026 20:37;5,7,8,9,12,15,16,22,28,35,44,47,48,50,53,54,68,77,79,80
53777;05.09.2026 20:42;2,3,17,24,26,28,34,38,43,56,57,60,62,63,66,68,69,76,77,80
53778;05.09.2026 20:47;2,7,9,16,17,18,25,27,38,44,46,55,58,66,69,70,71,72,75,79
53779;05.09.2026 20:52;1,3,11,15,22,25,26,27,33,45,47,52,56,62,65,69,72,74,76,79
53780;05.09.2026 20:57;5,6,10,13,15,25,29,31,34,36,37,43,52,53,56,57,60,75,76,80
53781;05.09.2026 21:02;2,3,7,13,14,25,34,35,39,48,52,53,54,60,62,63,64,69,74,77
53782;05.09.2026 21:07;7,8,10,15,21,30,32,36,37,46,47,48,51,54,59,63,68,75,77,80
53783;05.09.2026 21:12;1,4,8,11,13,24,27,31,36,39,41,42,43,46,55,61,64,70,72,77
53784;05.09.2026 21:17;10,16,17,20,35,41,42,44,47,51,53,54,58,60,61,62,63,74,75,78
53785;05.09.2026 21:22;2,9,15,21,25,32,36,37,40,42,51,54,55,57,71,73,76,77,78,80
53786;05.09.2026 21:27;19,24,26,27,36,39,45,47,49,53,55,57,59,60,62,65,68,70,71,75
53787;05.09.2026 21:32;1,4,7,10,14,21,23,28,37,43,49,50,51,58,60,62,67,68,69,75
53788;05.09.2026 21:37;3,6,10,18,20,22,25,27,28,29,34,38,39,45,53,56,66,67,68,70
53789;05.09.2026 21:42;12,20,21,23,24,26,27,30,34,48,53,56,57,61,65,68,70,71,72,78
53790;05.09.2026 21:47;2,4,10,17,18,24,25,28,30,33,40,42,52,57,60,62,72,74,76,77
53791;05.09.2026 21:52;2,3,4,5,13,18,20,21,22,23,28,31,35,47,48,49,53,66,70,71
53792;05.09.2026 21:57;8,15,16,20,24,39,42,45,46,47,51,55,57,60,63,70,71,75,76,80
53793;05.09.2026 22:02;1,3,6,8,14,17,19,20,22,27,28,36,38,43,45,53,57,63,64,65
53794;05.09.2026 22:07;2,6,9,12,13,18,20,22,38,40,44,47,49,59,66,67,69,77,78,79
53795;05.09.2026 22:12;7,12,15,17,26,28,31,32,38,39,40,41,43,48,53,69,71,75,76,78
53796;05.09.2026 22:17;3,11,14,16,19,23,27,29,33,38,43,45,48,53,64,70,72,73,75,80
53797;05.09.2026 22:22;7,15,17,20,21,22,28,29,36,37,45,49,54,55,62,66,69,71,73,77
53798;05.09.2026 22:27;4,5,8,9,19,25,26,40,41,53,56,59,67,70,72,74,75,78,79,80
53799;05.09.2026 22:32;2,5,14,15,16,21,22,25,26,29,36,38,48,51,57,62,64,70,71,74
53800;05.09.2026 22:37;4,5,9,12,20,21,29,30,34,43,47,48,56,57,60,63,67,68,76,78
53801;05.09.2026 22:42;3,5,7,9,10,12,13,21,25,35,36,38,41,44,45,48,56,66,72,79
53802;05.09.2026 22:47;5,7,8,10,11,21,34,35,37,39,41,42,43,47,52,57,64,66,70,72
53803;05.09.2026 22:52;7,8,10,13,16,18,19,24,26,27,29,52,53,58,60,61,62,67,70,80
53804;05.09.2026 22:57;1,5,9,11,14,18,23,27,29,33,38,44,47,54,56,58,61,67,70,76
53805;05.09.2026 23:02;4,6,9,10,11,19,21,26,29,33,34,39,50,55,56,57,60,68,69,70
53806;05.09.2026 23:07;4,6,11,13,16,23,24,26,28,31,35,39,44,47,52,53,55,57,58,70
53807;05.09.2026 23:12;2,4,5,8,11,12,13,15,26,31,35,48,50,55,57,61,62,64,68,80
53808;05.09.2026 23:17;9,12,16,17,23,30,37,41,42,46,47,52,53,61,67,70,72,73,74,77
53809;05.09.2026 23:22;2,3,5,8,10,11,17,20,22,31,35,41,42,48,52,56,61,68,76,80
53810;05.09.2026 23:27;4,5,9,10,20,21,28,31,36,39,44,46,50,56,57,59,60,64,77,80
53811;05.09.2026 23:32;3,4,7,12,20,22,29,30,37,44,46,48,50,54,61,66,67,69,72,79
53812;05.09.2026 23:37;1,7,8,9,15,25,27,28,44,45,46,50,52,53,55,56,63,70,73,78
53813;05.09.2026 23:42;3,6,7,13,14,16,22,28,29,30,32,43,50,52,58,61,66,72,75,79
53814;05.09.2026 23:47;9,13,16,21,26,27,37,38,40,41,43,44,45,59,60,64,65,67,73,75
53815;05.09.2026 23:52;2,9,11,14,27,33,41,43,47,52,57,60,63,64,69,71,72,74,77,78
53816;05.09.2026 23:57;4,6,8,10,17,21,27,33,35,42,50,52,56,57,61,63,67,68,76,79

===== 06.09.2026 | 217 ÇEKİLİŞ =====
53817;06.09.2026 00:02;3,4,7,11,17,18,23,25,28,31,40,41,48,61,64,67,71,74,75,76
53818;06.09.2026 00:07;1,2,4,7,8,9,12,14,19,20,23,34,37,45,49,52,54,56,69,72
53819;06.09.2026 00:12;10,23,25,26,29,30,33,34,40,43,46,52,56,63,66,67,68,70,77,78
53820;06.09.2026 00:17;6,8,13,14,21,22,25,30,31,32,33,39,41,44,49,50,61,62,63,74
53821;06.09.2026 00:22;1,10,11,17,22,29,32,48,53,55,60,62,64,67,68,71,74,75,77,80
53822;06.09.2026 00:27;9,10,12,19,21,23,27,29,31,32,34,42,44,50,51,61,67,69,73,76
53823;06.09.2026 00:32;3,5,6,7,15,17,21,22,30,32,36,37,38,39,40,48,57,65,68,69
53824;06.09.2026 00:37;3,4,6,12,14,16,19,23,26,29,30,32,36,41,59,61,63,70,73,74
53825;06.09.2026 00:42;1,8,11,12,15,16,36,39,47,49,50,51,56,57,59,63,65,73,77,79
53826;06.09.2026 00:47;3,4,10,17,22,27,35,43,49,50,51,53,57,62,63,69,72,74,78,79
53827;06.09.2026 00:52;3,8,12,15,19,20,24,26,37,44,45,47,51,54,56,59,60,63,64,66
53828;06.09.2026 00:57;8,15,25,26,28,31,36,37,39,44,49,55,59,60,63,65,75,78,79,80
53829;06.09.2026 01:02;1,3,5,15,16,20,22,26,29,36,40,41,57,59,66,69,72,74,76,79
53830;06.09.2026 07:02;1,3,5,8,10,13,16,18,22,28,30,32,43,45,49,52,56,61,66,77
53831;06.09.2026 07:07;5,11,14,15,16,21,27,33,34,37,45,46,49,53,56,62,66,76,78,80
53832;06.09.2026 07:12;1,3,9,11,13,19,21,25,31,37,43,44,51,53,58,59,63,65,68,76
53833;06.09.2026 07:17;8,14,16,17,20,29,31,32,34,37,40,41,47,55,56,59,60,62,70,77
53834;06.09.2026 07:22;6,7,10,11,14,21,24,26,31,32,35,36,41,48,49,55,62,70,78,80
53835;06.09.2026 07:27;7,10,17,18,34,36,41,45,49,52,55,57,58,59,62,63,65,67,76,80
53836;06.09.2026 07:32;1,5,11,12,14,17,18,20,21,26,27,31,60,62,66,67,71,72,75,78
53837;06.09.2026 07:37;1,10,11,13,15,16,18,20,23,26,34,36,39,42,43,49,56,57,76,77
53838;06.09.2026 07:42;2,3,8,12,17,26,34,37,40,41,43,45,46,47,58,59,70,74,75,80
53839;06.09.2026 07:47;4,8,11,12,16,18,27,31,33,42,44,46,52,54,56,61,63,65,68,71
53840;06.09.2026 07:52;1,2,12,13,15,16,20,23,34,36,37,38,50,52,54,56,57,61,63,67
53841;06.09.2026 07:57;2,3,7,9,10,26,32,35,37,39,44,45,46,53,60,65,66,67,69,80
53842;06.09.2026 08:02;4,7,9,12,13,16,20,21,23,30,33,39,45,53,54,59,60,69,71,73
53843;06.09.2026 08:07;3,14,19,20,27,30,32,35,41,42,45,51,52,55,59,61,67,71,74,75
53844;06.09.2026 08:12;7,10,14,20,23,28,30,35,37,41,42,45,50,54,56,59,67,74,75,79
53845;06.09.2026 08:17;6,7,11,16,19,21,27,31,34,36,43,44,52,53,60,62,64,65,73,77
53846;06.09.2026 08:22;1,8,11,15,16,20,25,27,34,36,38,41,45,47,52,58,62,72,79,80
53847;06.09.2026 08:27;2,8,9,11,12,21,27,28,37,46,51,53,54,56,60,62,68,71,74,76
53848;06.09.2026 08:32;5,10,14,15,24,25,26,29,32,38,45,54,55,56,59,62,64,65,74,76
53849;06.09.2026 08:37;5,6,8,11,12,19,21,22,36,37,38,42,44,51,52,55,56,60,69,76
53850;06.09.2026 08:42;6,18,22,25,26,30,32,35,40,43,44,46,48,59,60,62,64,77,78,80
53851;06.09.2026 08:47;12,14,15,17,22,23,29,31,33,41,43,46,48,51,54,68,69,72,73,74
53852;06.09.2026 08:52;7,8,14,16,20,27,28,35,42,43,51,53,54,57,69,70,73,74,75,76
53853;06.09.2026 08:57;5,11,18,22,24,25,26,29,30,35,40,45,46,47,50,54,59,64,69,71
53854;06.09.2026 09:02;5,11,16,21,32,34,35,49,52,53,54,57,59,60,62,64,74,75,76,77
53855;06.09.2026 09:07;10,14,15,20,22,23,27,30,34,36,39,42,43,44,45,58,59,65,69,70
53856;06.09.2026 09:12;7,14,19,23,36,43,49,52,54,57,60,61,63,64,67,69,71,74,75,78
53857;06.09.2026 09:17;1,2,5,7,9,11,17,18,26,39,43,44,45,46,51,54,59,60,68,73
53858;06.09.2026 09:22;7,8,11,14,26,30,35,36,39,41,42,50,51,52,57,66,69,72,75,76
53859;06.09.2026 09:27;2,5,9,11,13,15,18,20,23,26,27,29,30,34,44,45,48,53,54,58
53860;06.09.2026 09:32;2,3,12,13,22,26,27,29,31,33,35,45,48,49,52,54,55,56,61,62
53861;06.09.2026 09:37;2,14,18,20,30,35,37,38,44,46,47,49,51,54,58,65,69,75,77,78
53862;06.09.2026 09:42;1,8,10,16,19,22,24,25,28,31,34,35,39,42,55,56,57,59,70,79
53863;06.09.2026 09:47;1,6,7,10,11,12,25,28,29,35,37,43,47,53,64,67,72,74,77,79
53864;06.09.2026 09:52;1,8,16,20,21,30,31,32,34,39,46,49,53,57,61,65,67,71,74,75
53865;06.09.2026 09:57;6,10,14,18,21,22,24,27,32,36,46,48,53,54,56,59,62,75,77,80
53866;06.09.2026 10:02;9,11,18,22,30,31,33,34,36,39,40,45,46,51,53,57,61,62,71,79
53867;06.09.2026 10:07;5,9,17,18,25,28,29,31,32,37,41,52,56,58,59,64,66,67,72,80
53868;06.09.2026 10:12;2,5,11,23,24,27,32,34,40,43,45,50,55,58,62,64,68,69,72,73
53869;06.09.2026 10:17;2,9,24,27,28,32,35,38,41,42,44,51,52,54,55,60,70,72,74,77
53870;06.09.2026 10:22;7,8,9,16,18,27,28,32,33,39,41,42,43,44,49,50,53,60,64,70
53871;06.09.2026 10:27;7,9,10,14,15,20,22,23,30,31,36,41,50,65,66,67,70,73,74,78
53872;06.09.2026 10:32;2,6,8,11,12,20,21,29,30,48,49,51,53,55,58,61,73,75,77,80
53873;06.09.2026 10:37;6,11,14,23,26,29,32,34,36,37,39,50,53,56,58,61,68,71,75,79
53874;06.09.2026 10:42;4,7,8,9,10,13,16,18,20,22,35,41,49,60,61,63,72,74,77,79
53875;06.09.2026 10:47;6,7,14,16,22,36,44,45,46,48,55,58,60,61,62,65,72,73,74,80
53876;06.09.2026 10:52;10,11,13,15,23,24,29,30,36,41,50,52,55,56,57,60,61,62,70,78
53877;06.09.2026 10:57;3,4,6,13,17,19,21,22,26,31,36,45,47,52,55,60,63,65,69,73
53878;06.09.2026 11:02;2,4,5,7,9,11,13,15,18,21,24,34,39,43,58,62,72,73,78,80
53879;06.09.2026 11:07;4,5,13,20,24,29,30,35,37,39,44,50,52,53,54,55,56,71,75,78
53880;06.09.2026 11:12;4,9,11,12,13,14,15,16,20,28,46,47,50,52,56,60,69,72,74,80
53881;06.09.2026 11:17;3,6,8,17,23,26,27,28,31,38,40,43,45,46,50,53,64,66,73,77
53882;06.09.2026 11:22;2,10,12,18,19,22,23,30,31,32,33,38,43,53,57,64,65,68,79,80
53883;06.09.2026 11:27;1,10,11,12,15,21,28,33,34,36,39,40,55,57,64,65,67,68,71,74
53884;06.09.2026 11:32;1,8,21,24,27,30,35,36,38,39,41,42,47,54,60,65,70,73,77,79
53885;06.09.2026 11:37;5,6,15,19,24,26,27,32,42,43,46,48,53,63,65,66,73,75,77,79
53886;06.09.2026 11:42;4,11,19,24,28,29,31,33,34,41,42,44,46,51,53,55,63,67,69,72
53887;06.09.2026 11:47;1,6,7,8,9,12,13,14,17,18,20,21,45,48,50,54,58,67,68,73
53888;06.09.2026 11:52;6,7,8,9,11,13,18,19,24,32,36,40,42,43,50,57,62,63,68,74
53889;06.09.2026 11:57;6,19,21,24,25,29,36,37,41,42,44,46,58,62,64,67,71,72,76,77
53890;06.09.2026 12:02;2,4,7,10,15,17,27,32,40,42,44,45,60,61,66,67,68,74,77,79
53891;06.09.2026 12:07;5,30,37,39,41,43,44,51,52,53,54,57,59,61,64,65,68,72,78,80
53892;06.09.2026 12:12;2,10,15,22,26,28,32,36,39,44,45,51,52,55,60,66,67,69,75,77
53893;06.09.2026 12:17;3,9,10,11,16,23,32,33,36,38,39,42,45,47,50,55,57,67,70,72
53894;06.09.2026 12:22;6,8,9,10,17,21,28,30,32,34,41,46,49,54,55,59,71,72,78,80
53895;06.09.2026 12:27;1,5,11,15,17,18,19,20,31,37,38,40,41,50,53,56,63,66,69,75
53896;06.09.2026 12:32;3,7,8,11,16,21,26,38,42,43,48,49,53,57,61,64,67,70,71,76
53897;06.09.2026 12:37;3,7,8,14,16,25,28,29,38,39,44,46,50,52,58,65,67,69,70,77
53898;06.09.2026 12:42;6,12,16,17,20,24,32,36,38,44,45,47,54,55,57,62,64,70,75,78
53899;06.09.2026 12:47;9,12,14,17,23,29,35,36,37,39,44,47,48,60,63,64,65,66,67,72
53900;06.09.2026 12:52;4,5,11,12,13,19,24,26,33,39,40,49,51,58,60,61,64,68,73,77
53901;06.09.2026 12:57;1,6,12,23,24,33,36,38,46,50,52,53,58,59,63,65,67,69,70,75
53902;06.09.2026 13:02;7,8,11,14,15,16,19,21,31,41,49,51,52,53,54,58,60,61,62,72
53903;06.09.2026 13:07;3,5,7,14,17,24,25,27,28,30,32,40,43,45,47,55,58,63,64,71
53904;06.09.2026 13:12;3,4,17,18,27,28,32,40,43,47,49,51,52,53,56,64,65,67,70,72
53905;06.09.2026 13:17;6,7,8,19,24,25,27,30,31,32,39,40,45,51,52,53,59,66,76,78
53906;06.09.2026 13:22;1,2,3,4,7,19,23,26,28,34,35,37,41,48,49,53,56,58,66,79
53907;06.09.2026 13:27;3,8,10,13,30,32,33,35,49,55,56,61,64,65,67,69,72,73,76,79
53908;06.09.2026 13:32;4,10,11,13,19,23,28,37,39,47,48,50,53,56,61,67,71,72,73,78
53909;06.09.2026 13:37;2,7,9,16,19,23,35,41,43,44,46,48,56,60,65,71,72,74,76,80
53910;06.09.2026 13:42;6,8,9,22,23,33,38,42,45,49,50,52,57,60,61,65,67,69,70,75
53911;06.09.2026 13:47;2,4,6,12,15,20,23,26,28,33,35,36,37,42,43,50,58,62,68,79
53912;06.09.2026 13:52;3,4,13,14,17,19,21,23,25,34,36,38,39,40,61,62,64,65,73,75
53913;06.09.2026 13:57;2,3,6,9,12,18,21,22,29,30,35,36,40,44,48,50,53,54,57,65
53914;06.09.2026 14:02;1,7,14,17,24,27,32,34,36,38,39,42,45,47,61,65,69,75,76,79
53915;06.09.2026 14:07;4,17,18,23,24,26,29,30,35,40,41,43,44,46,52,54,57,59,60,77
53916;06.09.2026 14:12;2,7,12,15,16,25,27,28,31,38,40,46,48,54,63,64,66,67,72,78
53917;06.09.2026 14:17;2,3,4,10,12,13,21,27,33,39,42,43,44,45,47,50,51,67,76,77
53918;06.09.2026 14:22;6,15,17,21,24,28,30,34,36,39,43,46,47,49,50,54,58,62,63,78
53919;06.09.2026 14:27;2,8,16,19,20,24,30,32,33,35,39,47,50,51,65,72,74,77,79,80
53920;06.09.2026 14:32;6,9,11,15,16,17,20,24,37,41,42,43,44,45,47,60,74,75,77,79
53921;06.09.2026 14:37;4,5,10,13,18,23,24,25,28,38,41,42,46,47,49,51,53,55,74,79
53922;06.09.2026 14:42;10,11,12,24,27,39,41,42,43,45,48,51,54,55,59,66,71,74,75,79
53923;06.09.2026 14:47;1,4,12,13,14,20,22,26,31,32,34,38,51,52,60,61,65,66,67,68
53924;06.09.2026 14:52;4,11,13,15,33,34,36,40,42,44,51,58,60,61,62,68,69,75,76,79
53925;06.09.2026 14:57;14,15,19,20,28,29,31,34,48,49,53,56,58,60,64,66,70,73,75,78
53926;06.09.2026 15:02;2,4,6,8,15,16,20,23,26,28,31,44,47,51,52,53,54,72,78,80
53927;06.09.2026 15:07;1,3,6,10,14,27,30,31,33,36,37,41,54,57,60,66,67,68,79,80
53928;06.09.2026 15:12;14,15,20,26,32,33,41,46,47,51,52,55,59,62,64,66,73,74,76,80
53929;06.09.2026 15:17;2,5,8,11,21,34,36,40,41,42,47,48,50,54,63,64,70,75,78,80
53930;06.09.2026 15:22;2,5,14,15,16,20,21,27,30,37,43,44,45,47,52,54,60,61,65,72
53931;06.09.2026 15:27;1,3,8,12,13,18,20,22,25,28,31,34,38,39,41,50,54,68,75,76
53932;06.09.2026 15:32;2,3,12,18,21,22,23,33,34,41,43,46,51,52,63,70,71,74,77,80
53933;06.09.2026 15:37;3,5,6,11,14,21,25,27,29,30,31,40,44,45,47,58,69,73,75,76
53934;06.09.2026 15:42;6,7,8,12,13,15,16,25,31,33,35,40,42,48,55,58,60,66,68,78
53935;06.09.2026 15:47;11,14,17,20,25,26,29,31,34,37,39,45,46,47,48,49,69,70,74,76
53936;06.09.2026 15:52;4,5,6,9,10,11,14,23,27,31,37,38,39,41,46,64,73,74,78,80
53937;06.09.2026 15:57;4,6,8,14,15,17,22,34,35,39,40,41,46,51,55,65,72,77,78,79
53938;06.09.2026 16:02;5,6,9,10,16,18,20,21,22,24,27,33,37,42,44,49,56,63,68,71
53939;06.09.2026 16:07;1,2,6,8,13,14,20,23,28,32,33,35,39,46,47,50,55,59,72,75
53940;06.09.2026 16:12;2,5,8,9,10,12,20,24,31,35,43,50,51,54,56,59,62,66,70,75
53941;06.09.2026 16:17;1,3,4,13,14,16,18,23,24,33,35,36,40,43,54,56,59,66,76,77
53942;06.09.2026 16:22;5,10,11,14,16,17,19,28,32,36,37,46,53,56,57,58,69,71,75,80
53943;06.09.2026 16:27;3,10,22,25,26,30,32,40,42,44,47,50,54,56,62,64,65,67,79,80
53944;06.09.2026 16:32;3,4,8,16,21,23,28,31,42,44,46,53,59,64,65,66,67,68,70,76
53945;06.09.2026 16:37;1,12,15,16,19,31,32,39,44,47,49,50,51,53,54,56,65,67,68,77
53946;06.09.2026 16:42;2,3,10,15,19,20,22,27,28,29,42,43,51,58,61,66,67,68,77,79
53947;06.09.2026 16:47;2,6,7,11,16,17,21,23,25,31,50,59,61,64,68,69,73,76,79,80
53948;06.09.2026 16:52;5,6,7,10,11,12,15,20,23,30,36,38,42,57,59,61,63,70,71,78
53949;06.09.2026 16:57;4,5,6,9,10,11,12,14,28,39,41,46,55,58,62,67,72,74,77,80
53950;06.09.2026 17:02;7,9,10,13,26,31,32,35,36,38,42,45,49,51,56,71,73,74,75,76
53951;06.09.2026 17:07;1,3,22,25,28,30,34,35,36,44,50,56,58,63,67,68,69,74,76,77
53952;06.09.2026 17:12;6,9,10,14,15,16,19,21,23,33,34,44,46,47,50,51,54,60,61,68
53953;06.09.2026 17:17;4,7,13,15,18,21,22,26,27,30,46,49,51,52,56,61,63,71,73,75
53954;06.09.2026 17:22;12,21,24,26,29,35,38,41,44,45,49,56,57,60,61,65,72,73,75,76
53955;06.09.2026 17:27;4,15,16,20,21,33,35,37,38,40,42,46,51,52,59,62,67,74,77,80
53956;06.09.2026 17:32;7,10,12,15,31,37,50,55,56,57,58,60,62,66,68,72,73,75,76,77
53957;06.09.2026 17:37;1,3,5,13,27,29,32,33,35,36,41,43,44,54,61,67,68,75,76,79
53958;06.09.2026 17:42;17,25,26,30,35,36,37,39,44,47,50,52,53,54,58,59,62,63,66,80
53959;06.09.2026 17:47;1,2,6,8,9,12,16,18,36,38,39,58,61,64,66,68,69,70,72,77
53960;06.09.2026 17:52;4,6,12,13,16,18,20,25,36,40,42,43,48,56,58,59,62,67,72,76
53961;06.09.2026 17:57;8,10,11,13,19,24,37,40,49,50,54,55,56,59,60,61,65,69,77,79
53962;06.09.2026 18:02;2,9,12,19,21,27,37,39,40,43,45,54,62,63,65,66,68,73,77,80
53963;06.09.2026 18:07;16,21,23,24,30,31,36,37,38,42,43,45,56,57,65,68,73,75,76,80
53964;06.09.2026 18:12;4,7,11,15,21,23,24,30,37,41,46,50,51,53,58,65,71,72,74,79
53965;06.09.2026 18:17;2,10,14,16,18,19,23,28,29,31,37,40,47,52,53,54,56,78,79,80
53966;06.09.2026 18:22;1,5,10,17,18,32,33,42,43,46,47,48,50,52,54,68,69,75,77,79
53967;06.09.2026 18:27;4,5,17,18,20,21,23,33,41,44,45,50,57,63,65,68,69,70,71,74
53968;06.09.2026 18:32;1,4,5,6,7,17,21,25,30,37,40,41,43,44,55,57,64,66,69,75
53969;06.09.2026 18:37;3,4,9,12,18,25,28,29,30,32,33,34,38,45,51,59,65,66,68,69
53970;06.09.2026 18:42;5,9,16,22,23,29,34,41,45,49,50,51,58,59,60,62,66,72,74,79
53971;06.09.2026 18:47;4,6,8,9,13,15,21,27,32,40,41,51,60,61,62,66,69,73,74,79
53972;06.09.2026 18:52;1,5,11,13,14,17,19,24,36,41,43,46,50,53,54,63,64,67,72,75
53973;06.09.2026 18:57;1,9,10,11,15,16,18,30,43,52,53,59,60,61,62,70,72,73,76,79
53974;06.09.2026 19:02;2,4,9,10,13,18,21,25,27,32,33,37,40,42,44,46,49,53,76,77
53975;06.09.2026 19:07;8,10,12,15,17,21,26,34,39,41,48,49,54,59,60,65,66,67,69,77
53976;06.09.2026 19:12;3,20,23,24,26,27,30,31,35,41,42,47,48,49,51,52,68,70,73,76
53977;06.09.2026 19:17;1,4,6,15,17,20,21,27,37,42,43,49,54,55,66,67,68,70,73,77
53978;06.09.2026 19:22;2,8,15,23,24,27,32,34,36,38,43,47,48,52,64,67,74,76,78,80
53979;06.09.2026 19:27;7,8,16,17,20,23,30,35,39,45,48,56,58,59,65,67,68,74,75,76
53980;06.09.2026 19:32;2,5,8,9,14,15,19,21,23,25,34,36,37,39,49,50,57,61,70,79
53981;06.09.2026 19:37;5,10,16,18,19,21,27,35,36,38,43,46,56,59,61,72,74,76,77,79
53982;06.09.2026 19:42;2,3,21,22,32,34,38,39,40,45,52,53,55,60,63,64,67,72,79,80
53983;06.09.2026 19:47;2,3,6,9,14,20,21,28,29,38,42,43,50,51,53,59,65,69,79,80
53984;06.09.2026 19:52;3,6,7,8,9,10,12,14,16,18,27,31,34,38,56,58,66,67,68,73
53985;06.09.2026 19:57;5,8,9,14,15,16,19,22,24,30,34,39,44,47,54,55,61,70,79,80
53986;06.09.2026 20:02;3,6,8,9,15,19,23,24,25,29,31,32,33,42,46,55,62,64,66,78
53987;06.09.2026 20:07;6,8,10,11,14,15,27,37,39,40,42,49,50,53,60,65,67,69,75,78
53988;06.09.2026 20:12;7,8,10,23,28,30,31,41,50,51,56,57,58,65,68,69,70,72,78,79
53989;06.09.2026 20:17;1,2,5,10,11,14,15,18,22,31,36,44,49,53,54,56,62,68,75,79
53990;06.09.2026 20:22;1,2,4,7,8,9,13,18,20,31,35,38,44,46,47,58,62,68,69,71
53991;06.09.2026 20:27;6,8,10,17,25,29,32,36,37,40,42,50,51,61,66,67,68,69,78,79
53992;06.09.2026 20:32;6,9,14,15,16,18,19,21,27,40,42,46,47,56,58,69,73,77,79,80
53993;06.09.2026 20:37;1,3,8,17,31,32,33,40,41,49,51,52,53,56,62,63,65,73,79,80
53994;06.09.2026 20:42;1,2,10,14,22,32,34,36,54,62,63,64,66,69,72,73,75,76,77,80
53995;06.09.2026 20:47;3,5,7,8,16,18,24,29,33,40,45,47,49,50,57,63,75,77,78,79
53996;06.09.2026 20:52;6,8,15,16,22,26,27,29,31,49,50,51,53,55,57,60,61,63,67,77
53997;06.09.2026 20:57;5,9,10,11,14,22,30,32,35,37,38,41,50,61,62,63,64,68,75,78
53998;06.09.2026 21:02;2,7,8,10,14,16,18,22,27,33,35,41,50,52,56,59,66,70,71,78
53999;06.09.2026 21:07;4,7,11,13,17,20,23,27,30,32,35,38,42,45,51,57,61,72,76,78
54000;06.09.2026 21:12;1,5,6,8,11,15,17,22,24,29,30,32,33,35,38,47,63,74,75,77
54001;06.09.2026 21:17;7,11,13,19,22,26,32,35,43,44,47,53,58,63,66,69,71,72,73,74
54002;06.09.2026 21:22;3,8,12,15,18,20,24,25,32,40,41,45,47,54,58,61,67,70,76,80
54003;06.09.2026 21:27;4,6,8,10,13,14,17,21,23,28,30,39,41,50,52,57,60,69,75,79
54004;06.09.2026 21:32;1,10,11,14,18,22,24,32,34,37,46,48,49,51,57,61,62,67,75,78
54005;06.09.2026 21:37;1,2,5,6,10,13,14,15,22,32,37,49,51,58,63,66,67,77,78,80
54006;06.09.2026 21:42;4,5,11,12,19,25,29,33,34,43,47,51,62,65,66,68,71,72,75,77
54007;06.09.2026 21:47;4,7,12,14,16,18,21,22,26,31,36,40,41,43,56,59,60,61,66,78
54008;06.09.2026 21:52;3,7,9,23,26,31,32,35,36,42,48,50,57,58,63,66,70,71,74,77
54009;06.09.2026 21:57;7,11,22,34,36,42,43,46,47,50,51,54,55,60,61,62,66,70,71,76
54010;06.09.2026 22:02;1,7,16,17,18,24,32,41,45,46,47,48,49,50,52,63,67,68,72,76
54011;06.09.2026 22:07;24,30,31,38,40,41,42,43,49,51,55,56,57,61,66,68,69,73,78,79
54012;06.09.2026 22:12;9,12,13,17,19,21,28,36,44,49,50,53,56,61,62,63,67,74,77,80
54013;06.09.2026 22:17;1,2,3,8,11,33,34,35,39,41,42,52,56,59,60,62,66,76,79,80
54014;06.09.2026 22:22;1,4,6,16,17,23,33,38,40,41,42,52,53,61,67,68,70,72,78,79
54015;06.09.2026 22:27;3,6,14,33,34,36,37,40,42,43,44,45,52,54,57,59,60,63,66,67
54016;06.09.2026 22:32;5,9,14,16,23,27,32,36,39,41,44,46,50,52,66,67,71,75,78,79
54017;06.09.2026 22:37;8,11,12,14,16,18,31,35,36,38,40,42,44,51,59,62,63,65,67,69
54018;06.09.2026 22:42;6,7,9,11,13,19,21,27,29,30,32,36,42,48,50,58,65,73,77,79
54019;06.09.2026 22:47;2,3,4,6,11,15,16,23,24,28,32,36,38,46,51,55,57,61,64,75
54020;06.09.2026 22:52;2,4,5,15,16,17,28,30,32,37,38,40,43,47,48,59,62,64,75,76
54021;06.09.2026 22:57;4,7,8,10,23,25,27,29,38,39,40,49,57,65,71,72,74,75,76,77
54022;06.09.2026 23:02;1,7,18,24,27,34,35,40,50,51,52,61,65,67,70,73,74,75,77,78
54023;06.09.2026 23:07;2,3,6,11,14,15,16,19,20,47,49,52,54,58,66,68,72,74,76,80
54024;06.09.2026 23:12;3,4,8,14,15,18,23,29,35,36,40,43,51,57,63,73,74,77,79,80
54025;06.09.2026 23:17;4,5,7,12,18,19,26,30,31,34,35,51,56,60,61,64,66,72,76,79
54026;06.09.2026 23:22;4,20,21,27,30,31,35,36,40,46,50,57,59,60,61,64,66,67,69,75
54027;06.09.2026 23:27;5,9,12,15,22,26,30,31,36,37,38,49,51,53,62,67,69,71,73,80
54028;06.09.2026 23:32;1,3,5,6,7,15,28,33,36,44,45,47,53,54,59,60,65,67,73,77
54029;06.09.2026 23:37;1,2,5,10,12,18,19,22,29,31,38,48,49,54,56,61,67,73,74,75
54030;06.09.2026 23:42;2,7,8,12,13,16,31,37,39,44,45,47,52,54,56,65,68,75,77,78
54031;06.09.2026 23:47;4,8,10,13,15,19,24,25,40,44,45,47,50,53,55,56,67,72,75,80
54032;06.09.2026 23:52;5,8,9,12,18,20,22,27,28,31,33,35,42,49,53,60,64,75,76,79
54033;06.09.2026 23:57;2,7,26,27,28,31,32,33,44,45,51,59,66,67,71,72,74,75,79,80

===== 07.09.2026 | 217 ÇEKİLİŞ =====
54034;07.09.2026 00:02;1,6,11,13,14,15,18,24,26,34,36,40,45,49,54,55,57,59,73,74
54035;07.09.2026 00:07;4,7,9,13,20,27,30,33,34,36,45,46,50,52,54,58,62,75,77,78
54036;07.09.2026 00:12;5,13,19,20,28,31,32,36,40,41,45,46,51,55,63,64,68,70,71,75
54037;07.09.2026 00:17;7,12,14,16,17,21,25,38,47,48,51,57,58,60,65,67,70,73,78,80
54038;07.09.2026 00:22;1,3,9,13,14,16,20,23,24,27,31,37,38,40,44,58,60,75,78,79
54039;07.09.2026 00:27;5,14,17,22,23,30,31,35,37,46,47,52,54,55,64,67,70,75,79,80
54040;07.09.2026 00:32;4,8,19,29,30,36,40,42,44,45,52,58,60,62,63,65,68,69,71,75
54041;07.09.2026 00:37;1,4,7,8,11,16,17,18,28,33,36,38,41,47,52,65,69,71,76,80
54042;07.09.2026 00:42;3,4,10,21,30,31,33,35,41,42,58,59,61,62,63,68,69,72,78,80
54043;07.09.2026 00:47;3,6,9,13,22,30,31,33,35,37,38,39,43,55,62,63,66,67,71,75
54044;07.09.2026 00:52;4,7,12,13,17,21,24,29,30,32,33,45,49,52,55,66,68,69,74,75
54045;07.09.2026 00:57;3,5,15,17,20,23,39,42,50,52,53,58,61,62,68,70,71,74,75,79
54046;07.09.2026 01:02;1,7,11,13,15,17,21,27,28,29,37,52,56,58,61,62,68,73,77,79
54047;07.09.2026 07:02;6,17,26,27,28,37,39,40,44,52,53,56,62,65,68,71,74,75,77,78
54048;07.09.2026 07:07;1,9,15,20,21,22,24,25,28,30,34,35,44,56,60,61,64,65,66,71
54049;07.09.2026 07:12;1,3,5,6,17,29,30,39,40,43,46,52,55,56,59,63,65,66,69,76
54050;07.09.2026 07:17;1,3,4,12,14,18,21,23,36,44,46,49,56,57,63,65,66,67,68,72
54051;07.09.2026 07:22;3,9,13,16,21,22,23,26,30,41,42,49,52,53,59,63,68,72,75,79
54052;07.09.2026 07:27;1,4,8,11,14,17,24,27,28,30,35,36,43,46,49,63,65,73,76,79
54053;07.09.2026 07:32;4,7,12,17,19,28,29,44,48,50,51,52,54,62,64,70,73,75,79,80
54054;07.09.2026 07:37;2,4,6,7,10,11,19,21,22,26,27,29,35,41,43,47,52,60,61,62
54055;07.09.2026 07:42;1,9,10,11,15,21,22,32,35,37,38,42,50,58,69,72,73,74,76,79
54056;07.09.2026 07:47;2,3,7,8,9,13,20,30,34,35,37,39,42,45,55,58,59,73,78,79
54057;07.09.2026 07:52;2,3,4,8,12,31,35,36,40,42,44,48,53,58,62,64,65,66,71,75
54058;07.09.2026 07:57;2,3,8,13,15,17,25,28,31,32,33,36,39,42,57,60,63,66,67,69
54059;07.09.2026 08:02;7,8,10,12,17,25,26,29,30,31,36,39,42,54,63,65,72,74,77,79
54060;07.09.2026 08:07;1,5,10,11,23,25,30,33,36,38,45,49,52,53,58,59,63,69,74,77
54061;07.09.2026 08:12;2,6,7,8,14,19,21,25,28,37,38,39,40,41,49,59,70,72,73,75
54062;07.09.2026 08:17;1,6,10,11,18,27,35,42,43,44,47,48,53,55,56,60,67,72,77,79
54063;07.09.2026 08:22;8,11,13,15,19,20,24,26,32,50,51,58,61,62,65,67,68,71,77,79
54064;07.09.2026 08:27;5,7,10,12,13,15,21,27,30,33,35,42,46,55,56,57,60,65,69,72
54065;07.09.2026 08:32;5,8,9,10,11,12,17,19,29,33,41,42,43,53,54,55,60,72,75,78
54066;07.09.2026 08:37;8,10,11,16,19,22,37,38,40,46,54,56,58,61,62,63,66,69,71,72
54067;07.09.2026 08:42;4,6,12,17,20,22,24,25,28,30,31,40,50,57,63,65,71,76,78,80
54068;07.09.2026 08:47;3,5,6,7,11,18,21,25,28,43,45,47,49,52,54,55,56,67,69,70
54069;07.09.2026 08:52;3,10,12,20,22,26,28,33,37,39,41,42,45,57,58,59,72,73,78,79
54070;07.09.2026 08:57;1,6,11,19,27,28,33,34,39,42,44,49,51,57,60,61,66,74,79,80
54071;07.09.2026 09:02;4,9,12,16,20,27,29,31,32,33,41,45,52,55,59,64,67,75,77,79
54072;07.09.2026 09:07;1,2,4,8,9,20,28,31,32,35,43,50,56,61,65,72,73,76,79,80
54073;07.09.2026 09:12;2,6,9,14,15,17,22,27,29,37,45,49,54,55,57,68,72,75,77,80
54074;07.09.2026 09:17;2,14,15,34,36,41,43,46,48,51,52,54,55,56,57,59,62,65,71,76
54075;07.09.2026 09:22;1,6,11,13,16,18,20,23,28,34,36,45,50,53,54,60,66,68,76,79
54076;07.09.2026 09:27;1,7,8,11,24,29,31,43,52,55,57,58,59,61,62,64,72,77,79,80
54077;07.09.2026 09:32;2,4,5,6,30,31,40,49,50,57,59,60,63,65,66,71,72,73,79,80
54078;07.09.2026 09:37;2,9,14,17,19,20,21,25,28,30,33,35,40,43,47,57,65,69,73,79
54079;07.09.2026 09:42;2,9,12,13,14,16,18,20,22,25,35,37,39,40,44,51,59,64,67,70
54080;07.09.2026 09:47;4,8,11,14,22,23,24,31,32,41,54,56,58,61,63,68,70,71,74,79
54081;07.09.2026 09:52;1,4,16,18,27,30,32,36,37,39,43,44,49,59,61,67,69,70,74,78
54082;07.09.2026 09:57;4,14,15,20,21,25,28,30,34,35,48,55,56,58,60,62,63,67,72,78
54083;07.09.2026 10:02;1,6,9,21,22,25,31,34,35,42,47,48,49,55,58,64,66,71,74,75
54084;07.09.2026 10:07;3,4,6,9,12,14,18,23,30,34,36,41,43,45,48,57,65,72,74,78
54085;07.09.2026 10:12;13,19,22,27,28,33,34,35,42,46,47,50,53,54,55,60,63,75,78,80
54086;07.09.2026 10:17;3,6,7,14,15,37,41,44,48,52,53,55,56,57,60,63,72,74,79,80
54087;07.09.2026 10:22;1,4,8,14,19,25,26,27,30,33,34,37,39,46,58,60,61,67,69,78
54088;07.09.2026 10:27;3,4,6,12,13,21,30,31,32,43,45,47,48,60,62,64,67,68,75,80
54089;07.09.2026 10:32;4,7,11,19,21,24,25,27,29,30,31,33,39,45,47,50,64,71,72,79
54090;07.09.2026 10:37;2,12,14,16,30,32,33,34,38,44,49,50,55,56,57,64,65,67,70,72
54091;07.09.2026 10:42;2,3,5,9,10,18,19,23,24,27,33,43,48,51,58,67,69,75,78,79
54092;07.09.2026 10:47;12,13,16,20,23,33,34,36,38,44,49,53,55,58,61,65,68,74,76,78
54093;07.09.2026 10:52;2,4,5,15,20,27,31,34,38,39,43,46,48,49,59,60,66,68,78,80
54094;07.09.2026 10:57;6,7,9,12,13,23,31,33,35,40,45,52,54,55,62,63,64,69,75,80
54095;07.09.2026 11:02;8,13,14,16,20,21,33,34,37,39,41,45,47,49,52,55,57,60,63,76
54096;07.09.2026 11:07;1,2,4,6,17,19,27,30,31,32,36,38,44,46,57,65,70,72,76,77
54097;07.09.2026 11:12;2,7,8,13,14,17,21,25,28,41,51,55,56,60,61,64,67,68,73,75
54098;07.09.2026 11:17;1,3,4,15,16,23,28,29,33,40,49,51,55,58,61,62,68,72,75,77
54099;07.09.2026 11:22;6,21,27,30,33,36,37,44,46,49,50,52,57,62,64,66,72,75,78,79
54100;07.09.2026 11:27;5,8,12,14,18,19,21,23,30,37,38,42,43,46,56,58,66,70,76,78
54101;07.09.2026 11:32;7,13,17,21,25,26,30,35,38,39,52,59,63,64,65,66,68,72,73,78
54102;07.09.2026 11:37;6,11,14,17,20,22,23,30,38,40,55,57,58,59,61,68,69,74,76,79
54103;07.09.2026 11:42;2,7,9,10,22,29,31,32,45,46,47,56,57,59,60,63,68,74,76,79
54104;07.09.2026 11:47;10,15,16,24,29,30,32,35,38,39,41,44,47,53,64,65,67,69,70,77
54105;07.09.2026 11:52;3,9,10,13,14,15,19,21,29,32,33,41,44,50,51,52,66,69,70,79
54106;07.09.2026 11:57;10,11,12,17,19,20,28,46,47,48,49,53,54,55,56,61,63,66,79,80
54107;07.09.2026 12:02;1,8,16,26,27,28,30,31,33,34,37,39,41,42,49,53,59,67,73,80
54108;07.09.2026 12:07;18,19,20,27,28,35,37,47,49,57,59,60,62,63,65,66,69,73,75,78
54109;07.09.2026 12:12;9,16,21,24,26,29,31,32,36,38,46,47,53,58,61,68,72,75,78,80
54110;07.09.2026 12:17;2,6,12,17,19,23,27,28,33,34,37,40,41,42,47,50,51,53,57,77
54111;07.09.2026 12:22;8,13,15,16,21,24,30,33,35,37,45,51,62,66,67,68,71,75,76,79
54112;07.09.2026 12:27;2,9,18,23,27,30,31,34,39,41,42,47,57,59,64,65,69,70,73,75
54113;07.09.2026 12:32;7,10,11,12,14,20,23,24,28,32,36,39,42,43,54,55,65,71,77,80
54114;07.09.2026 12:37;4,5,9,16,20,27,28,30,33,35,36,44,48,50,53,56,66,74,75,76
54115;07.09.2026 12:42;6,8,12,14,16,17,18,21,24,27,38,42,47,51,59,63,66,67,72,80
54116;07.09.2026 12:47;10,11,15,18,21,25,29,31,34,42,43,47,53,56,57,67,71,73,75,78
54117;07.09.2026 12:52;12,13,14,16,20,25,26,32,36,40,43,49,51,60,61,64,70,72,73,79
54118;07.09.2026 12:57;1,3,17,19,25,29,30,34,39,43,46,52,57,60,65,66,67,68,69,78
54119;07.09.2026 13:02;2,10,11,14,19,23,44,49,54,56,64,68,70,71,73,75,76,78,79,80
54120;07.09.2026 13:07;5,6,17,22,24,26,27,29,37,38,46,54,55,61,63,64,67,70,73,78
54121;07.09.2026 13:12;1,4,16,20,21,22,23,26,29,32,34,35,37,40,44,53,62,64,66,80
54122;07.09.2026 13:17;21,26,28,29,35,41,44,47,49,50,51,52,53,57,63,64,67,74,75,80
54123;07.09.2026 13:22;3,4,17,33,34,35,36,37,39,40,45,48,50,54,57,59,64,75,78,79
54124;07.09.2026 13:27;1,4,6,8,11,12,14,15,17,18,20,22,23,24,40,44,48,54,62,73
54125;07.09.2026 13:32;2,7,9,10,13,16,23,30,34,36,43,45,46,48,65,71,76,77,79,80
54126;07.09.2026 13:37;1,2,4,7,15,21,27,31,36,41,44,46,51,52,56,61,62,65,67,74
54127;07.09.2026 13:42;2,3,15,25,26,27,32,35,37,38,39,42,44,55,62,64,66,68,72,76
54128;07.09.2026 13:47;1,4,5,11,14,19,22,29,32,35,43,50,51,55,57,58,66,74,75,78
54129;07.09.2026 13:52;8,9,14,18,22,23,27,30,32,38,39,43,44,47,53,63,67,69,70,79
54130;07.09.2026 13:57;1,3,6,9,12,22,25,28,35,40,41,43,45,47,50,53,58,59,69,79
54131;07.09.2026 14:02;3,6,13,20,22,26,27,33,34,42,48,51,52,56,61,67,71,72,74,80
54132;07.09.2026 14:07;2,7,8,10,17,19,21,24,27,31,33,35,41,53,59,63,64,65,66,78
54133;07.09.2026 14:12;1,3,4,13,15,18,21,26,28,38,50,53,54,56,57,58,60,63,64,70
54134;07.09.2026 14:17;3,6,7,8,20,34,41,43,44,53,56,58,59,62,69,70,71,73,75,79
54135;07.09.2026 14:22;7,14,16,17,18,20,24,25,37,40,43,45,47,56,59,67,68,71,76,79
54136;07.09.2026 14:27;6,16,17,22,23,25,27,31,40,44,46,52,64,66,67,68,69,70,73,78
54137;07.09.2026 14:32;3,4,6,9,13,15,26,27,31,32,33,36,38,45,58,65,72,75,79,80
54138;07.09.2026 14:37;3,7,14,16,20,21,28,32,36,41,42,49,54,55,56,61,67,70,74,76
54139;07.09.2026 14:42;2,10,14,19,21,22,25,30,40,42,45,51,54,61,64,65,68,77,79,80
54140;07.09.2026 14:47;1,2,8,13,20,21,22,24,29,31,37,41,42,49,50,52,59,63,78,80
54141;07.09.2026 14:52;3,5,7,9,15,17,19,25,26,37,41,54,56,57,60,64,65,69,70,72
54142;07.09.2026 14:57;8,17,20,22,24,30,39,40,41,48,49,50,55,59,61,64,66,68,76,79
54143;07.09.2026 15:02;4,5,11,13,26,27,32,38,46,47,48,49,51,52,55,57,59,60,69,70
54144;07.09.2026 15:07;1,2,3,5,8,14,19,20,21,30,33,41,50,51,63,66,68,73,78,80
54145;07.09.2026 15:12;1,6,21,26,27,37,44,47,48,50,52,57,61,66,67,69,72,75,78,79
54146;07.09.2026 15:17;6,7,14,22,27,29,34,44,50,53,54,55,56,57,58,60,65,66,67,71
54147;07.09.2026 15:22;6,14,16,17,26,28,30,31,32,34,36,37,49,50,51,61,63,68,72,75
54148;07.09.2026 15:27;1,2,10,18,19,21,23,25,26,32,34,35,51,62,64,70,71,74,76,78
54149;07.09.2026 15:32;6,10,16,17,18,20,25,30,32,36,40,44,47,51,54,63,67,71,74,75
54150;07.09.2026 15:37;4,9,10,13,15,18,23,35,36,38,41,42,44,57,60,62,64,72,79,80
54151;07.09.2026 15:42;2,8,12,14,15,17,19,30,31,34,45,52,65,67,70,71,72,76,77,79
54152;07.09.2026 15:47;14,16,29,30,31,33,37,41,46,50,52,54,57,59,64,66,68,69,78,79
54153;07.09.2026 15:52;1,3,13,16,17,25,31,41,44,47,52,53,54,55,57,62,63,65,67,80
54154;07.09.2026 15:57;1,17,18,19,20,21,22,23,24,28,38,41,45,58,60,67,68,69,76,78
54155;07.09.2026 16:02;2,5,6,10,22,27,28,29,31,39,45,49,50,51,54,55,64,70,75,77
54156;07.09.2026 16:07;2,5,10,14,21,26,27,28,31,32,34,36,37,38,41,51,57,59,79,80
54157;07.09.2026 16:12;1,2,9,14,15,22,23,28,31,36,37,46,55,60,62,67,69,78,79,80
54158;07.09.2026 16:17;8,9,12,17,24,30,35,39,42,44,52,56,62,64,66,68,72,74,75,78
54159;07.09.2026 16:22;3,7,10,19,27,30,31,35,37,40,42,48,49,59,60,63,67,71,73,78
54160;07.09.2026 16:27;1,5,12,20,24,28,29,36,42,43,46,47,50,60,64,65,71,75,77,80
54161;07.09.2026 16:32;1,2,3,4,15,18,20,32,34,35,37,40,41,51,54,57,61,71,78,79
54162;07.09.2026 16:37;3,16,26,27,29,39,41,44,45,46,51,59,61,65,66,67,69,71,74,79
54163;07.09.2026 16:42;1,2,11,13,14,19,24,29,38,46,47,50,55,59,61,62,65,72,74,80
54164;07.09.2026 16:47;2,3,5,12,24,26,28,30,31,47,49,53,57,58,60,64,66,73,79,80
54165;07.09.2026 16:52;1,6,14,17,19,23,37,40,47,54,56,59,62,63,64,70,71,77,79,80
54166;07.09.2026 16:57;3,5,10,11,14,16,18,23,36,41,43,45,47,54,66,72,74,76,77,80
54167;07.09.2026 17:02;1,6,12,18,19,23,29,30,32,33,36,37,44,46,53,66,70,72,74,75
54168;07.09.2026 17:07;1,2,4,16,19,21,25,29,32,36,37,41,45,46,56,57,60,65,71,73
54169;07.09.2026 17:12;2,7,10,19,32,33,34,40,43,45,46,47,48,49,55,56,66,71,74,79
54170;07.09.2026 17:17;5,13,15,22,25,27,30,31,38,40,42,43,44,51,58,64,66,70,72,77
54171;07.09.2026 17:22;2,3,4,14,15,18,20,21,31,32,40,41,47,54,59,64,65,66,77,78
54172;07.09.2026 17:27;3,4,8,11,17,24,29,30,38,40,44,49,51,55,63,64,67,68,70,77
54173;07.09.2026 17:32;7,14,18,19,20,24,26,35,39,43,47,48,54,59,61,66,70,71,74,77
54174;07.09.2026 17:37;1,2,10,11,12,15,18,24,26,28,33,42,45,60,62,65,74,76,79,80
54175;07.09.2026 17:42;2,5,8,9,11,12,14,15,16,18,24,29,34,44,54,57,63,66,75,76
54176;07.09.2026 17:47;4,5,6,7,9,10,11,20,32,33,35,36,37,38,42,51,52,61,63,73
54177;07.09.2026 17:52;9,10,12,14,16,17,22,26,30,31,36,44,45,47,48,49,65,69,73,80
54178;07.09.2026 17:57;10,12,14,25,27,30,31,33,34,40,45,53,56,63,66,68,69,72,75,76
54179;07.09.2026 18:02;6,11,15,17,18,19,22,24,26,32,33,37,46,48,55,58,62,63,72,78
54180;07.09.2026 18:07;13,15,27,35,37,40,41,45,53,57,58,59,60,61,62,64,68,69,72,79
54181;07.09.2026 18:12;5,6,7,8,10,11,13,15,19,20,28,37,39,45,46,62,70,73,76,80
54182;07.09.2026 18:17;5,8,17,21,22,29,30,33,40,46,47,48,53,62,66,67,68,72,74,76
54183;07.09.2026 18:22;3,5,14,16,17,18,23,30,37,38,42,46,48,53,54,61,65,72,78,80
54184;07.09.2026 18:27;7,14,16,21,23,25,29,33,40,41,42,50,51,53,57,62,64,69,75,78
54185;07.09.2026 18:32;2,5,9,11,12,14,32,35,38,39,40,43,44,47,53,62,67,70,75,80
54186;07.09.2026 18:37;2,3,8,9,14,18,23,26,35,39,41,46,48,50,58,62,64,70,76,79
54187;07.09.2026 18:42;4,7,11,13,14,15,17,19,20,26,27,30,34,50,52,58,67,70,73,80
54188;07.09.2026 18:47;1,3,11,13,14,16,26,33,34,39,41,56,60,61,69,70,75,78,79,80
54189;07.09.2026 18:52;17,19,21,23,28,29,36,40,41,42,45,46,56,60,61,67,70,72,75,80
54190;07.09.2026 18:57;1,2,3,13,27,31,33,34,38,42,43,48,50,55,56,61,62,64,73,80
54191;07.09.2026 19:02;3,8,12,17,21,22,26,27,28,38,41,48,57,58,67,73,74,76,77,80
54192;07.09.2026 19:07;1,5,8,13,15,21,26,29,30,31,32,34,43,54,56,63,65,71,77,79
54193;07.09.2026 19:12;4,6,18,21,24,30,35,36,39,40,41,43,44,46,50,54,56,68,73,74
54194;07.09.2026 19:17;1,2,11,17,30,33,36,40,44,45,47,53,54,57,65,66,68,70,76,77
54195;07.09.2026 19:22;4,6,18,23,31,32,33,39,41,45,46,47,49,62,63,65,67,70,77,79
54196;07.09.2026 19:27;6,13,14,24,25,27,30,39,41,46,50,52,54,58,63,64,65,71,72,74
54197;07.09.2026 19:32;3,5,7,17,22,24,30,32,35,36,39,45,61,65,66,68,70,71,72,74
54198;07.09.2026 19:37;8,13,16,20,24,35,38,40,43,49,50,51,53,54,56,59,63,68,73,79
54199;07.09.2026 19:42;4,14,16,18,21,22,24,41,43,53,57,63,65,70,72,74,77,78,79,80
54200;07.09.2026 19:47;2,4,9,12,21,27,30,36,40,42,49,53,55,62,66,69,70,78,79,80
54201;07.09.2026 19:52;1,3,19,23,26,32,35,42,47,48,49,53,54,56,57,58,59,69,72,76
54202;07.09.2026 19:57;10,17,21,27,28,30,31,33,43,46,53,55,57,59,61,64,65,68,72,80
54203;07.09.2026 20:02;1,3,8,13,14,23,26,27,30,32,33,39,48,52,53,54,57,60,73,77
54204;07.09.2026 20:07;1,2,9,13,16,17,26,27,30,31,33,41,44,45,52,53,56,61,75,76
54205;07.09.2026 20:12;10,13,14,19,25,34,37,41,42,50,53,55,58,60,65,69,72,73,75,78
54206;07.09.2026 20:17;5,6,7,26,28,30,35,37,38,41,44,46,53,54,55,60,61,66,68,80
54207;07.09.2026 20:22;3,8,11,14,15,19,20,27,31,33,39,46,50,52,59,63,67,70,73,75
54208;07.09.2026 20:27;2,6,8,14,15,17,19,26,35,44,50,58,59,61,66,69,70,73,75,79
54209;07.09.2026 20:32;2,7,9,17,21,26,31,43,48,49,50,52,53,58,61,72,74,75,78,79
54210;07.09.2026 20:37;7,9,14,16,29,31,33,40,45,49,50,51,52,53,57,64,68,69,71,76
54211;07.09.2026 20:42;1,4,15,17,21,24,25,26,30,31,42,43,46,47,54,55,56,59,71,79
54212;07.09.2026 20:47;3,6,7,12,16,21,24,25,32,34,37,38,40,48,50,51,60,63,69,79
54213;07.09.2026 20:52;5,7,14,16,17,18,28,37,38,42,43,46,48,56,57,61,72,73,76,78
54214;07.09.2026 20:57;1,3,6,8,14,16,26,29,31,35,38,43,46,53,59,63,71,78,79,80
54215;07.09.2026 21:02;2,3,6,13,14,15,18,34,35,37,43,47,52,53,54,56,64,67,72,79
54216;07.09.2026 21:07;3,11,17,18,21,29,30,33,36,38,40,49,53,54,57,58,65,69,72,76
54217;07.09.2026 21:12;4,6,8,25,26,27,30,31,33,43,44,56,57,59,61,63,67,71,72,75
54218;07.09.2026 21:17;2,11,12,20,22,23,25,34,37,45,47,51,52,55,57,59,61,63,68,70
54219;07.09.2026 21:22;5,11,12,15,16,19,22,29,30,38,43,45,50,51,55,56,63,66,71,80
54220;07.09.2026 21:27;3,8,13,17,20,27,31,34,37,39,46,51,59,61,63,64,66,67,74,78
54221;07.09.2026 21:32;7,8,9,10,12,14,21,25,26,46,53,56,61,66,70,71,72,73,76,79
54222;07.09.2026 21:37;2,8,10,12,20,23,29,36,38,40,43,45,48,49,51,56,58,65,71,79
54223;07.09.2026 21:42;15,16,31,36,37,40,43,48,49,51,52,58,63,64,66,72,73,76,77,80
54224;07.09.2026 21:47;2,8,9,16,17,19,20,24,30,31,34,41,44,45,51,55,57,64,70,74
54225;07.09.2026 21:52;2,5,7,19,20,24,26,29,35,41,42,43,45,47,48,52,54,65,66,73
54226;07.09.2026 21:57;1,3,4,16,18,20,22,32,36,38,39,43,51,60,66,68,69,70,71,80
54227;07.09.2026 22:02;6,11,12,15,19,30,33,37,38,47,51,55,58,61,65,67,70,73,77,78
54228;07.09.2026 22:07;13,17,33,34,40,44,48,50,51,53,57,61,62,65,66,69,71,73,75,77
54229;07.09.2026 22:12;4,9,12,15,19,22,24,32,37,38,39,41,43,44,48,61,64,67,70,80
54230;07.09.2026 22:17;2,13,14,17,20,21,24,27,30,31,33,35,38,50,51,62,63,66,76,77
54231;07.09.2026 22:22;6,8,23,31,36,38,40,41,44,46,48,54,58,60,62,63,67,70,72,78
54232;07.09.2026 22:27;6,7,8,17,19,29,30,31,32,38,47,48,50,54,56,58,61,71,74,75
54233;07.09.2026 22:32;2,4,5,9,13,16,19,24,30,37,40,42,47,54,56,57,58,62,74,78
54234;07.09.2026 22:37;2,7,12,15,22,37,38,39,43,56,57,58,60,63,66,72,73,74,77,79
54235;07.09.2026 22:42;1,3,9,13,16,20,27,29,32,34,39,41,42,51,62,63,65,73,74,76
54236;07.09.2026 22:47;1,2,8,9,17,19,22,25,28,42,48,54,58,61,63,68,69,72,73,80
54237;07.09.2026 22:52;5,7,9,11,12,21,25,29,34,44,53,54,56,57,60,61,65,68,72,79
54238;07.09.2026 22:57;15,19,21,22,24,29,30,33,38,42,47,51,64,68,69,70,71,73,79,80
54239;07.09.2026 23:02;6,9,15,21,32,37,38,40,42,44,45,48,50,52,54,57,65,70,74,75
54240;07.09.2026 23:07;1,6,8,13,14,16,17,18,24,33,38,42,43,49,55,56,63,64,72,78
54241;07.09.2026 23:12;7,11,12,13,17,21,26,28,29,34,36,37,44,46,48,50,56,58,65,73
54242;07.09.2026 23:17;1,2,6,9,12,13,19,20,21,23,49,50,52,57,59,61,64,65,72,75
54243;07.09.2026 23:22;2,13,14,15,17,25,26,31,33,38,42,43,44,45,46,52,57,61,65,77
54244;07.09.2026 23:27;2,4,12,13,21,27,34,39,42,45,49,53,57,62,63,64,65,69,71,76
54245;07.09.2026 23:32;1,5,7,19,20,21,23,25,26,34,45,47,52,58,59,61,70,74,76,80
54246;07.09.2026 23:37;4,5,7,17,21,22,23,30,33,34,40,43,46,51,53,57,58,59,78,80
54247;07.09.2026 23:42;1,7,11,16,17,22,28,31,33,34,36,42,44,49,50,53,55,56,68,70
54248;07.09.2026 23:47;14,15,18,24,29,31,33,34,43,48,50,60,61,63,64,65,67,71,74,78
54249;07.09.2026 23:52;5,8,15,19,21,23,25,26,32,33,38,40,47,51,57,58,73,75,76,80
54250;07.09.2026 23:57;2,3,8,11,12,18,19,23,25,33,36,51,52,53,55,56,65,68,73,78

===== 08.09.2026 | 217 ÇEKİLİŞ =====
54251;08.09.2026 00:02;3,7,10,13,18,27,32,34,35,36,41,42,44,47,57,59,65,67,74,77
54252;08.09.2026 00:07;5,6,7,9,10,15,16,20,23,33,35,36,40,41,51,56,58,60,63,74
54253;08.09.2026 00:12;8,10,12,14,15,17,18,32,35,36,37,38,40,43,51,52,57,62,69,80
54254;08.09.2026 00:17;3,4,13,19,27,29,30,38,39,41,45,50,51,58,60,61,62,67,75,80
54255;08.09.2026 00:22;5,8,11,15,21,23,24,25,32,39,40,50,54,61,65,68,70,71,73,78
54256;08.09.2026 00:27;6,11,15,19,22,28,34,40,42,44,45,47,49,52,65,67,73,76,78,79
54257;08.09.2026 00:32;6,7,9,13,15,20,23,26,28,32,34,42,44,46,51,53,59,62,65,68
54258;08.09.2026 00:37;7,9,11,17,21,22,35,36,37,40,44,46,50,59,62,66,69,71,72,76
54259;08.09.2026 00:42;12,13,19,28,40,44,47,50,52,53,55,58,60,61,62,66,70,71,75,80
54260;08.09.2026 00:47;7,10,17,21,25,26,27,28,30,38,41,42,49,51,59,60,65,66,71,74
54261;08.09.2026 00:52;1,12,15,19,23,25,29,38,43,44,46,52,58,62,64,66,71,76,77,80
54262;08.09.2026 00:57;2,4,7,11,13,16,19,20,26,31,32,36,37,46,52,55,62,68,72,77
54263;08.09.2026 01:02;2,3,10,12,17,20,27,28,30,41,46,50,51,54,61,64,66,67,76,80
54264;08.09.2026 07:02;7,14,15,16,23,26,30,32,34,35,37,38,40,49,56,58,60,64,68,73
54265;08.09.2026 07:07;2,3,6,7,26,27,28,30,32,39,42,44,45,47,55,56,63,67,69,80
54266;08.09.2026 07:12;8,14,16,18,23,25,28,29,32,37,39,44,48,59,66,67,69,70,72,73
54267;08.09.2026 07:17;3,7,17,18,19,25,31,38,41,43,48,53,54,60,61,66,68,72,76,80
54268;08.09.2026 07:22;2,3,6,10,18,19,21,29,31,33,37,40,43,50,54,61,63,68,71,77
54269;08.09.2026 07:27;2,6,7,15,22,25,28,30,34,38,39,42,44,48,51,54,57,60,61,68
54270;08.09.2026 07:32;2,3,4,10,13,21,26,27,33,34,36,44,47,49,50,52,57,68,76,77
54271;08.09.2026 07:37;1,4,11,15,18,21,24,26,34,36,41,42,46,54,57,59,66,70,78,79
54272;08.09.2026 07:42;1,3,12,21,23,31,34,39,45,50,51,57,58,59,60,67,69,72,75,79
54273;08.09.2026 07:47;2,3,4,5,9,11,12,14,18,20,28,33,40,41,42,43,45,55,68,78
54274;08.09.2026 07:52;8,10,15,18,25,27,32,38,40,44,45,48,54,55,56,59,67,74,75,77
54275;08.09.2026 07:57;1,2,7,10,15,22,26,35,37,38,41,43,54,57,65,68,73,74,76,80
54276;08.09.2026 08:02;3,7,10,13,14,16,35,39,40,41,48,54,55,56,61,62,64,65,67,69
54277;08.09.2026 08:07;4,5,7,14,18,19,26,30,32,34,37,42,48,50,51,54,60,66,71,73
54278;08.09.2026 08:12;2,3,4,9,10,13,15,16,17,24,26,28,39,48,54,58,61,62,70,75
54279;08.09.2026 08:17;2,6,8,9,12,14,15,17,21,22,24,30,31,32,39,45,46,58,64,69
54280;08.09.2026 08:22;4,8,11,18,22,35,38,39,40,46,49,50,51,53,57,60,65,70,72,75
54281;08.09.2026 08:27;3,5,7,18,19,25,28,29,31,32,44,46,53,62,66,73,75,77,78,80
54282;08.09.2026 08:32;1,5,7,11,19,23,26,30,32,33,40,43,47,50,53,60,62,66,68,78
54283;08.09.2026 08:37;6,13,20,37,39,41,43,46,48,49,51,54,55,56,61,65,68,72,78,80
54284;08.09.2026 08:42;5,7,12,17,20,21,24,30,35,39,40,42,53,61,65,66,69,70,71,79
54285;08.09.2026 08:47;5,9,11,19,25,29,33,34,38,41,45,46,48,53,56,66,68,75,78,79
54286;08.09.2026 08:52;4,10,13,14,18,20,31,32,34,42,43,44,45,58,60,65,66,71,74,77
54287;08.09.2026 08:57;2,8,14,29,32,33,38,40,43,45,48,49,50,53,54,55,57,61,63,74
54288;08.09.2026 09:02;2,3,6,11,12,19,34,35,38,41,43,52,56,57,58,59,62,64,68,69
54289;08.09.2026 09:07;6,11,17,19,20,22,26,39,40,49,50,51,52,58,60,62,63,65,69,74
54290;08.09.2026 09:12;1,7,9,11,12,13,22,25,27,30,31,34,35,42,50,54,67,72,75,78
54291;08.09.2026 09:17;6,9,12,15,16,24,32,33,35,37,38,39,40,47,58,59,60,61,62,80
54292;08.09.2026 09:22;8,9,14,17,20,30,31,34,35,39,42,44,56,58,65,67,72,76,77,79
54293;08.09.2026 09:27;3,9,16,18,20,21,23,28,38,40,43,47,56,59,63,68,69,70,72,74
54294;08.09.2026 09:32;1,2,3,10,27,28,34,40,42,46,54,55,65,66,67,68,69,74,78,79
54295;08.09.2026 09:37;2,5,7,19,22,24,26,28,32,33,43,50,54,58,60,62,64,71,75,76
54296;08.09.2026 09:42;1,9,11,16,24,26,28,30,33,39,47,54,55,56,59,63,64,72,77,80
54297;08.09.2026 09:47;5,8,9,15,17,18,20,24,30,33,36,42,44,55,61,69,71,73,76,80
54298;08.09.2026 09:52;10,11,28,31,34,35,41,45,50,53,57,62,63,64,69,70,71,72,74,80
54299;08.09.2026 09:57;6,8,9,11,23,34,35,36,41,51,55,59,65,66,71,72,74,77,79,80
54300;08.09.2026 10:02;3,4,6,13,14,19,20,21,26,32,45,46,53,56,59,65,68,71,75,77
54301;08.09.2026 10:07;3,4,5,7,13,25,26,29,30,46,47,56,58,61,63,68,69,76,77,80
54302;08.09.2026 10:12;1,4,13,14,22,23,24,31,32,37,43,45,46,54,61,63,69,72,75,78
54303;08.09.2026 10:17;2,8,11,16,23,28,29,32,39,40,42,49,50,56,60,61,64,71,79,80
54304;08.09.2026 10:22;7,8,10,15,26,27,31,32,37,39,42,47,52,53,55,59,60,72,75,77
54305;08.09.2026 10:27;1,2,3,13,18,20,21,26,30,37,41,44,47,62,66,67,75,77,78,79
54306;08.09.2026 10:32;3,14,16,20,22,24,27,35,40,41,51,56,57,61,62,64,67,69,74,75
54307;08.09.2026 10:37;1,11,20,32,33,34,36,38,39,43,46,49,55,59,63,69,73,75,77,79
54308;08.09.2026 10:42;8,9,14,16,20,32,34,43,44,46,50,51,54,55,56,58,59,62,69,72
54309;08.09.2026 10:47;3,5,7,12,14,22,24,28,35,38,42,47,48,50,55,63,68,74,78,80
54310;08.09.2026 10:52;1,5,10,12,18,19,23,25,28,43,49,50,58,61,62,65,70,71,75,80
54311;08.09.2026 10:57;1,2,3,4,13,25,26,30,31,38,44,47,50,52,63,66,69,71,74,79
54312;08.09.2026 11:02;1,4,14,15,17,31,33,45,46,47,48,50,56,57,58,60,63,72,76,80
54313;08.09.2026 11:07;2,7,8,9,13,14,18,19,25,28,34,39,46,48,51,54,57,60,68,70
54314;08.09.2026 11:12;1,5,10,15,17,24,32,36,46,51,52,58,59,64,65,74,76,77,79,80
54315;08.09.2026 11:17;1,5,6,16,20,21,31,34,35,40,41,45,46,50,53,60,61,67,71,76
54316;08.09.2026 11:22;3,4,7,9,12,22,24,25,29,31,32,33,37,39,48,51,52,66,69,75
54317;08.09.2026 11:27;1,2,3,10,19,27,29,32,38,39,40,46,47,48,50,51,60,69,79,80
54318;08.09.2026 11:32;3,10,11,15,16,20,21,27,36,38,40,43,47,48,58,64,66,70,76,79
54319;08.09.2026 11:37;8,9,10,12,17,20,25,26,28,31,40,46,48,51,57,64,74,76,77,80
54320;08.09.2026 11:42;1,2,8,11,15,16,27,28,30,35,39,49,52,53,60,62,65,67,70,72
54321;08.09.2026 11:47;2,16,20,22,28,29,30,34,36,39,49,51,57,59,65,66,68,75,76,80
54322;08.09.2026 11:52;5,9,10,17,18,21,25,28,32,34,39,41,47,48,51,59,60,66,73,75
54323;08.09.2026 11:57;6,7,10,15,18,23,31,35,38,39,40,41,48,52,60,63,68,69,73,79
54324;08.09.2026 12:02;6,9,12,15,16,19,34,35,37,38,41,43,48,52,56,60,62,70,77,79
54325;08.09.2026 12:07;3,6,10,11,12,14,15,21,25,27,31,35,40,48,52,55,56,70,74,78
54326;08.09.2026 12:12;2,3,8,11,12,23,30,33,39,42,43,45,51,53,54,56,60,66,67,70
54327;08.09.2026 12:17;7,11,15,16,21,28,29,33,36,38,39,40,43,46,48,53,56,61,63,70
54328;08.09.2026 12:22;3,7,10,16,20,26,27,31,32,35,36,48,50,63,67,70,71,77,78,80
54329;08.09.2026 12:27;2,6,7,9,12,24,25,27,30,31,35,37,45,46,54,64,66,68,73,74
54330;08.09.2026 12:32;3,15,18,21,24,27,29,31,32,34,41,44,50,51,63,64,72,73,78,80
54331;08.09.2026 12:37;5,10,12,13,22,27,30,37,38,42,43,54,55,58,59,62,68,78,79,80
54332;08.09.2026 12:42;1,4,6,9,12,22,30,33,37,40,41,42,44,46,48,51,54,55,63,69
54333;08.09.2026 12:47;3,4,7,23,28,29,35,38,40,41,45,46,47,50,51,52,54,65,73,78
54334;08.09.2026 12:52;4,5,13,19,25,27,30,36,46,47,49,58,60,65,67,69,70,71,78,79
54335;08.09.2026 12:57;8,10,14,18,20,26,27,34,39,41,44,46,49,55,58,61,63,72,75,76
54336;08.09.2026 13:02;2,5,6,18,22,30,37,39,40,42,43,45,50,60,62,64,66,72,73,79
54337;08.09.2026 13:07;2,7,12,13,14,15,36,37,38,41,45,46,48,55,66,67,72,73,78,79
54338;08.09.2026 13:12;4,5,7,10,11,12,13,14,18,19,28,30,37,41,50,54,58,67,78,80
54339;08.09.2026 13:17;5,10,12,21,24,31,38,39,46,48,49,52,57,64,69,75,76,78,79,80
54340;08.09.2026 13:22;2,5,11,12,18,28,36,37,39,42,46,47,55,56,59,64,66,75,76,77
54341;08.09.2026 13:27;3,5,15,16,17,18,20,21,23,31,33,34,43,44,49,52,59,61,75,77
54342;08.09.2026 13:32;2,12,15,19,20,27,30,31,35,37,39,43,49,50,56,63,67,70,71,79
54343;08.09.2026 13:37;2,11,21,25,30,31,39,47,48,52,55,57,64,65,70,71,73,75,76,79
54344;08.09.2026 13:42;8,13,14,15,17,20,22,23,25,27,28,41,44,49,53,54,60,62,66,67
54345;08.09.2026 13:47;1,4,6,15,22,23,24,37,40,45,48,50,56,57,60,63,66,67,74,76
54346;08.09.2026 13:52;1,8,11,13,14,19,24,29,30,32,33,40,41,47,49,51,58,63,69,79
54347;08.09.2026 13:57;1,3,7,15,26,30,38,41,45,49,51,54,57,62,64,65,72,75,77,80
54348;08.09.2026 14:02;2,6,9,17,18,21,28,30,33,34,45,52,54,58,63,66,67,69,71,76
54349;08.09.2026 14:07;3,15,18,21,22,23,25,41,43,44,45,46,47,63,70,74,76,78,79,80
54350;08.09.2026 14:12;11,12,13,20,22,24,25,26,27,31,40,42,46,47,56,61,63,72,78,79
54351;08.09.2026 14:17;1,11,14,16,20,22,26,33,34,36,40,44,47,50,55,58,64,71,73,76
54352;08.09.2026 14:22;7,11,14,18,19,21,24,28,35,37,40,42,43,53,58,59,62,63,72,73
54353;08.09.2026 14:27;1,19,21,22,27,29,33,34,36,38,40,45,46,53,56,68,71,72,76,79
54354;08.09.2026 14:32;5,7,8,11,13,15,17,24,29,34,36,39,41,43,48,49,57,70,77,80
54355;08.09.2026 14:37;1,12,14,18,20,30,34,37,39,42,47,50,53,56,60,63,67,69,73,74
54356;08.09.2026 14:42;4,6,9,11,13,15,16,19,22,27,30,31,35,44,62,64,65,67,77,78
54357;08.09.2026 14:47;1,7,9,18,21,24,25,27,31,45,46,48,52,54,60,66,68,73,77,78
54358;08.09.2026 14:52;1,7,8,15,16,17,18,20,24,30,32,34,35,45,49,52,58,60,61,67
54359;08.09.2026 14:57;2,4,6,7,12,14,16,31,34,41,47,48,49,51,58,64,68,70,74,76
54360;08.09.2026 15:02;2,5,7,11,13,19,21,30,31,37,39,41,51,57,60,69,71,72,76,78
54361;08.09.2026 15:07;5,7,12,14,15,16,18,27,28,33,36,38,48,49,51,54,62,65,72,74
54362;08.09.2026 15:12;14,17,18,21,28,31,33,40,42,43,46,52,53,59,62,71,72,73,76,80
54363;08.09.2026 15:17;3,6,12,18,20,21,25,26,31,35,39,41,43,49,54,61,63,67,74,78
54364;08.09.2026 15:22;3,7,11,13,19,29,31,34,36,40,41,42,43,47,51,56,59,68,75,76
54365;08.09.2026 15:27;3,4,21,23,26,27,34,36,43,44,46,49,55,58,61,63,69,71,74,77
54366;08.09.2026 15:32;1,4,7,8,11,12,15,16,20,32,37,38,39,43,44,50,70,72,77,79
54367;08.09.2026 15:37;3,7,15,17,19,20,22,24,25,27,29,35,36,45,46,47,50,68,74,80
54368;08.09.2026 15:42;10,12,14,17,18,19,22,26,29,38,43,46,47,51,52,54,64,65,70,74
54369;08.09.2026 15:47;4,10,11,12,16,22,24,29,36,42,43,44,48,53,59,61,65,67,75,77
54370;08.09.2026 15:52;2,7,12,17,21,22,23,24,28,34,38,41,44,47,54,58,60,66,69,73
54371;08.09.2026 15:57;3,7,9,15,18,21,22,26,29,30,36,38,43,45,52,54,55,60,62,68
54372;08.09.2026 16:02;7,10,14,16,17,22,23,32,37,40,44,51,53,57,60,63,65,69,76,77
54373;08.09.2026 16:07;4,5,17,21,22,28,29,30,33,36,37,38,44,45,46,51,60,71,73,74
54374;08.09.2026 16:12;2,4,6,9,16,23,24,26,28,30,33,49,52,54,55,60,66,69,76,78
54375;08.09.2026 16:17;3,12,16,19,23,24,26,30,31,36,40,41,45,46,49,50,58,63,64,79
54376;08.09.2026 16:22;2,6,14,15,17,18,20,29,37,44,45,52,58,59,62,64,67,73,77,78
54377;08.09.2026 16:27;4,10,12,16,18,25,28,33,34,36,38,39,45,53,54,57,61,70,72,80
54378;08.09.2026 16:32;5,11,13,17,20,23,27,30,31,39,42,44,46,54,60,62,64,74,76,78
54379;08.09.2026 16:37;2,4,6,9,14,20,23,24,25,29,37,40,41,52,54,59,63,65,68,71
54380;08.09.2026 16:42;10,15,18,19,23,27,30,38,51,53,54,55,56,60,63,71,73,77,79,80
54381;08.09.2026 16:47;1,4,10,15,16,20,22,23,25,27,33,38,39,40,42,46,55,56,61,76
54382;08.09.2026 16:52;5,15,17,19,22,25,30,35,40,41,45,57,58,59,60,63,64,66,70,78
54383;08.09.2026 16:57;1,2,4,9,10,17,25,32,33,44,46,48,51,52,58,59,60,61,69,78
54384;08.09.2026 17:02;1,3,5,8,9,10,23,25,28,30,33,35,60,64,69,70,74,75,76,79
54385;08.09.2026 17:07;2,4,5,14,20,22,24,26,33,34,35,41,48,49,52,55,64,69,77,80
54386;08.09.2026 17:12;8,9,10,12,13,14,20,21,23,29,30,31,35,36,39,47,49,57,69,74
54387;08.09.2026 17:17;5,7,14,15,18,19,33,34,38,46,47,56,62,64,70,73,74,75,77,78
54388;08.09.2026 17:22;6,8,10,14,15,20,26,29,32,37,46,51,52,55,58,59,66,70,73,78
54389;08.09.2026 17:27;5,6,11,17,19,32,39,43,46,49,58,60,61,62,63,66,69,70,72,76
54390;08.09.2026 17:32;1,12,17,19,20,23,24,25,26,30,38,42,49,51,56,70,71,73,74,79
54391;08.09.2026 17:37;3,17,18,21,22,32,38,43,47,49,50,52,53,55,56,62,63,64,68,79
54392;08.09.2026 17:42;4,6,9,16,17,18,19,31,33,36,37,38,45,54,57,59,62,64,71,79
54393;08.09.2026 17:47;2,12,13,17,19,20,24,31,32,35,38,39,40,47,58,59,62,72,76,80
54394;08.09.2026 17:52;3,5,9,12,15,16,18,24,35,37,38,41,44,45,52,59,63,68,72,73
54395;08.09.2026 17:57;5,8,14,16,19,25,33,37,51,52,53,54,57,60,62,70,71,73,74,75
54396;08.09.2026 18:02;2,4,13,17,28,31,36,37,42,47,49,56,57,58,62,63,64,65,72,78
54397;08.09.2026 18:07;3,12,20,23,26,28,32,35,40,41,44,51,55,57,58,62,65,67,73,74
54398;08.09.2026 18:12;1,5,7,24,31,35,37,39,45,50,51,52,59,60,66,67,69,71,77,80
54399;08.09.2026 18:17;1,3,5,8,12,24,26,27,28,30,31,32,43,59,63,73,74,76,77,79
54400;08.09.2026 18:22;6,8,9,10,11,15,18,20,27,34,35,40,41,44,48,55,56,62,64,70
54401;08.09.2026 18:27;12,14,18,23,28,32,34,38,44,45,52,54,55,56,57,59,60,64,66,70
54402;08.09.2026 18:32;9,16,18,19,22,24,33,34,35,42,50,51,54,55,58,60,64,68,72,80
54403;08.09.2026 18:37;1,9,12,13,19,20,28,33,41,46,47,49,51,54,56,61,63,70,73,74
54404;08.09.2026 18:42;6,11,12,19,20,21,27,41,44,48,49,50,51,52,64,67,69,72,76,79
54405;08.09.2026 18:47;11,12,13,16,18,20,30,45,48,49,50,51,54,61,62,64,69,70,71,78
54406;08.09.2026 18:52;14,16,17,22,26,27,30,32,33,35,38,41,42,63,64,70,71,72,75,78
54407;08.09.2026 18:57;3,4,21,24,28,29,31,44,47,48,51,52,55,59,60,61,65,66,69,78
54408;08.09.2026 19:02;1,3,5,8,9,10,17,25,26,28,29,35,40,44,46,58,59,71,72,77
54409;08.09.2026 19:07;5,6,7,12,13,23,25,26,28,31,33,43,47,49,50,62,69,70,72,80
54410;08.09.2026 19:12;24,25,26,28,32,33,36,39,40,42,45,48,51,54,63,64,65,69,70,80
54411;08.09.2026 19:17;6,7,11,24,28,29,35,39,41,43,53,54,55,63,65,70,74,75,79,80
54412;08.09.2026 19:22;5,11,12,13,14,20,24,25,38,39,43,45,47,59,61,62,71,72,75,76
54413;08.09.2026 19:27;1,3,5,7,12,15,16,23,28,35,43,44,46,48,53,54,74,75,77,80
54414;08.09.2026 19:32;3,8,9,10,14,19,22,30,31,32,37,42,48,50,53,56,57,59,63,77
54415;08.09.2026 19:37;1,8,9,14,15,18,19,38,40,45,47,48,49,54,59,64,65,68,73,80
54416;08.09.2026 19:42;1,2,3,10,13,26,28,31,37,38,39,41,46,57,62,73,76,78,79,80
54417;08.09.2026 19:47;5,7,12,14,15,17,21,25,30,35,38,42,49,52,53,60,69,73,79,80
54418;08.09.2026 19:52;8,11,27,35,38,42,44,48,50,51,53,55,56,61,64,70,75,77,78,80
54419;08.09.2026 19:57;10,13,14,18,24,27,29,33,40,46,47,52,56,57,58,61,65,68,78,79
54420;08.09.2026 20:02;1,7,11,12,19,22,23,29,32,33,34,40,41,44,49,52,58,59,63,68
54421;08.09.2026 20:07;1,3,8,12,16,19,26,27,28,31,33,34,40,42,43,52,58,66,71,76
54422;08.09.2026 20:12;1,4,9,13,16,18,21,24,34,36,39,41,44,47,61,66,67,69,76,78
54423;08.09.2026 20:17;7,23,27,28,29,30,31,32,37,42,45,47,61,62,66,71,72,75,79,80
54424;08.09.2026 20:22;3,5,12,25,27,30,31,32,37,39,50,51,52,54,60,61,62,68,75,80
54425;08.09.2026 20:27;5,6,12,14,17,24,30,39,41,54,58,60,64,65,66,69,73,74,76,79
54426;08.09.2026 20:32;16,17,20,27,28,35,39,40,44,45,51,55,56,58,59,64,69,75,78,79
54427;08.09.2026 20:37;3,5,7,9,22,23,26,32,36,38,41,42,49,60,62,68,69,70,73,80
54428;08.09.2026 20:42;2,4,8,10,14,20,23,24,26,28,30,33,37,42,61,62,65,71,79,80
54429;08.09.2026 20:47;3,5,10,16,17,19,23,25,32,34,36,41,46,52,64,69,70,78,79,80
54430;08.09.2026 20:52;5,16,18,20,23,27,29,36,38,39,42,50,51,53,55,57,60,62,68,80
54431;08.09.2026 20:57;4,9,13,14,18,25,26,34,35,37,38,47,50,52,53,55,59,60,61,65
54432;08.09.2026 21:02;2,8,9,11,12,14,16,26,29,36,37,42,47,49,50,55,56,57,59,74
54433;08.09.2026 21:07;2,3,5,8,19,21,23,25,29,32,45,48,64,65,67,71,72,74,75,78
54434;08.09.2026 21:12;8,10,11,13,14,16,17,21,27,29,30,32,41,57,61,64,72,73,74,80
54435;08.09.2026 21:17;2,4,5,6,7,13,16,24,31,38,39,47,51,54,57,61,68,71,74,80
54436;08.09.2026 21:22;4,6,12,17,22,25,26,32,38,42,48,49,54,59,60,65,69,70,72,74
54437;08.09.2026 21:27;5,6,13,15,18,19,22,36,41,42,45,51,55,58,61,63,64,72,78,79
54438;08.09.2026 21:32;3,4,10,24,26,27,30,31,32,33,35,44,46,48,54,62,70,71,76,78
54439;08.09.2026 21:37;6,12,13,15,22,26,32,35,37,41,42,45,60,62,66,68,73,75,76,79
54440;08.09.2026 21:42;1,4,7,9,12,20,24,25,27,31,32,34,36,43,46,47,65,69,77,78
54441;08.09.2026 21:47;1,2,3,12,17,21,23,37,44,45,47,48,49,62,65,66,71,74,75,80
54442;08.09.2026 21:52;4,10,17,18,19,27,30,36,38,48,50,51,58,59,62,70,71,74,75,76
54443;08.09.2026 21:57;1,4,10,11,12,14,19,21,22,33,35,36,41,43,47,48,52,62,66,70
54444;08.09.2026 22:02;1,4,7,16,29,34,38,39,42,43,50,51,52,54,55,57,61,64,67,74
54445;08.09.2026 22:07;4,7,12,13,15,18,20,23,25,34,35,37,48,63,65,68,69,76,77,78
54446;08.09.2026 22:12;5,11,14,15,17,18,19,22,31,36,37,41,42,44,50,51,54,58,62,68
54447;08.09.2026 22:17;4,8,15,17,18,19,20,23,25,27,33,39,57,66,68,72,76,78,79,80
54448;08.09.2026 22:22;1,3,7,15,17,19,22,30,31,32,37,45,47,49,60,63,68,70,72,76
54449;08.09.2026 22:27;2,4,7,9,16,21,27,29,34,37,50,55,57,63,65,66,68,70,76,78
54450;08.09.2026 22:32;1,5,9,10,12,14,20,25,26,27,34,36,41,43,51,58,59,63,73,76
54451;08.09.2026 22:37;1,7,10,13,18,26,31,41,43,46,48,53,54,57,64,68,69,72,75,77
54452;08.09.2026 22:42;1,3,16,18,21,24,25,28,35,41,42,44,45,54,58,59,63,70,77,79
54453;08.09.2026 22:47;1,3,10,12,30,33,35,36,37,39,43,51,55,59,60,65,70,71,76,80
54454;08.09.2026 22:52;1,13,15,16,18,20,26,41,46,55,56,58,60,61,66,71,74,77,78,80
54455;08.09.2026 22:57;2,3,5,11,13,28,30,31,44,50,52,54,55,58,62,64,65,67,75,76
54456;08.09.2026 23:02;5,11,12,14,16,18,23,32,33,34,35,43,48,49,50,56,61,67,70,72
54457;08.09.2026 23:07;1,2,9,12,13,18,19,22,27,29,31,37,48,54,57,60,65,67,71,80
54458;08.09.2026 23:12;2,6,11,12,13,16,18,20,23,27,28,30,32,39,47,59,61,66,67,80
54459;08.09.2026 23:17;1,3,8,11,16,21,24,25,27,30,31,34,38,39,43,51,54,58,63,72
54460;08.09.2026 23:22;3,8,9,10,14,19,25,29,34,35,36,41,43,51,53,54,70,72,73,77
54461;08.09.2026 23:27;4,8,10,13,16,18,31,36,45,49,52,55,58,64,66,70,73,75,76,78
54462;08.09.2026 23:32;3,10,11,12,14,19,30,38,39,44,50,51,58,59,60,61,64,70,72,74
54463;08.09.2026 23:37;5,7,10,11,13,16,17,25,26,35,36,39,40,50,60,65,67,74,75,79
54464;08.09.2026 23:42;10,11,16,18,25,28,29,44,47,48,49,50,59,61,63,64,67,69,76,77
54465;08.09.2026 23:47;4,7,10,20,23,25,27,32,33,38,45,46,53,63,66,67,69,72,76,78
54466;08.09.2026 23:52;14,16,17,22,30,38,42,49,52,54,55,56,60,62,68,74,75,76,79,80
54467;08.09.2026 23:57;5,7,11,18,20,24,26,33,37,39,40,50,52,54,61,63,64,66,70,79

===== 09.09.2026 | 217 ÇEKİLİŞ =====
54468;09.09.2026 00:02;1,5,13,14,24,26,27,28,29,30,32,35,36,46,49,51,53,54,62,68
54469;09.09.2026 00:07;4,11,13,16,20,21,25,27,28,29,40,43,49,50,55,57,58,67,70,75
54470;09.09.2026 00:12;1,2,4,11,13,16,21,24,27,32,34,36,37,49,60,69,73,74,79,80
54471;09.09.2026 00:17;9,11,13,16,22,23,24,26,29,30,38,43,48,55,62,64,70,73,76,80
54472;09.09.2026 00:22;2,9,10,13,14,18,20,25,33,43,56,57,58,61,63,68,70,75,76,77
54473;09.09.2026 00:27;7,16,21,23,25,31,35,36,41,46,47,53,55,56,57,64,65,66,77,80
54474;09.09.2026 00:32;8,12,17,18,20,27,31,33,39,40,48,49,50,58,61,64,65,68,76,78
54475;09.09.2026 00:37;5,6,19,22,25,27,32,33,36,45,46,47,50,53,55,57,58,60,62,63
54476;09.09.2026 00:42;10,11,15,17,24,29,43,45,49,50,51,54,56,60,65,70,71,73,74,75
54477;09.09.2026 00:47;4,6,7,14,15,18,21,22,24,28,31,33,34,52,53,67,68,71,72,78
54478;09.09.2026 00:52;1,3,17,23,28,29,31,33,36,42,56,65,67,68,70,71,72,73,76,80
54479;09.09.2026 00:57;1,2,3,4,12,16,21,23,34,45,48,50,55,56,57,62,68,71,72,76
54480;09.09.2026 01:02;1,7,14,19,20,30,39,41,42,49,53,57,59,62,65,67,72,76,77,80
54481;09.09.2026 07:02;1,4,9,12,13,24,26,29,32,36,37,45,46,50,57,64,66,71,75,78
54482;09.09.2026 07:07;3,7,11,15,16,19,21,22,26,27,33,37,49,53,55,61,62,72,74,78
54483;09.09.2026 07:12;1,5,10,19,21,23,24,25,38,40,49,53,54,58,60,73,77,78,79,80
54484;09.09.2026 07:17;7,14,16,20,22,26,31,32,39,48,51,53,54,57,58,68,72,73,74,76
54485;09.09.2026 07:22;4,5,22,23,24,32,34,38,42,43,45,48,55,56,57,62,65,66,72,77
54486;09.09.2026 07:27;4,8,19,22,29,34,40,41,42,43,47,48,51,57,58,59,60,63,64,65
54487;09.09.2026 07:32;1,8,16,18,23,26,28,30,38,39,40,41,49,50,52,53,58,69,76,77
54488;09.09.2026 07:37;3,4,7,17,18,21,22,23,37,51,52,56,57,58,60,61,62,73,78,80
54489;09.09.2026 07:42;6,10,12,16,20,27,30,34,35,40,42,45,49,56,58,61,65,69,71,80
54490;09.09.2026 07:47;4,6,10,16,17,25,29,32,39,40,43,51,57,60,61,66,67,73,78,79
54491;09.09.2026 07:52;2,3,5,12,20,22,34,37,39,42,47,49,52,54,58,63,65,70,72,78
54492;09.09.2026 07:57;2,3,7,11,12,13,19,26,28,40,44,52,57,58,60,65,66,68,72,75
54493;09.09.2026 08:02;3,6,12,14,16,18,24,29,34,43,45,48,49,52,56,61,65,66,76,77
54494;09.09.2026 08:07;5,7,13,27,29,33,34,35,40,42,43,44,55,56,57,58,59,61,73,78
54495;09.09.2026 08:12;8,14,26,35,36,38,39,42,44,47,49,50,51,56,60,66,72,73,74,75
54496;09.09.2026 08:17;6,8,9,18,20,28,29,30,35,46,48,56,60,63,65,73,76,78,79,80
54497;09.09.2026 08:22;2,7,10,11,14,19,22,23,29,37,38,52,55,58,60,66,69,70,74,79
54498;09.09.2026 08:27;2,5,6,7,13,14,15,21,24,27,30,33,38,39,42,48,55,67,78,80
54499;09.09.2026 08:32;3,9,11,14,19,21,23,30,33,42,43,45,53,55,56,62,70,74,75,78
54500;09.09.2026 08:37;5,7,14,16,17,21,28,29,39,40,42,50,63,66,67,68,69,71,72,79
54501;09.09.2026 08:42;1,2,6,13,14,24,33,43,47,50,51,53,54,58,69,70,75,76,78,80
54502;09.09.2026 08:47;2,4,13,18,20,28,31,32,34,35,36,39,43,46,51,63,66,68,72,77
54503;09.09.2026 08:52;8,11,12,22,24,30,31,32,33,34,36,40,44,47,52,53,57,63,69,74
54504;09.09.2026 08:57;2,5,13,16,20,23,24,26,41,44,45,50,52,63,64,66,74,78,79,80
54505;09.09.2026 09:02;1,2,6,7,11,13,15,17,21,35,40,47,48,49,52,53,57,61,73,74
54506;09.09.2026 09:07;4,6,16,19,21,25,27,35,41,45,52,58,59,61,65,66,67,69,70,73
54507;09.09.2026 09:12;7,9,12,17,19,20,24,30,43,49,50,51,58,59,63,65,70,73,79,80
54508;09.09.2026 09:17;2,4,7,11,12,18,23,25,29,33,43,47,50,51,61,63,67,71,76,77
54509;09.09.2026 09:22;5,7,16,20,22,23,30,32,34,43,50,61,62,63,64,67,71,74,76,77
54510;09.09.2026 09:27;5,7,11,15,23,25,26,30,31,32,48,49,51,55,56,58,64,70,78,79
54511;09.09.2026 09:32;1,7,10,11,13,16,21,33,34,36,37,40,44,45,47,49,51,56,62,77
54512;09.09.2026 09:37;1,11,12,14,15,32,36,45,47,49,53,57,59,60,61,63,67,72,75,76
54513;09.09.2026 09:42;2,6,12,13,21,25,26,33,40,49,51,52,57,59,61,67,69,74,78,79
54514;09.09.2026 09:47;2,6,10,13,18,21,26,29,32,33,38,45,46,49,51,58,63,68,73,77
54515;09.09.2026 09:52;2,3,4,5,7,14,17,21,28,34,39,45,46,48,56,58,70,74,76,79
54516;09.09.2026 09:57;5,9,17,26,28,31,35,36,38,39,43,52,55,59,62,63,67,71,73,77
54517;09.09.2026 10:02;3,20,23,28,31,33,35,36,45,49,52,58,59,61,62,65,68,70,73,78
54518;09.09.2026 10:07;2,6,9,10,25,28,29,30,37,39,40,46,50,56,59,61,62,68,73,78
54519;09.09.2026 10:12;3,9,15,22,27,32,33,37,40,43,47,50,53,55,56,58,59,66,71,80
54520;09.09.2026 10:17;3,4,8,10,13,15,17,19,24,30,34,38,39,46,49,52,59,60,77,79
54521;09.09.2026 10:22;8,9,13,15,16,20,27,28,31,33,34,36,40,52,56,57,58,60,65,80
54522;09.09.2026 10:27;4,8,15,26,27,28,29,30,33,41,44,45,51,61,62,65,67,71,73,77
54523;09.09.2026 10:32;4,10,13,16,18,20,24,29,30,35,36,39,42,48,50,56,63,70,72,80
54524;09.09.2026 10:37;5,7,10,11,13,21,28,32,38,41,45,49,51,53,57,59,62,67,73,74
54525;09.09.2026 10:42;2,3,6,7,12,16,17,20,28,40,44,49,51,55,56,61,64,69,72,78
54526;09.09.2026 10:47;4,16,17,22,26,27,32,41,42,44,47,53,57,58,60,61,62,65,68,77
54527;09.09.2026 10:52;1,3,5,9,15,19,20,25,28,33,35,36,47,49,54,64,68,72,73,76
54528;09.09.2026 10:57;1,3,4,7,9,12,15,16,24,32,43,45,48,49,53,59,66,71,72,79
54529;09.09.2026 11:02;6,7,8,18,19,26,30,31,33,42,43,51,56,57,59,64,66,77,79,80
54530;09.09.2026 11:07;5,19,25,28,39,40,41,48,51,52,54,55,56,57,58,59,63,72,73,77
54531;09.09.2026 11:12;5,12,14,17,28,30,31,35,42,48,49,50,55,56,57,59,63,69,70,72
54532;09.09.2026 11:17;2,7,9,19,26,27,28,37,40,42,48,49,50,55,58,66,67,72,73,80
54533;09.09.2026 11:22;7,9,13,15,28,29,31,32,34,37,38,39,42,44,51,63,65,66,68,71
54534;09.09.2026 11:27;2,4,5,7,11,14,17,22,29,30,34,35,48,49,59,61,67,68,69,71
54535;09.09.2026 11:32;4,10,14,19,21,24,28,31,40,44,49,50,53,61,67,72,73,74,75,79
54536;09.09.2026 11:37;9,11,14,16,17,32,33,37,44,48,49,50,53,56,58,64,65,66,75,77
54537;09.09.2026 11:42;1,3,6,18,25,26,36,39,46,49,51,56,57,58,66,70,75,77,78,79
54538;09.09.2026 11:47;3,14,17,19,23,29,31,35,36,40,41,42,46,49,52,53,55,60,61,78
54539;09.09.2026 11:52;4,7,8,11,12,17,21,28,38,43,48,53,55,60,68,71,75,77,79,80
54540;09.09.2026 11:57;6,14,16,22,23,24,25,26,30,31,35,42,45,48,53,59,60,69,75,78
54541;09.09.2026 12:02;2,4,6,9,20,22,23,27,29,31,36,37,40,41,49,52,57,67,70,71
54542;09.09.2026 12:07;4,14,16,18,22,23,24,27,28,31,42,43,45,48,52,60,71,73,74,78
54543;09.09.2026 12:12;6,7,8,11,14,17,20,21,23,26,31,34,38,50,51,54,63,64,66,80
54544;09.09.2026 12:17;4,12,15,23,24,26,29,35,36,39,41,45,47,50,52,53,54,65,66,75
54545;09.09.2026 12:22;8,10,13,17,19,22,28,30,33,45,55,56,57,58,63,66,67,68,73,79
54546;09.09.2026 12:27;2,3,16,18,22,25,27,28,29,31,32,40,41,52,55,58,64,67,71,76
54547;09.09.2026 12:32;3,7,8,10,12,13,14,23,28,36,38,39,40,46,54,55,65,72,75,78
54548;09.09.2026 12:37;1,7,8,13,18,22,27,31,42,44,45,49,50,54,56,61,66,67,74,77
54549;09.09.2026 12:42;1,8,13,15,16,20,26,27,28,30,33,38,45,47,49,53,59,62,70,76
54550;09.09.2026 12:47;2,3,7,20,23,25,34,35,43,44,46,62,65,68,69,72,75,76,79,80
54551;09.09.2026 12:52;5,13,18,19,20,27,29,32,33,35,39,48,54,61,63,64,69,70,73,78
54552;09.09.2026 12:57;7,10,12,17,20,24,27,30,32,33,37,41,55,60,62,68,71,73,74,80
54553;09.09.2026 13:02;4,7,9,15,23,26,29,45,51,54,57,58,61,62,64,67,74,75,76,78
54554;09.09.2026 13:07;7,9,11,14,16,17,27,31,32,35,37,40,42,43,46,47,48,51,59,63
54555;09.09.2026 13:12;5,7,18,20,22,27,33,34,38,40,44,45,59,60,61,62,63,64,65,73
54556;09.09.2026 13:17;1,7,9,15,16,18,23,25,44,45,46,51,52,59,63,64,65,67,70,75
54557;09.09.2026 13:22;4,7,15,16,18,20,26,30,31,33,37,40,42,48,56,61,62,63,74,77
54558;09.09.2026 13:27;3,6,12,13,15,16,19,27,29,30,31,33,37,42,45,71,72,73,74,79
54559;09.09.2026 13:32;1,4,6,8,13,14,26,32,33,34,36,41,44,46,51,53,60,68,70,80
54560;09.09.2026 13:37;2,5,6,9,11,23,35,40,42,43,45,47,54,56,59,60,66,67,75,80
54561;09.09.2026 13:42;1,9,11,16,21,29,34,35,36,37,38,43,46,48,51,60,65,67,77,78
54562;09.09.2026 13:47;3,9,10,14,18,20,25,37,42,43,46,50,51,52,56,60,62,64,75,78
54563;09.09.2026 13:52;4,13,16,18,20,23,24,26,27,31,35,38,42,44,64,65,66,68,70,73
54564;09.09.2026 13:57;3,6,9,13,18,20,22,36,41,46,50,52,58,62,63,66,70,76,78,79
54565;09.09.2026 14:02;9,11,13,16,21,25,26,27,29,35,40,42,45,46,47,56,62,63,64,68
54566;09.09.2026 14:07;9,11,21,24,25,34,35,40,43,45,46,51,52,65,70,71,72,73,76,77
54567;09.09.2026 14:12;8,18,19,20,28,29,30,31,35,36,39,41,47,49,53,57,62,65,66,78
54568;09.09.2026 14:17;2,5,7,13,14,20,21,22,25,33,40,47,49,57,59,66,67,69,76,77
54569;09.09.2026 14:22;9,13,18,27,38,39,40,43,45,47,51,54,58,60,62,68,69,70,71,72
54570;09.09.2026 14:27;6,8,9,12,14,16,20,31,33,34,41,51,57,58,59,60,66,69,70,77
54571;09.09.2026 14:32;1,9,11,16,17,20,23,25,28,29,30,32,33,39,47,50,53,64,69,78
54572;09.09.2026 14:37;3,7,30,34,38,41,46,47,49,54,59,64,66,68,69,71,73,74,75,79
54573;09.09.2026 14:42;1,2,5,8,12,17,24,29,35,37,38,42,45,49,53,55,67,70,73,75
54574;09.09.2026 14:47;1,8,11,15,16,20,21,25,31,39,40,41,51,52,63,65,69,74,77,79
54575;09.09.2026 14:52;1,5,6,16,19,20,27,39,40,41,43,45,48,53,54,56,65,69,73,74
54576;09.09.2026 14:57;3,4,13,14,21,22,25,33,34,40,43,49,52,53,62,67,70,77,79,80
54577;09.09.2026 15:02;1,6,7,9,11,12,13,17,18,25,27,29,41,43,45,46,56,61,65,71
54578;09.09.2026 15:07;1,3,4,7,9,30,32,33,34,39,43,46,47,50,62,67,70,72,76,79
54579;09.09.2026 15:12;2,6,12,13,17,18,23,34,36,37,43,46,52,53,57,64,71,73,76,79
54580;09.09.2026 15:17;4,5,9,13,14,16,18,19,20,22,43,53,55,56,57,60,62,66,76,78
54581;09.09.2026 15:22;7,9,10,11,12,24,26,31,33,36,38,44,49,56,65,68,70,73,75,77
54582;09.09.2026 15:27;3,4,5,9,15,22,23,35,36,46,50,53,54,55,57,60,62,64,73,74
54583;09.09.2026 15:32;2,10,11,16,25,28,32,33,42,45,52,54,60,62,66,67,72,77,78,79
54584;09.09.2026 15:37;2,3,4,7,13,14,21,29,31,36,46,51,58,61,65,67,68,70,76,78
54585;09.09.2026 15:42;2,5,14,15,18,23,28,31,32,35,37,39,40,52,56,62,65,68,72,80
54586;09.09.2026 15:47;1,19,20,21,22,23,25,37,38,48,55,57,58,62,63,64,70,72,75,80
54587;09.09.2026 15:52;7,8,10,11,12,16,19,30,36,42,46,51,56,57,60,61,67,68,79,80
54588;09.09.2026 15:57;1,2,3,8,9,11,12,20,30,39,40,47,52,57,59,62,65,66,73,76
54589;09.09.2026 16:02;4,6,12,19,30,37,39,43,47,51,54,58,64,65,67,68,70,71,72,73
54590;09.09.2026 16:07;4,10,13,15,16,17,21,25,26,34,37,47,52,54,60,62,66,68,70,74
54591;09.09.2026 16:12;1,6,12,22,25,30,32,39,43,48,49,51,53,54,59,61,66,75,79,80
54592;09.09.2026 16:17;3,14,16,25,27,31,33,43,51,52,55,56,60,61,62,63,64,71,73,74
54593;09.09.2026 16:22;4,5,7,12,14,15,24,34,38,39,42,43,45,51,52,60,66,69,70,71
54594;09.09.2026 16:27;4,6,11,12,15,21,22,23,25,33,37,38,39,47,48,52,57,59,60,80
54595;09.09.2026 16:32;1,5,8,13,15,16,22,23,26,31,43,55,57,58,59,60,64,66,76,77
54596;09.09.2026 16:37;8,10,12,15,17,23,30,31,41,43,45,49,53,57,58,59,61,65,74,77
54597;09.09.2026 16:42;4,5,13,27,30,31,33,35,44,48,52,56,58,61,63,64,68,71,73,77
54598;09.09.2026 16:47;2,9,11,12,14,25,28,32,34,42,51,56,57,60,65,74,76,77,78,79
54599;09.09.2026 16:52;1,5,13,14,22,27,30,35,36,38,46,48,54,55,62,63,64,66,67,69
54600;09.09.2026 16:57;1,5,7,12,13,16,18,26,32,35,42,46,47,50,51,54,62,63,72,73
54601;09.09.2026 17:02;6,16,19,20,24,27,31,34,46,47,51,53,54,60,62,63,64,65,76,78
54602;09.09.2026 17:07;4,11,13,16,20,22,29,31,33,36,37,44,58,61,63,64,65,69,72,78
54603;09.09.2026 17:12;2,4,5,6,7,8,13,14,17,27,34,39,41,47,49,55,60,70,71,80
54604;09.09.2026 17:17;4,8,10,29,30,34,35,37,38,42,44,47,48,51,57,64,66,74,76,77
54605;09.09.2026 17:22;1,4,7,16,21,32,39,41,43,53,56,62,63,64,67,70,71,73,77,78
54606;09.09.2026 17:27;1,7,12,16,17,19,23,27,29,36,52,53,54,55,59,63,65,66,68,74
54607;09.09.2026 17:32;1,16,19,20,23,24,27,28,32,37,46,50,54,57,59,61,65,71,72,74
54608;09.09.2026 17:37;1,7,8,20,21,25,28,29,31,33,36,47,49,53,54,56,65,70,75,77
54609;09.09.2026 17:42;6,8,10,12,14,17,20,27,28,35,46,50,51,52,59,67,72,73,75,76
54610;09.09.2026 17:47;1,4,10,13,15,25,26,32,33,34,42,47,49,51,52,54,59,62,63,68
54611;09.09.2026 17:52;1,2,5,13,14,19,20,26,28,29,31,35,39,43,45,57,60,70,71,80
54612;09.09.2026 17:57;5,9,15,16,17,20,21,30,41,43,45,53,54,55,63,65,66,71,72,78
54613;09.09.2026 18:02;4,9,12,15,18,22,25,27,33,34,37,38,49,53,55,57,63,64,68,73
54614;09.09.2026 18:07;2,4,11,13,14,19,22,25,37,38,39,41,42,48,50,53,57,68,75,77
54615;09.09.2026 18:12;2,7,9,11,17,18,20,26,32,37,41,45,47,49,54,55,62,70,78,80
54616;09.09.2026 18:17;1,3,4,7,14,15,22,25,34,35,36,38,41,44,47,48,53,61,64,72
54617;09.09.2026 18:22;3,5,9,17,20,22,24,25,30,31,32,33,47,48,53,54,58,60,74,77
54618;09.09.2026 18:27;9,10,15,19,20,25,26,34,35,37,38,39,40,42,47,50,57,58,67,79
54619;09.09.2026 18:32;8,15,16,18,27,28,32,33,35,46,48,51,53,55,59,67,72,74,77,79
54620;09.09.2026 18:37;7,13,14,16,18,20,21,22,23,28,32,36,40,42,58,62,70,73,78,79
54621;09.09.2026 18:42;3,7,8,16,17,19,34,41,44,45,47,48,52,55,56,61,66,71,73,80
54622;09.09.2026 18:47;7,14,16,18,19,20,25,27,37,39,52,54,56,57,60,64,65,66,67,72
54623;09.09.2026 18:52;4,8,13,16,20,23,26,34,38,49,50,53,54,55,56,61,67,71,75,79
54624;09.09.2026 18:57;3,7,11,13,15,23,32,35,38,41,43,48,49,56,61,66,68,72,73,79
54625;09.09.2026 19:02;1,14,16,22,24,27,29,31,32,41,44,54,66,67,70,72,75,77,79,80
54626;09.09.2026 19:07;2,3,9,17,20,24,32,33,36,37,39,40,44,45,51,52,55,66,73,75
54627;09.09.2026 19:12;6,9,12,20,21,31,32,33,35,37,40,43,48,50,53,54,56,60,63,67
54628;09.09.2026 19:17;1,7,9,12,28,34,35,37,39,40,45,48,49,54,56,65,69,75,77,79
54629;09.09.2026 19:22;3,6,8,22,33,34,37,39,40,41,42,44,45,49,56,62,64,68,76,79
54630;09.09.2026 19:27;3,14,16,22,25,26,30,34,35,38,40,42,47,48,50,54,56,71,78,80
54631;09.09.2026 19:32;3,5,9,12,18,19,20,30,31,41,45,47,51,54,59,62,67,74,78,80
54632;09.09.2026 19:37;4,8,12,13,15,16,23,24,26,29,30,41,45,59,61,64,67,68,70,75
54633;09.09.2026 19:42;3,5,6,8,9,15,19,21,29,32,34,37,41,42,45,56,57,60,64,77
54634;09.09.2026 19:47;1,2,5,8,11,17,23,37,38,40,51,52,55,62,63,64,67,71,72,80
54635;09.09.2026 19:52;4,5,6,15,16,20,23,25,29,34,36,39,44,49,54,59,63,64,74,76
54636;09.09.2026 19:57;14,16,23,27,29,33,34,41,46,48,49,52,53,55,58,61,62,69,79,80
54637;09.09.2026 20:02;3,11,16,19,20,21,24,26,30,32,34,38,43,46,50,52,58,63,64,75
54638;09.09.2026 20:07;2,3,13,15,25,26,27,29,38,40,43,44,49,50,56,58,59,70,72,76
54639;09.09.2026 20:12;1,2,3,4,6,7,9,11,29,30,42,50,53,55,59,61,67,69,72,73
54640;09.09.2026 20:17;6,9,10,14,15,21,25,26,36,42,46,47,48,51,54,58,62,64,74,75
54641;09.09.2026 20:22;4,6,14,17,19,20,21,23,24,34,36,37,41,54,56,58,62,64,70,72
54642;09.09.2026 20:27;2,6,10,15,17,18,22,32,37,38,40,45,51,56,57,59,62,65,67,72
54643;09.09.2026 20:32;3,4,5,8,20,23,33,35,36,39,44,46,49,54,63,70,71,75,76,79
54644;09.09.2026 20:37;1,2,9,13,14,15,19,22,28,29,40,46,48,49,54,62,63,73,75,79
54645;09.09.2026 20:42;2,5,15,16,20,22,23,24,28,31,38,42,43,50,51,62,71,74,75,79
54646;09.09.2026 20:47;3,6,8,18,21,22,27,30,34,35,38,39,40,46,55,58,59,65,78,79
54647;09.09.2026 20:52;1,2,3,4,7,11,25,27,43,44,47,50,51,52,63,69,70,77,78,80
54648;09.09.2026 20:57;3,7,8,13,18,19,24,27,32,37,42,49,52,55,59,64,68,74,76,78
54649;09.09.2026 21:02;4,11,12,14,18,20,25,29,34,45,46,47,48,49,50,58,63,70,73,78
54650;09.09.2026 21:07;3,4,5,24,29,42,47,48,50,52,54,56,58,60,63,65,67,70,77,79
54651;09.09.2026 21:12;3,4,7,25,26,39,42,45,47,48,49,52,56,63,67,69,71,72,75,77
54652;09.09.2026 21:17;1,6,9,19,20,23,25,27,30,31,32,37,38,39,57,58,62,64,74,78
54653;09.09.2026 21:22;4,7,8,9,12,15,17,21,22,29,30,35,40,42,51,53,59,67,72,74
54654;09.09.2026 21:27;1,8,11,12,17,23,33,35,36,41,42,45,47,54,57,62,64,71,74,75
54655;09.09.2026 21:32;1,9,10,15,16,18,19,21,27,29,34,43,46,47,48,62,65,66,79,80
54656;09.09.2026 21:37;6,10,11,12,15,17,19,21,29,42,46,53,55,63,66,67,71,73,79,80
54657;09.09.2026 21:42;5,8,17,19,20,22,26,27,29,30,37,42,43,46,55,56,58,68,73,79
54658;09.09.2026 21:47;6,9,11,21,25,29,31,35,41,51,52,53,60,65,66,67,70,71,76,79
54659;09.09.2026 21:52;1,3,9,12,15,16,22,26,27,30,36,37,43,45,59,60,68,74,76,79
54660;09.09.2026 21:57;2,6,7,9,16,18,20,21,29,30,31,33,38,42,44,48,53,62,68,76
54661;09.09.2026 22:02;2,5,7,15,17,23,27,28,32,33,35,40,44,45,46,49,58,61,79,80
54662;09.09.2026 22:07;3,5,9,20,25,26,36,37,43,45,47,49,53,55,62,68,69,70,74,79
54663;09.09.2026 22:12;2,8,9,10,15,24,31,35,41,45,47,50,51,54,56,59,61,63,67,69
54664;09.09.2026 22:17;1,6,9,17,20,24,30,32,33,35,40,42,44,46,48,50,58,71,76,79
54665;09.09.2026 22:22;2,19,26,28,32,35,40,41,51,53,60,62,63,64,66,68,71,72,79,80
54666;09.09.2026 22:27;2,5,13,19,21,25,28,29,32,38,41,45,46,47,52,61,71,74,76,80
54667;09.09.2026 22:32;2,10,11,12,16,20,28,29,31,32,34,41,46,52,55,66,69,75,76,77
54668;09.09.2026 22:37;3,11,14,20,31,33,35,40,47,48,51,52,55,59,65,66,67,70,74,78
54669;09.09.2026 22:42;2,4,9,10,14,18,29,30,34,37,42,50,52,55,60,62,65,70,73,76
54670;09.09.2026 22:47;2,3,6,18,19,22,29,32,41,43,44,45,55,56,59,63,71,72,75,78
54671;09.09.2026 22:52;2,4,6,9,12,14,19,21,26,29,31,37,40,45,47,53,63,67,73,78
54672;09.09.2026 22:57;4,6,8,10,14,16,25,27,32,37,40,46,47,48,50,51,56,65,70,74
54673;09.09.2026 23:02;5,13,14,25,30,32,34,35,37,40,44,45,48,52,53,56,60,65,68,77
54674;09.09.2026 23:07;1,8,10,11,19,24,28,31,35,40,48,54,56,65,67,68,70,73,75,80
54675;09.09.2026 23:12;3,7,10,11,14,16,20,25,47,50,51,52,53,59,60,64,71,72,74,77
54676;09.09.2026 23:17;4,5,6,18,26,31,41,42,43,46,49,51,52,57,59,63,72,73,74,79
54677;09.09.2026 23:22;11,13,20,30,32,38,39,42,45,46,49,51,52,57,63,68,70,72,74,80
54678;09.09.2026 23:27;6,11,12,16,20,21,24,27,31,33,34,35,37,43,58,59,63,66,67,77
54679;09.09.2026 23:32;2,8,10,11,13,19,21,25,26,41,43,48,52,56,63,64,69,71,79,80
54680;09.09.2026 23:37;7,9,10,11,17,18,19,27,29,33,42,44,45,51,58,63,65,66,69,76
54681;09.09.2026 23:42;4,9,10,14,16,22,23,25,29,31,35,40,45,46,59,64,69,72,75,77
54682;09.09.2026 23:47;3,6,10,11,13,15,17,19,22,24,25,32,40,42,54,58,59,61,69,76
54683;09.09.2026 23:52;8,10,16,17,29,37,38,42,48,51,52,53,55,57,61,64,68,77,79,80
54684;09.09.2026 23:57;4,7,9,12,17,30,31,35,38,40,46,48,51,56,57,58,66,67,69,75

===== 10.09.2026 | 217 ÇEKİLİŞ =====
54685;10.09.2026 00:02;9,10,11,12,16,17,23,24,25,28,42,43,44,49,50,56,67,74,77,78
54686;10.09.2026 00:07;1,2,4,5,7,10,14,18,34,35,37,47,48,55,56,63,67,72,73,77
54687;10.09.2026 00:12;6,8,10,18,20,21,24,28,29,31,34,37,38,39,44,45,47,49,71,72
54688;10.09.2026 00:17;1,8,17,24,26,28,30,36,38,44,45,46,55,62,65,67,69,73,75,79
54689;10.09.2026 00:22;6,7,8,10,11,12,22,23,34,35,38,40,51,54,56,63,71,72,78,79
54690;10.09.2026 00:27;8,15,16,26,27,28,30,35,41,48,49,50,52,54,55,58,64,69,79,80
54691;10.09.2026 00:32;5,11,14,15,16,18,26,30,39,44,47,48,52,54,56,66,68,73,74,79
54692;10.09.2026 00:37;1,5,8,13,17,20,21,28,32,34,36,37,45,55,63,65,67,70,73,74
54693;10.09.2026 00:42;3,4,5,13,21,22,27,29,35,39,42,46,52,56,57,59,65,69,76,80
54694;10.09.2026 00:47;1,3,4,5,17,18,22,25,26,32,35,37,38,39,50,60,67,69,75,78
54695;10.09.2026 00:52;10,11,12,14,21,27,33,34,35,38,46,55,58,59,63,64,68,73,78,79
54696;10.09.2026 00:57;2,4,7,11,13,16,19,21,27,28,30,32,41,42,45,53,54,57,73,76
54697;10.09.2026 01:02;2,11,12,21,23,33,34,39,45,58,61,62,64,66,69,73,75,77,78,80
54698;10.09.2026 07:02;2,3,8,10,11,12,16,17,32,37,48,53,57,60,61,69,72,73,75,76
54699;10.09.2026 07:07;6,9,16,19,25,30,31,33,39,40,48,49,55,58,61,73,75,76,77,78
54700;10.09.2026 07:12;2,3,7,13,14,21,22,30,34,35,39,41,55,56,62,71,74,76,78,79
54701;10.09.2026 07:17;1,10,11,13,14,18,22,23,26,28,35,46,52,58,61,65,67,72,75,79
54702;10.09.2026 07:22;6,13,14,15,18,22,30,31,32,37,41,46,47,50,51,53,58,65,69,77
54703;10.09.2026 07:27;2,8,14,15,16,26,27,34,40,42,43,46,47,48,50,52,55,57,69,72
54704;10.09.2026 07:32;3,9,13,19,23,28,29,34,40,42,44,45,53,56,60,63,65,73,76,79
54705;10.09.2026 07:37;2,11,13,25,31,32,33,36,39,41,47,48,49,55,56,57,63,64,66,68
54706;10.09.2026 07:42;3,10,15,18,26,30,36,41,47,50,51,54,55,58,68,69,70,71,74,77
54707;10.09.2026 07:47;1,6,8,9,12,15,16,24,26,31,33,36,39,50,55,60,65,66,75,79
54708;10.09.2026 07:52;5,6,7,9,27,30,33,37,38,44,46,48,53,57,59,62,66,67,76,77
54709;10.09.2026 07:57;3,6,21,28,30,41,45,46,47,49,51,59,62,64,65,68,72,74,76,78
54710;10.09.2026 08:02;12,17,21,22,23,24,25,29,44,51,53,58,61,63,66,67,68,72,73,78
54711;10.09.2026 08:07;1,2,11,18,19,26,31,39,42,43,52,57,59,61,64,66,72,76,77,79
54712;10.09.2026 08:12;2,3,5,10,19,21,25,26,33,35,40,41,49,52,55,57,59,69,70,77
54713;10.09.2026 08:17;6,9,24,30,31,38,42,43,44,55,60,61,64,66,67,75,76,77,78,79
54714;10.09.2026 08:22;4,5,7,9,13,16,18,20,27,28,37,41,44,48,51,62,66,70,74,78
54715;10.09.2026 08:27;8,10,17,23,24,35,39,47,48,53,57,61,65,67,68,71,72,73,74,78
54716;10.09.2026 08:32;1,3,4,6,7,15,16,24,29,30,36,43,44,52,60,71,74,75,78,80
54717;10.09.2026 08:37;6,8,9,10,16,17,19,24,29,31,32,33,39,42,52,64,65,72,74,75
54718;10.09.2026 08:42;3,4,14,22,29,36,38,41,43,52,54,55,58,62,65,67,69,70,73,75
54719;10.09.2026 08:47;6,9,12,14,25,28,34,43,45,47,49,52,53,61,62,70,72,73,74,80
54720;10.09.2026 08:52;4,5,9,14,18,21,24,25,32,33,35,36,39,41,58,70,76,77,78,79
54721;10.09.2026 08:57;2,12,15,16,17,19,23,26,31,35,38,48,49,55,57,64,68,70,79,80
54722;10.09.2026 09:02;7,8,11,13,19,21,22,30,32,36,37,43,44,65,66,67,74,76,77,78
54723;10.09.2026 09:07;4,9,12,16,24,25,30,31,32,34,42,43,45,50,55,61,65,66,72,74
54724;10.09.2026 09:12;4,5,10,19,21,22,28,36,39,41,44,47,49,56,60,61,68,70,72,80
54725;10.09.2026 09:17;4,11,13,16,20,24,27,34,37,39,41,43,45,46,49,62,63,66,72,73
54726;10.09.2026 09:22;10,15,16,23,24,25,39,43,47,49,56,58,60,62,65,68,69,74,77,78
54727;10.09.2026 09:27;1,5,8,9,18,24,35,36,44,45,50,53,56,58,59,68,77,78,79,80
54728;10.09.2026 09:32;7,16,22,24,32,35,39,41,43,47,51,54,56,58,61,71,75,77,78,79
54729;10.09.2026 09:37;1,2,8,9,16,17,23,37,38,39,41,43,49,50,56,57,62,72,73,76
54730;10.09.2026 09:42;5,6,9,13,16,25,29,31,36,38,39,43,44,45,50,55,56,60,70,79
54731;10.09.2026 09:47;2,5,10,19,20,21,29,30,33,41,46,47,51,55,56,59,65,70,73,75
54732;10.09.2026 09:52;2,18,20,21,28,40,43,48,49,55,56,57,58,61,65,66,69,70,74,79
54733;10.09.2026 09:57;4,7,18,23,24,31,37,41,43,46,49,50,55,56,58,64,71,72,79,80
54734;10.09.2026 10:02;6,10,13,15,18,20,23,24,31,48,50,51,55,63,67,70,71,73,74,75
54735;10.09.2026 10:07;4,12,15,19,20,24,25,34,38,43,45,47,49,56,57,58,61,67,70,79
54736;10.09.2026 10:12;3,11,13,14,17,18,20,21,22,30,31,34,40,50,56,59,65,68,74,78
54737;10.09.2026 10:17;2,4,5,7,11,14,16,19,23,24,28,38,44,49,50,56,58,62,64,75
54738;10.09.2026 10:22;10,12,13,18,19,21,25,26,27,35,36,38,43,47,48,50,51,65,77,79
54739;10.09.2026 10:27;1,6,9,21,22,23,25,34,36,37,40,42,46,47,50,56,60,63,65,79
54740;10.09.2026 10:32;1,11,14,15,26,29,36,37,44,45,50,52,56,57,58,62,68,75,77,80
54741;10.09.2026 10:37;6,8,16,19,20,31,33,34,36,37,42,46,50,51,56,64,65,67,69,75
54742;10.09.2026 10:42;2,3,4,6,8,13,15,18,22,30,31,35,39,43,50,65,68,72,74,79
54743;10.09.2026 10:47;2,7,8,14,22,25,28,29,30,33,38,40,43,50,51,52,60,67,77,80
54744;10.09.2026 10:52;4,10,11,16,18,19,23,31,35,42,45,46,47,53,54,55,60,64,68,71
54745;10.09.2026 10:57;2,7,12,15,16,22,26,36,39,44,47,48,52,54,55,58,63,76,77,78
54746;10.09.2026 11:02;2,7,13,14,16,30,40,41,43,47,54,57,59,60,69,70,71,74,75,76
54747;10.09.2026 11:07;7,17,18,22,35,36,46,50,52,56,57,59,60,61,62,63,64,72,79,80
54748;10.09.2026 11:12;5,12,16,17,20,22,23,24,26,30,34,35,47,48,50,52,62,65,66,78
54749;10.09.2026 11:17;2,3,11,13,28,30,35,37,47,52,53,54,61,66,68,70,72,73,74,80
54750;10.09.2026 11:22;2,4,6,7,8,9,11,14,19,21,25,26,27,31,54,58,62,64,70,77
54751;10.09.2026 11:27;4,5,22,28,30,34,39,40,41,44,47,54,63,65,66,69,70,72,77,79
54752;10.09.2026 11:32;7,8,11,12,14,19,27,30,32,35,48,51,59,60,61,62,63,64,67,74
54753;10.09.2026 11:37;4,6,14,22,27,28,31,39,41,42,45,46,47,54,65,66,70,72,73,79
54754;10.09.2026 11:42;1,2,4,11,20,25,30,33,35,36,39,40,47,54,58,66,67,71,73,75
54755;10.09.2026 11:47;1,3,4,5,8,10,14,24,27,31,45,46,51,53,62,63,73,75,76,80
54756;10.09.2026 11:52;3,5,11,16,17,18,21,24,29,42,46,51,58,59,60,62,64,65,71,78
54757;10.09.2026 11:57;3,5,6,12,14,22,25,26,27,51,54,55,60,67,70,71,73,77,79,80
54758;10.09.2026 12:02;3,6,11,15,19,20,25,29,34,39,42,43,47,54,60,63,69,70,72,77
54759;10.09.2026 12:07;2,5,8,11,14,17,21,29,30,31,32,33,35,43,51,65,66,70,71,74
54760;10.09.2026 12:12;1,3,19,20,21,22,24,30,42,44,45,52,63,66,69,70,71,72,73,75
54761;10.09.2026 12:17;11,12,13,18,19,20,22,24,26,29,31,32,34,35,37,46,48,51,56,57
54762;10.09.2026 12:22;7,9,10,16,18,20,35,37,39,40,41,49,50,51,58,59,69,76,77,78
54763;10.09.2026 12:27;3,5,10,13,14,18,26,32,38,43,44,47,50,53,62,64,67,71,77,79
54764;10.09.2026 12:32;10,17,20,22,23,27,40,45,49,52,53,58,60,64,66,75,76,77,78,80
54765;10.09.2026 12:37;10,11,12,13,14,23,31,35,36,37,38,47,51,56,62,63,69,75,77,80
54766;10.09.2026 12:42;1,5,8,10,17,18,25,35,39,40,43,45,54,55,57,60,61,64,73,77
54767;10.09.2026 12:47;6,8,14,17,21,25,26,31,32,37,43,47,49,51,55,68,72,75,77,79
54768;10.09.2026 12:52;4,12,14,16,17,18,20,22,28,33,39,40,41,43,48,51,69,70,72,74
54769;10.09.2026 12:57;3,5,8,9,12,14,22,26,29,32,33,35,41,45,47,50,57,63,73,77
54770;10.09.2026 13:02;7,9,15,18,20,22,26,29,30,36,40,42,44,45,48,50,60,69,70,79
54771;10.09.2026 13:07;4,6,7,8,19,20,23,27,29,32,34,39,41,44,57,61,68,69,74,78
54772;10.09.2026 13:12;2,5,17,19,22,25,33,35,37,45,48,49,51,53,56,60,63,74,78,79
54773;10.09.2026 13:17;2,10,12,13,16,17,21,23,37,39,47,49,57,60,63,66,68,74,76,79
54774;10.09.2026 13:22;6,7,17,22,24,26,27,30,36,41,44,48,60,61,66,67,68,71,72,79
54775;10.09.2026 13:27;4,9,10,17,27,28,31,32,34,35,40,42,47,57,60,68,72,77,79,80
54776;10.09.2026 13:32;5,12,19,25,26,27,31,32,33,45,57,61,63,64,67,69,72,73,77,78
54777;10.09.2026 13:37;6,8,10,22,25,29,33,36,38,40,42,48,51,53,63,65,67,71,75,80
54778;10.09.2026 13:42;1,5,9,11,16,25,29,33,38,39,45,48,50,51,52,58,62,64,73,75
54779;10.09.2026 13:47;2,4,6,11,12,15,30,33,35,38,39,45,47,49,51,54,64,70,75,76
54780;10.09.2026 13:52;4,10,13,17,32,37,41,46,47,53,55,56,58,59,60,62,64,65,66,76
54781;10.09.2026 13:57;1,8,9,14,15,18,20,26,36,39,40,41,45,47,51,53,63,66,68,70
54782;10.09.2026 14:02;3,6,7,12,13,17,21,22,33,38,42,43,51,57,58,62,64,65,68,71
54783;10.09.2026 14:07;4,6,8,9,11,12,16,26,31,33,38,39,41,48,51,56,58,60,68,73
54784;10.09.2026 14:12;4,8,16,17,20,21,22,32,37,46,48,49,52,64,67,68,70,73,75,77
54785;10.09.2026 14:17;2,7,8,12,22,26,29,32,35,36,42,53,55,64,67,68,69,72,74,78
54786;10.09.2026 14:22;1,5,7,10,11,13,19,22,23,26,28,42,46,51,57,58,73,75,78,79
54787;10.09.2026 14:27;2,19,20,23,24,35,43,48,52,53,58,60,62,65,67,69,73,74,78,79
54788;10.09.2026 14:32;2,5,7,8,10,18,25,28,30,33,38,39,40,48,53,59,75,76,77,80
54789;10.09.2026 14:37;2,3,6,11,12,15,16,19,28,30,37,38,44,49,51,59,62,74,77,78
54790;10.09.2026 14:42;1,21,23,24,28,32,34,42,43,46,47,56,57,58,60,62,64,71,73,76
54791;10.09.2026 14:47;1,3,4,9,18,20,22,24,30,33,37,41,47,52,55,56,67,72,79,80
54792;10.09.2026 14:52;2,12,17,20,27,33,35,36,43,47,53,57,59,60,61,62,65,70,71,80
54793;10.09.2026 14:57;4,6,9,13,15,20,29,41,42,47,51,52,54,69,70,72,73,74,76,78
54794;10.09.2026 15:02;5,7,14,21,29,30,32,38,52,60,62,63,64,65,67,68,70,72,74,80
54795;10.09.2026 15:07;7,11,14,16,22,23,27,33,35,44,52,54,57,61,64,66,67,73,77,80
54796;10.09.2026 15:12;1,2,4,7,19,20,21,23,26,31,34,44,47,48,49,52,54,55,57,76
54797;10.09.2026 15:17;9,10,20,27,32,33,36,39,42,43,46,48,53,56,58,66,72,73,77,80
54798;10.09.2026 15:22;1,3,14,17,20,21,26,28,32,34,41,52,58,61,65,66,75,77,78,79
54799;10.09.2026 15:27;2,4,5,6,8,10,16,20,24,29,30,37,43,47,48,49,62,68,70,73
54800;10.09.2026 15:32;4,12,14,16,18,23,30,35,38,41,42,43,47,56,64,65,66,73,77,78
54801;10.09.2026 15:37;10,12,17,25,35,38,39,42,45,49,52,53,54,61,63,71,73,74,75,76
54802;10.09.2026 15:42;1,6,16,17,21,22,27,36,47,50,51,54,55,57,64,69,71,73,75,80
54803;10.09.2026 15:47;4,8,11,14,15,16,23,35,36,44,50,62,63,65,66,67,72,77,78,80
54804;10.09.2026 15:52;1,10,14,15,19,23,26,27,30,38,42,44,46,57,59,61,71,73,74,80
54805;10.09.2026 15:57;2,4,6,9,11,20,33,38,39,40,44,48,49,52,54,58,61,67,69,76
54806;10.09.2026 16:02;5,6,8,18,19,23,24,25,26,32,36,38,44,52,53,61,64,74,76,80
54807;10.09.2026 16:07;1,11,12,21,23,25,28,31,33,36,37,43,44,45,61,64,65,74,75,77
54808;10.09.2026 16:12;6,7,8,14,21,22,23,24,36,37,39,49,59,65,70,71,73,77,79,80
54809;10.09.2026 16:17;5,12,14,20,23,26,28,38,41,43,46,54,56,62,63,65,66,70,74,75
54810;10.09.2026 16:22;3,5,12,13,20,23,24,31,33,38,41,45,46,49,54,63,66,74,77,79
54811;10.09.2026 16:27;13,14,15,23,25,31,38,43,44,48,49,57,58,59,62,63,65,70,75,78
54812;10.09.2026 16:32;1,5,11,12,18,25,35,36,39,41,44,47,48,53,56,62,64,66,72,78
54813;10.09.2026 16:37;4,9,10,11,16,19,20,27,32,34,37,42,44,52,60,61,74,75,79,80
54814;10.09.2026 16:42;4,9,20,22,24,26,30,46,48,49,51,57,58,60,62,63,67,69,75,78
54815;10.09.2026 16:47;3,12,27,28,30,32,35,38,39,42,43,49,50,54,55,56,60,61,70,79
54816;10.09.2026 16:52;7,12,15,21,24,34,36,37,38,40,41,43,50,57,70,74,76,77,79,80
54817;10.09.2026 16:57;1,4,13,14,16,18,21,24,27,28,32,35,36,51,52,58,61,65,70,79
54818;10.09.2026 17:02;17,21,25,27,30,33,34,35,37,39,42,43,46,49,51,59,62,64,66,76
54819;10.09.2026 17:07;4,8,13,15,25,26,29,31,32,38,42,45,46,50,57,60,66,73,74,75
54820;10.09.2026 17:12;2,21,27,30,33,36,39,41,42,44,53,55,59,61,62,63,64,65,72,73
54821;10.09.2026 17:17;1,10,12,13,15,17,21,24,34,37,38,42,48,50,54,65,69,70,74,80
54822;10.09.2026 17:22;1,3,6,8,10,12,13,23,33,34,42,47,49,50,55,56,59,60,61,64
54823;10.09.2026 17:27;6,11,18,21,22,28,30,31,32,39,43,44,50,54,57,59,62,63,69,71
54824;10.09.2026 17:32;1,2,6,11,12,13,19,21,26,34,38,40,41,44,46,52,64,68,74,76
54825;10.09.2026 17:37;3,5,9,13,14,16,17,23,24,30,32,37,42,44,55,57,60,70,71,74
54826;10.09.2026 17:42;11,18,25,26,30,34,41,42,44,49,52,55,58,65,67,74,76,77,78,80
54827;10.09.2026 17:47;5,6,7,8,15,18,20,33,35,37,53,54,57,62,64,65,67,69,73,74
54828;10.09.2026 17:52;6,11,13,15,16,17,18,21,23,36,38,41,48,55,64,67,72,73,74,78
54829;10.09.2026 17:57;5,24,26,27,30,32,33,37,39,47,48,49,54,58,63,65,68,71,72,75
54830;10.09.2026 18:02;3,5,10,11,12,32,36,38,50,52,55,58,60,63,64,66,73,74,76,78
54831;10.09.2026 18:07;1,12,13,17,18,23,24,26,28,31,37,41,45,46,48,56,60,62,67,73
54832;10.09.2026 18:12;2,9,11,16,17,20,21,22,23,32,34,38,39,52,67,68,70,72,78,80
54833;10.09.2026 18:17;6,13,15,28,29,30,32,35,38,39,41,44,48,49,50,54,58,64,65,71
54834;10.09.2026 18:22;5,6,8,14,18,26,28,35,38,39,40,43,48,49,50,56,61,71,73,77
54835;10.09.2026 18:27;8,9,12,15,21,24,26,28,33,34,38,40,47,49,53,58,69,71,77,78
54836;10.09.2026 18:32;1,2,10,12,14,20,23,30,32,42,44,48,61,62,65,68,73,75,76,80
54837;10.09.2026 18:37;2,8,9,13,14,17,21,24,26,35,40,44,46,47,56,57,58,71,78,79
54838;10.09.2026 18:42;2,6,9,10,16,27,28,33,36,38,42,49,52,58,62,65,68,71,73,80
54839;10.09.2026 18:47;2,5,10,15,21,22,26,29,30,32,35,48,58,59,60,66,69,74,76,77
54840;10.09.2026 18:52;3,5,13,16,22,31,33,38,39,40,41,43,47,50,52,56,59,67,76,80
54841;10.09.2026 18:57;5,8,12,18,24,25,41,43,44,45,49,51,54,61,63,66,67,68,72,78
54842;10.09.2026 19:02;2,8,10,19,22,26,34,35,36,37,40,42,45,51,54,65,66,70,71,79
54843;10.09.2026 19:07;8,10,15,16,18,21,28,34,35,39,40,42,44,50,65,66,68,73,75,78
54844;10.09.2026 19:12;1,3,8,12,14,21,23,25,35,42,45,47,50,57,59,65,69,74,75,77
54845;10.09.2026 19:17;2,4,6,11,16,18,24,26,27,34,40,41,42,47,49,56,62,66,67,77
54846;10.09.2026 19:22;1,2,5,14,17,18,21,22,23,24,25,30,38,39,42,47,56,58,74,80
54847;10.09.2026 19:27;6,7,10,11,16,18,21,25,37,39,47,53,56,64,67,68,70,71,73,80
54848;10.09.2026 19:32;2,3,12,14,20,26,31,32,41,47,57,64,65,66,69,70,71,72,75,80
54849;10.09.2026 19:37;2,3,4,7,14,15,18,21,25,31,33,34,35,45,52,56,60,65,78,79
54850;10.09.2026 19:42;1,7,8,10,12,13,20,21,25,32,35,42,43,44,51,55,62,64,71,76
54851;10.09.2026 19:47;2,6,9,13,17,21,24,25,27,32,42,45,53,56,64,67,69,71,75,79
54852;10.09.2026 19:52;5,7,8,13,14,15,16,22,23,24,25,29,38,42,46,47,60,66,70,76
54853;10.09.2026 19:57;3,13,22,24,25,31,33,35,37,38,46,47,49,58,60,61,62,70,73,77
54854;10.09.2026 20:02;4,8,11,14,17,18,27,31,34,35,36,41,46,50,51,58,59,63,72,79
54855;10.09.2026 20:07;3,13,15,18,23,27,31,33,39,40,41,43,45,49,51,53,55,58,64,79
54856;10.09.2026 20:12;5,6,22,26,27,29,40,42,50,51,56,59,60,63,64,67,69,73,78,79
54857;10.09.2026 20:17;3,4,13,17,29,34,37,39,42,43,44,49,50,54,56,61,63,64,68,75
54858;10.09.2026 20:22;2,5,6,15,16,23,26,30,35,38,44,45,50,53,58,60,68,77,79,80
54859;10.09.2026 20:27;2,5,18,21,23,25,34,35,36,38,42,50,51,53,54,56,59,65,67,79
54860;10.09.2026 20:32;1,5,8,9,11,27,29,30,48,50,61,63,64,65,68,69,71,73,75,78
54861;10.09.2026 20:37;6,22,32,33,35,39,44,45,46,49,50,51,54,55,56,57,60,69,72,75
54862;10.09.2026 20:42;5,6,15,19,25,28,34,38,42,44,48,50,52,53,54,55,60,68,73,75
54863;10.09.2026 20:47;7,8,10,17,18,23,28,32,34,40,49,52,58,59,60,61,62,71,72,78
54864;10.09.2026 20:52;1,2,6,9,13,15,20,42,43,44,49,53,55,64,65,69,71,74,77,79
54865;10.09.2026 20:57;5,6,7,9,16,17,22,23,32,33,35,40,43,45,53,56,58,73,74,78
54866;10.09.2026 21:02;4,5,7,9,10,14,18,22,24,25,28,29,34,38,49,51,66,69,73,76
54867;10.09.2026 21:07;1,7,9,14,18,30,31,33,36,37,42,46,55,56,60,62,66,73,79,80
54868;10.09.2026 21:12;11,14,20,23,24,26,30,31,34,37,40,44,46,51,53,56,62,70,71,79
54869;10.09.2026 21:17;1,3,4,5,14,16,19,20,25,31,35,39,42,45,57,58,59,61,66,78
54870;10.09.2026 21:22;3,4,5,8,10,16,17,19,24,25,35,41,44,50,60,61,64,70,73,80
54871;10.09.2026 21:27;5,7,8,9,21,22,24,26,28,29,37,38,46,51,52,54,55,75,78,80
54872;10.09.2026 21:32;9,23,24,26,27,32,37,44,47,50,51,56,60,62,64,66,68,72,76,77
54873;10.09.2026 21:37;3,4,12,17,19,23,24,30,34,41,47,54,56,65,66,67,71,72,75,78
54874;10.09.2026 21:42;5,6,15,19,21,24,25,26,28,35,39,45,46,53,63,64,66,68,70,80
54875;10.09.2026 21:47;6,11,19,28,32,33,42,43,47,49,53,57,59,60,61,64,68,72,73,76
54876;10.09.2026 21:52;2,8,11,16,20,23,26,27,31,39,40,48,53,57,61,67,69,73,74,80
54877;10.09.2026 21:57;7,10,14,20,22,23,26,28,29,31,39,41,45,46,53,67,68,72,77,78
54878;10.09.2026 22:02;1,3,10,15,16,24,28,31,33,34,35,37,43,49,53,58,68,72,74,78
54879;10.09.2026 22:07;1,3,7,15,24,26,30,33,40,42,44,47,52,58,60,66,69,72,73,76
54880;10.09.2026 22:12;11,14,15,18,27,28,30,31,35,37,42,50,51,60,62,63,68,71,72,78
54881;10.09.2026 22:17;2,7,12,15,17,25,29,30,33,36,38,42,48,50,54,64,65,70,76,79
54882;10.09.2026 22:22;2,8,14,20,22,25,29,30,31,37,38,40,41,46,53,61,66,68,76,77
54883;10.09.2026 22:27;3,11,13,22,24,25,26,29,30,39,40,44,49,50,55,59,61,65,73,75
54884;10.09.2026 22:32;2,7,9,10,18,23,24,33,37,38,40,41,44,51,53,58,68,71,74,80
54885;10.09.2026 22:37;1,4,5,13,17,19,21,34,36,39,43,54,58,66,67,70,71,73,76,79
54886;10.09.2026 22:42;2,3,5,13,14,17,20,26,29,34,42,44,45,52,61,70,72,74,75,76
54887;10.09.2026 22:47;1,3,6,9,16,29,33,36,39,40,46,48,50,52,53,59,66,70,75,80
54888;10.09.2026 22:52;2,5,6,7,8,9,11,16,33,35,36,40,41,43,47,49,56,68,72,75
54889;10.09.2026 22:57;1,3,11,12,20,21,24,25,26,27,30,32,34,40,42,48,62,76,78,79
54890;10.09.2026 23:02;2,5,10,12,19,24,27,28,36,40,42,43,46,51,52,59,62,67,70,79
54891;10.09.2026 23:07;2,13,22,25,26,31,32,33,41,48,50,54,55,57,58,67,69,70,73,75
54892;10.09.2026 23:12;5,7,12,17,26,30,35,36,42,50,51,53,56,57,58,67,69,70,74,80
54893;10.09.2026 23:17;2,9,10,15,20,24,26,35,37,40,49,51,52,54,57,64,65,74,77,79
54894;10.09.2026 23:22;1,5,8,22,26,27,31,36,39,42,43,45,46,50,58,59,63,66,70,72
54895;10.09.2026 23:27;1,9,13,17,18,22,23,27,28,31,33,34,43,49,50,51,71,75,76,79
54896;10.09.2026 23:32;5,6,8,9,16,19,23,26,32,37,43,47,55,56,57,64,65,67,71,77
54897;10.09.2026 23:37;4,5,11,17,20,22,25,28,32,37,43,46,51,53,55,56,67,74,75,80
54898;10.09.2026 23:42;1,2,4,7,11,17,28,33,35,46,47,50,51,54,58,61,67,73,74,78
54899;10.09.2026 23:47;1,2,8,10,11,17,18,21,27,33,34,35,37,40,42,45,47,57,62,73
54900;10.09.2026 23:52;3,17,19,20,22,26,30,31,34,38,45,61,63,67,69,72,76,77,79,80
54901;10.09.2026 23:57;6,7,8,11,16,18,19,20,25,27,29,43,44,46,52,53,58,59,72,79

===== 11.09.2026 | 217 ÇEKİLİŞ =====
54902;11.09.2026 00:02;2,8,17,19,22,30,39,40,41,42,44,48,56,57,61,63,64,67,76,79
54903;11.09.2026 00:07;4,8,9,15,17,18,26,32,33,36,39,40,42,44,50,60,61,66,69,76
54904;11.09.2026 00:12;1,3,5,6,7,9,10,14,21,28,30,39,47,48,49,53,55,57,69,77
54905;11.09.2026 00:17;1,4,8,17,19,25,26,27,30,37,45,52,58,64,65,66,70,74,76,79
54906;11.09.2026 00:22;3,4,5,7,9,17,35,37,40,48,52,53,59,62,63,69,71,72,74,77
54907;11.09.2026 00:27;2,11,13,16,18,19,22,24,41,46,50,51,54,58,66,68,71,72,75,79
54908;11.09.2026 00:32;2,3,5,6,8,10,16,18,22,29,31,37,38,39,43,48,50,56,61,78
54909;11.09.2026 00:37;3,4,7,14,15,20,25,28,29,30,49,50,55,58,61,66,67,71,79,80
54910;11.09.2026 00:42;4,11,13,19,35,37,39,40,47,49,58,64,65,66,70,72,73,77,79,80
54911;11.09.2026 00:47;5,8,10,15,20,29,33,40,44,48,50,52,54,56,57,61,65,75,77,79
54912;11.09.2026 00:52;1,2,6,13,19,23,28,32,35,36,42,45,46,48,51,52,58,60,64,69
54913;11.09.2026 00:57;4,12,13,16,18,23,27,34,38,40,41,43,46,50,52,62,65,76,77,78
54914;11.09.2026 01:02;3,11,13,14,16,22,23,28,31,32,41,44,48,59,61,64,66,67,71,77
54915;11.09.2026 07:02;12,15,18,23,25,27,30,31,33,39,41,44,48,49,52,53,72,77,78,79
54916;11.09.2026 07:07;10,16,21,22,23,35,36,38,40,45,47,48,56,57,58,59,63,64,65,76
54917;11.09.2026 07:12;4,14,17,18,19,20,21,25,31,40,45,49,51,55,56,58,59,63,76,80
54918;11.09.2026 07:17;3,5,7,9,10,23,26,33,34,35,38,40,52,54,55,58,60,62,77,80
54919;11.09.2026 07:22;1,3,5,6,7,12,16,19,24,25,33,36,37,46,59,69,72,76,78,80
54920;11.09.2026 07:27;5,7,8,15,18,23,39,41,46,48,49,55,56,58,60,63,66,69,74,79
54921;11.09.2026 07:32;6,11,17,18,22,28,31,33,36,38,48,51,53,60,61,68,70,71,76,78
54922;11.09.2026 07:37;3,5,6,7,8,13,17,18,27,30,37,41,49,55,57,61,67,70,75,79
54923;11.09.2026 07:42;5,10,15,20,22,25,26,27,28,33,37,38,42,47,51,52,53,56,62,76
54924;11.09.2026 07:47;3,4,5,9,10,11,16,18,21,28,34,35,40,43,51,55,64,70,72,80
54925;11.09.2026 07:52;1,6,10,11,13,18,20,24,31,33,34,43,45,48,49,61,63,71,76,77
54926;11.09.2026 07:57;12,14,16,19,21,28,37,38,39,43,49,50,56,64,66,69,73,77,78,79
54927;11.09.2026 08:02;1,3,4,5,12,13,26,30,32,33,35,37,53,56,57,61,67,73,76,78
54928;11.09.2026 08:07;7,10,13,21,29,31,34,39,43,46,51,52,54,56,57,62,69,71,72,75
54929;11.09.2026 08:12;13,14,16,18,23,29,33,40,41,43,44,47,48,50,53,61,62,68,69,74
54930;11.09.2026 08:17;2,14,16,21,25,26,28,29,32,35,42,43,52,53,58,61,62,69,70,75
54931;11.09.2026 08:22;1,5,7,9,11,27,28,29,31,41,47,50,53,56,58,59,62,64,67,74
54932;11.09.2026 08:27;10,12,17,19,26,28,30,32,33,37,38,44,45,46,52,55,61,66,67,79
54933;11.09.2026 08:32;3,6,7,12,14,16,23,27,28,36,37,41,48,54,56,57,58,59,66,79
54934;11.09.2026 08:37;3,5,7,8,12,13,14,18,22,31,32,35,37,40,42,50,54,55,72,76
54935;11.09.2026 08:42;13,22,23,24,25,31,32,33,39,40,41,42,44,48,50,54,58,73,75,77
54936;11.09.2026 08:47;7,9,12,14,15,16,18,33,34,39,41,43,49,50,60,66,69,75,79,80
54937;11.09.2026 08:52;2,7,14,16,17,18,24,26,28,31,32,38,45,47,48,49,50,58,59,74
54938;11.09.2026 08:57;4,10,11,20,26,28,29,35,36,38,39,47,52,53,58,69,75,76,78,79
54939;11.09.2026 09:02;7,9,11,15,16,27,34,39,41,44,49,56,58,59,60,61,62,65,67,71
54940;11.09.2026 09:07;11,14,18,21,33,34,36,37,41,45,48,50,62,63,68,74,75,76,79,80
54941;11.09.2026 09:12;1,10,11,12,22,23,24,27,33,38,41,42,49,59,60,61,62,69,76,79
54942;11.09.2026 09:17;2,5,18,20,29,31,33,35,37,45,52,56,57,58,63,64,65,69,72,74
54943;11.09.2026 09:22;1,3,5,11,14,15,21,31,33,39,43,45,48,54,59,65,67,69,70,78
54944;11.09.2026 09:27;8,13,16,23,27,30,31,34,36,39,41,42,43,48,56,60,65,67,74,79
54945;11.09.2026 09:32;8,11,13,14,19,24,26,28,30,36,40,44,45,49,54,60,62,64,70,77
54946;11.09.2026 09:37;4,5,15,18,24,29,33,46,52,55,60,61,62,66,67,69,70,73,75,76
54947;11.09.2026 09:42;4,11,13,15,19,21,22,25,31,33,36,39,40,42,50,52,53,62,66,69
54948;11.09.2026 09:47;1,3,5,6,7,8,9,11,17,18,23,25,35,41,43,49,50,54,56,72
54949;11.09.2026 09:52;7,8,10,12,20,23,31,37,42,45,49,51,54,55,60,66,67,68,73,76
54950;11.09.2026 09:57;13,15,16,17,20,22,26,31,33,36,38,46,50,53,59,65,73,74,75,78
54951;11.09.2026 10:02;4,5,8,15,19,29,40,44,53,54,56,57,59,68,69,70,74,77,78,80
54952;11.09.2026 10:07;6,14,21,23,24,27,30,34,35,38,40,42,46,53,65,67,68,70,74,79
54953;11.09.2026 10:12;1,3,12,13,16,19,23,35,38,44,53,54,55,61,67,68,70,75,76,79
54954;11.09.2026 10:17;3,6,20,22,24,27,29,30,33,46,47,48,52,53,54,60,62,64,66,78
54955;11.09.2026 10:22;6,7,8,10,23,28,33,38,41,45,51,52,57,64,65,66,70,74,77,80
54956;11.09.2026 10:27;9,10,18,20,21,25,26,27,28,31,32,33,39,45,46,57,61,65,69,80
54957;11.09.2026 10:32;2,4,12,19,23,24,27,31,38,40,48,54,60,63,66,74,75,77,78,80
54958;11.09.2026 10:37;1,12,13,21,24,26,27,28,30,31,33,38,39,46,53,54,67,68,70,80
54959;11.09.2026 10:42;5,6,8,10,13,29,36,42,45,49,52,59,60,64,65,69,71,72,78,80
54960;11.09.2026 10:47;5,7,9,10,12,19,23,24,27,44,45,46,47,52,53,64,69,70,77,79
54961;11.09.2026 10:52;7,11,13,18,20,22,26,35,38,42,44,47,48,49,57,59,61,63,71,77
54962;11.09.2026 10:57;1,3,6,13,16,18,20,26,28,32,34,36,37,48,49,58,59,63,67,71
54963;11.09.2026 11:02;1,3,5,6,16,17,19,22,27,30,31,32,53,62,67,68,74,76,78,80
54964;11.09.2026 11:07;3,4,5,12,16,18,22,25,31,33,37,44,45,48,53,60,62,67,70,73
54965;11.09.2026 11:12;2,17,24,26,33,34,36,43,44,45,47,53,54,55,57,64,65,74,75,79
54966;11.09.2026 11:17;4,5,8,11,12,15,16,20,24,25,26,28,29,45,51,63,64,67,73,78
54967;11.09.2026 11:22;5,6,10,12,15,16,30,33,38,40,41,43,51,56,64,65,66,75,79,80
54968;11.09.2026 11:27;5,8,10,13,15,20,29,30,31,32,33,39,43,48,53,59,69,73,74,77
54969;11.09.2026 11:32;2,5,10,11,13,17,22,26,32,36,37,39,40,43,51,59,61,66,73,77
54970;11.09.2026 11:37;1,12,14,17,22,24,28,29,33,34,41,44,45,46,54,55,58,59,71,75
54971;11.09.2026 11:42;2,4,9,10,16,19,23,34,41,46,48,49,50,53,55,61,62,65,69,76
54972;11.09.2026 11:47;4,7,13,17,20,25,26,31,33,37,41,45,49,59,60,62,65,66,69,76
54973;11.09.2026 11:52;3,15,16,17,18,22,28,31,32,35,36,54,55,57,60,67,72,75,77,78
54974;11.09.2026 11:57;7,8,14,16,20,24,25,26,27,30,32,45,46,54,62,63,69,71,76,77
54975;11.09.2026 12:02;1,2,3,5,14,16,19,25,26,29,30,36,38,49,56,57,67,68,69,78
54976;11.09.2026 12:07;5,13,18,21,25,31,33,34,35,37,46,50,52,53,54,61,62,64,67,77
54977;11.09.2026 12:12;2,6,9,10,14,19,25,30,36,41,44,46,48,50,51,55,56,57,64,73
54978;11.09.2026 12:17;7,10,13,23,24,28,33,37,39,40,43,46,53,61,64,65,67,76,77,79
54979;11.09.2026 12:22;5,8,10,11,12,23,24,28,31,33,34,35,38,39,41,50,51,66,71,75
54980;11.09.2026 12:27;1,9,12,13,17,18,20,26,29,34,35,36,40,41,46,47,49,54,62,64
54981;11.09.2026 12:32;7,12,13,14,15,17,22,23,30,31,34,37,40,45,55,61,66,69,73,76
54982;11.09.2026 12:37;3,5,7,13,26,31,33,34,36,40,53,55,60,63,72,73,76,77,78,79
54983;11.09.2026 12:42;9,13,20,27,28,29,47,50,52,55,56,57,61,63,64,65,67,75,76,77
54984;11.09.2026 12:47;8,9,11,12,13,18,19,20,21,22,24,26,34,37,38,44,46,57,59,73
54985;11.09.2026 12:52;2,6,8,14,15,17,21,22,24,39,40,42,49,51,63,68,70,72,78,79
54986;11.09.2026 12:57;6,9,14,16,22,25,28,29,32,33,34,39,40,44,49,56,57,61,74,78
54987;11.09.2026 13:02;1,4,6,8,13,14,15,17,20,22,33,35,37,45,46,51,55,62,65,80
54988;11.09.2026 13:07;18,22,23,36,37,38,40,41,47,48,50,52,57,62,66,68,69,70,71,79
54989;11.09.2026 13:12;6,8,11,13,20,23,24,25,33,36,41,42,43,45,47,54,64,67,68,71
54990;11.09.2026 13:17;1,10,13,17,19,24,31,37,41,45,47,52,57,58,65,70,71,73,75,80
54991;11.09.2026 13:22;3,5,8,16,21,25,27,29,30,38,48,50,52,55,60,63,65,75,77,79
54992;11.09.2026 13:27;4,7,26,28,29,30,31,32,35,42,46,50,52,54,55,61,66,72,73,80
54993;11.09.2026 13:32;6,10,16,18,22,24,30,32,33,36,41,43,56,62,64,65,66,67,72,80
54994;11.09.2026 13:37;4,11,15,20,24,33,38,39,43,49,50,51,56,57,59,64,67,68,69,72
54995;11.09.2026 13:42;5,7,8,14,17,18,23,32,33,35,38,40,43,49,53,55,56,65,78,79
54996;11.09.2026 13:47;10,18,20,22,25,26,27,35,38,39,44,49,53,58,61,65,70,74,77,80
54997;11.09.2026 13:52;1,4,5,8,16,24,28,32,36,43,48,50,52,59,61,62,65,70,77,78
54998;11.09.2026 13:57;2,7,11,16,22,26,27,28,30,33,37,40,48,49,50,57,60,61,64,70
54999;11.09.2026 14:02;1,8,9,14,19,22,23,25,34,44,48,52,58,60,62,65,72,73,78,80
55000;11.09.2026 14:07;2,4,13,16,19,24,27,31,32,37,40,43,48,56,62,64,66,67,69,72
55001;11.09.2026 14:12;5,8,15,18,20,21,28,30,34,40,45,46,47,49,54,55,62,65,69,79
55002;11.09.2026 14:17;5,15,17,20,22,27,30,33,40,41,43,47,54,56,58,64,68,70,75,79
55003;11.09.2026 14:22;2,3,5,14,16,22,25,33,34,35,41,47,48,53,57,63,71,75,77,80
55004;11.09.2026 14:27;3,7,11,13,14,24,30,39,43,46,48,50,51,52,56,61,62,64,66,78
55005;11.09.2026 14:32;3,6,9,16,18,20,22,23,38,45,52,61,63,65,67,70,72,73,76,77
55006;11.09.2026 14:37;1,2,7,14,16,17,24,25,30,33,34,37,42,48,50,54,61,65,72,79
55007;11.09.2026 14:42;4,9,15,20,31,32,33,35,37,43,47,50,51,52,61,64,74,76,79,80
55008;11.09.2026 14:47;8,12,13,18,19,24,30,32,37,39,41,47,49,60,64,66,68,69,72,77
55009;11.09.2026 14:52;1,5,8,9,14,15,16,19,26,30,32,43,48,49,55,59,67,71,74,77
55010;11.09.2026 14:57;1,4,5,7,9,25,33,36,38,46,49,55,57,59,65,66,70,73,78,80
55011;11.09.2026 15:02;4,9,13,17,19,21,22,27,29,31,38,43,50,54,56,66,69,71,73,75
55012;11.09.2026 15:07;4,11,13,15,20,25,27,30,37,39,41,49,51,54,57,62,72,76,77,80
55013;11.09.2026 15:12;6,8,14,16,19,20,21,23,32,34,35,36,39,42,43,44,53,60,61,78
55014;11.09.2026 15:17;3,7,9,13,14,15,25,26,39,42,43,45,56,58,63,69,70,77,78,79
55015;11.09.2026 15:22;3,5,7,8,12,13,17,22,24,25,30,33,35,39,44,47,53,69,75,76
55016;11.09.2026 15:27;4,5,6,9,10,11,14,15,16,18,22,27,34,40,43,54,56,66,67,79
55017;11.09.2026 15:32;1,3,6,8,14,16,20,22,24,30,32,48,49,54,58,59,67,73,75,79
55018;11.09.2026 15:37;1,6,17,22,29,35,37,41,46,57,58,59,60,64,65,67,69,70,75,80
55019;11.09.2026 15:42;2,3,10,19,24,30,36,42,46,48,51,54,55,62,64,66,69,71,74,76
55020;11.09.2026 15:47;3,4,7,8,16,22,26,33,35,37,38,48,52,55,62,63,65,66,72,77
55021;11.09.2026 15:52;3,5,20,34,37,38,41,45,49,51,52,54,57,58,59,60,64,66,72,76
55022;11.09.2026 15:57;6,7,8,10,11,15,21,31,33,34,35,37,38,46,64,67,69,72,77,78
55023;11.09.2026 16:02;3,6,10,20,22,23,25,31,42,45,46,47,48,49,52,58,64,70,74,78
55024;11.09.2026 16:07;5,14,15,23,26,28,29,32,42,45,49,60,62,63,64,65,71,74,75,78
55025;11.09.2026 16:12;3,7,14,18,21,22,23,25,32,34,38,39,45,52,55,62,67,68,72,79
55026;11.09.2026 16:17;2,3,6,16,17,22,31,33,34,35,37,39,41,44,60,62,65,66,73,75
55027;11.09.2026 16:22;2,3,5,8,10,13,22,34,35,40,44,48,49,51,56,60,69,74,76,77
55028;11.09.2026 16:27;6,7,10,26,33,38,39,43,45,46,51,55,61,62,63,64,66,68,69,70
55029;11.09.2026 16:32;5,9,16,24,29,33,34,36,39,46,52,53,59,60,61,64,68,71,72,73
55030;11.09.2026 16:37;2,7,8,9,11,12,17,19,23,25,26,39,40,53,54,61,69,73,76,78
55031;11.09.2026 16:42;3,13,18,25,29,36,39,43,50,54,55,56,58,60,65,66,68,70,73,80
55032;11.09.2026 16:47;1,12,14,15,16,17,24,25,28,29,31,33,49,55,56,59,69,76,77,80
55033;11.09.2026 16:52;3,6,13,14,19,29,31,34,35,37,38,48,49,50,51,52,61,68,72,73
55034;11.09.2026 16:57;4,7,9,12,13,16,21,23,25,29,30,34,37,40,42,44,60,65,72,76
55035;11.09.2026 17:02;3,4,8,10,18,22,26,28,29,34,35,37,47,49,54,62,67,69,75,78
55036;11.09.2026 17:07;1,7,14,15,16,19,24,25,26,33,34,45,46,52,58,60,65,71,76,77
55037;11.09.2026 17:12;4,10,12,17,18,19,22,24,30,37,43,45,48,59,61,62,63,67,70,71
55038;11.09.2026 17:17;3,4,13,24,29,31,34,37,38,42,43,46,49,53,54,58,66,72,76,78
55039;11.09.2026 17:22;1,4,6,18,21,28,31,35,42,44,46,57,58,60,61,70,71,74,77,78
55040;11.09.2026 17:27;1,4,7,13,17,21,23,38,41,42,45,48,50,53,56,57,59,60,79,80
55041;11.09.2026 17:32;1,4,7,10,30,32,34,43,56,57,59,63,65,67,69,71,74,75,76,78
55042;11.09.2026 17:37;4,5,7,14,18,19,23,26,28,35,42,51,52,64,70,71,75,77,78,80
55043;11.09.2026 17:42;5,14,17,21,22,29,39,45,49,53,56,60,64,65,66,68,69,70,72,78
55044;11.09.2026 17:47;2,6,13,17,18,26,27,28,33,36,43,44,45,47,55,56,60,62,65,67
55045;11.09.2026 17:52;2,4,9,17,19,21,24,25,27,32,33,34,36,39,41,45,53,65,70,76
55046;11.09.2026 17:57;6,14,18,26,38,39,40,44,51,53,58,62,63,66,68,71,73,74,75,77
55047;11.09.2026 18:02;1,5,8,10,21,26,28,29,31,32,41,42,51,54,57,61,65,67,71,76
55048;11.09.2026 18:07;1,3,8,12,15,24,33,34,37,38,39,41,44,52,53,55,56,57,68,78
55049;11.09.2026 18:12;3,6,11,14,18,21,24,41,43,48,49,50,54,56,57,68,69,70,72,78
55050;11.09.2026 18:17;4,5,12,15,17,21,28,31,35,42,48,53,56,57,66,69,71,72,78,80
55051;11.09.2026 18:22;6,8,11,13,27,28,31,36,37,39,47,51,53,56,58,61,62,65,66,73
55052;11.09.2026 18:27;3,12,15,17,22,33,35,37,41,47,55,58,61,62,64,69,72,75,79,80
55053;11.09.2026 18:32;8,19,21,29,31,37,43,47,53,54,57,58,59,61,62,66,67,70,73,77
55054;11.09.2026 18:37;1,2,3,9,18,21,22,28,29,35,37,47,50,56,57,62,64,71,72,77
55055;11.09.2026 18:42;4,5,11,16,22,23,26,36,38,43,46,47,53,55,57,64,72,73,77,78
55056;11.09.2026 18:47;3,5,7,13,19,31,34,36,38,40,41,46,48,56,57,59,61,62,64,79
55057;11.09.2026 18:52;3,4,6,8,9,11,15,24,29,31,33,37,40,60,62,63,73,75,78,80
55058;11.09.2026 18:57;4,11,12,14,16,18,20,23,24,29,35,39,40,41,42,49,50,53,57,67
55059;11.09.2026 19:02;4,6,12,19,25,32,34,38,41,42,49,51,58,65,68,71,72,73,74,80
55060;11.09.2026 19:07;6,8,16,17,20,21,26,27,29,30,44,45,48,49,50,54,57,62,64,80
55061;11.09.2026 19:12;1,2,4,5,13,17,19,21,22,25,26,31,39,53,56,59,61,66,76,80
55062;11.09.2026 19:17;1,5,10,14,17,18,22,31,32,37,48,51,52,61,65,73,75,76,77,78
55063;11.09.2026 19:22;5,6,7,26,28,29,35,36,39,42,44,47,53,55,58,63,67,69,70,75
55064;11.09.2026 19:27;1,3,4,8,10,12,14,21,23,33,44,45,48,51,53,59,60,63,72,74
55065;11.09.2026 19:32;8,11,12,18,29,30,32,37,38,40,41,46,53,58,72,74,75,76,77,78
55066;11.09.2026 19:37;2,3,7,10,11,14,15,21,23,24,35,38,39,49,56,58,60,72,74,76
55067;11.09.2026 19:42;5,15,20,22,27,33,38,42,43,50,51,54,58,60,63,65,66,72,74,78
55068;11.09.2026 19:47;1,4,9,10,12,19,34,36,38,42,43,44,49,53,54,63,65,67,74,79
55069;11.09.2026 19:52;2,5,8,11,13,15,16,17,18,19,25,26,34,39,46,53,55,61,62,68
55070;11.09.2026 19:57;10,12,16,18,20,21,25,31,34,36,37,38,42,44,48,49,52,55,58,72
55071;11.09.2026 20:02;2,3,7,8,14,27,29,31,32,34,40,56,59,63,65,69,70,77,78,80
55072;11.09.2026 20:07;6,7,17,18,20,28,29,30,41,43,46,48,49,51,61,62,64,73,74,77
55073;11.09.2026 20:12;2,4,7,12,19,27,31,35,39,40,50,51,54,56,57,59,63,74,76,80
55074;11.09.2026 20:17;2,8,10,12,14,16,18,22,29,30,33,34,39,42,45,56,59,67,73,79
55075;11.09.2026 20:22;2,5,10,18,23,26,27,29,32,38,41,45,49,54,57,58,69,70,71,80
55076;11.09.2026 20:27;8,23,25,26,27,28,33,35,43,45,47,48,51,56,58,63,64,70,71,74
55077;11.09.2026 20:32;2,9,16,24,31,33,35,38,39,43,48,52,57,61,64,65,66,70,73,77
55078;11.09.2026 20:37;1,2,9,14,15,20,23,33,37,47,50,55,56,58,63,65,71,74,75,76
55079;11.09.2026 20:42;1,5,11,16,19,21,25,26,34,40,49,50,54,55,56,59,65,68,77,78
55080;11.09.2026 20:47;7,20,22,23,24,25,29,31,36,43,45,47,50,51,54,56,67,68,75,77
55081;11.09.2026 20:52;1,9,22,31,41,50,56,57,58,59,60,64,66,67,68,69,71,76,77,80
55082;11.09.2026 20:57;2,6,8,10,12,14,30,39,49,60,61,64,65,67,73,75,77,78,79,80
55083;11.09.2026 21:02;12,13,15,17,20,22,25,28,29,31,33,35,38,43,49,50,57,64,71,77
55084;11.09.2026 21:07;21,22,26,30,33,34,43,44,51,53,54,55,61,64,67,73,74,75,78,80
55085;11.09.2026 21:12;5,10,14,20,27,35,36,41,45,47,49,54,58,59,60,61,65,70,71,74
55086;11.09.2026 21:17;1,2,7,9,11,12,13,15,19,20,30,36,41,47,60,63,65,67,71,76
55087;11.09.2026 21:22;8,9,11,15,16,21,22,26,32,34,35,38,41,47,52,61,62,65,67,72
55088;11.09.2026 21:27;1,2,3,4,12,14,24,37,38,45,50,51,60,61,72,75,76,78,79,80
55089;11.09.2026 21:32;1,3,6,10,14,19,21,27,37,39,43,45,51,52,54,64,66,67,79,80
55090;11.09.2026 21:37;2,7,8,11,14,20,21,31,38,43,46,47,50,51,53,56,61,69,71,80
55091;11.09.2026 21:42;5,7,8,14,18,19,22,23,25,28,29,31,33,39,41,48,49,57,60,75
55092;11.09.2026 21:47;4,6,9,10,11,13,24,30,40,47,48,50,53,56,63,66,69,73,76,77
55093;11.09.2026 21:52;12,13,15,25,28,29,32,35,39,47,48,53,64,70,73,74,77,78,79,80
55094;11.09.2026 21:57;4,13,19,21,23,26,28,32,37,39,52,54,55,59,65,68,74,78,79,80
55095;11.09.2026 22:02;4,5,7,15,18,20,24,25,27,31,37,38,43,44,53,54,67,70,76,78
55096;11.09.2026 22:07;1,2,5,6,13,15,16,20,21,22,23,35,43,50,51,54,55,59,72,77
55097;11.09.2026 22:12;5,7,8,9,12,15,20,22,31,32,37,42,47,50,53,57,71,75,76,79
55098;11.09.2026 22:17;1,5,7,9,10,13,20,34,43,44,52,53,59,62,64,66,68,70,72,78
55099;11.09.2026 22:22;6,7,8,9,15,18,20,31,38,42,45,48,50,52,53,62,65,66,72,78
55100;11.09.2026 22:27;8,11,16,18,20,21,25,38,42,45,57,58,59,62,64,72,74,75,78,80
55101;11.09.2026 22:32;6,8,10,11,15,17,18,19,20,31,32,39,42,43,44,56,57,59,68,75
55102;11.09.2026 22:37;4,7,10,16,19,20,24,26,33,36,39,44,48,51,52,54,56,58,67,80
55103;11.09.2026 22:42;2,4,6,11,15,17,22,24,26,30,32,36,42,44,47,55,67,69,73,79
55104;11.09.2026 22:47;1,2,23,27,31,32,35,40,46,53,56,58,60,61,62,63,66,67,69,78
55105;11.09.2026 22:52;1,3,7,8,17,23,40,42,43,44,46,51,55,57,59,65,68,69,71,80
55106;11.09.2026 22:57;1,3,8,10,28,29,36,38,42,47,49,51,56,58,63,64,71,73,74,77
55107;11.09.2026 23:02;17,18,22,26,28,29,33,34,36,37,39,41,45,46,49,55,60,66,74,78
55108;11.09.2026 23:07;2,5,9,10,16,26,33,37,44,45,46,47,53,58,65,71,75,77,79,80
55109;11.09.2026 23:12;2,3,4,13,23,30,32,34,37,52,53,54,59,64,66,69,70,74,76,77
55110;11.09.2026 23:17;9,14,15,23,24,25,27,30,38,39,42,45,48,50,57,60,66,67,70,79
55111;11.09.2026 23:22;11,18,23,30,32,40,43,46,49,51,52,53,55,61,63,65,68,73,77,80
55112;11.09.2026 23:27;7,20,25,27,29,31,34,39,40,47,48,49,57,59,61,64,68,75,76,78
55113;11.09.2026 23:32;1,11,17,21,23,26,27,37,43,46,48,50,56,58,59,60,63,70,76,80
55114;11.09.2026 23:37;10,13,18,21,23,24,28,31,38,43,46,47,48,56,58,60,61,64,76,79
55115;11.09.2026 23:42;5,8,13,15,18,19,21,23,24,28,29,30,31,34,37,57,61,67,71,76
55116;11.09.2026 23:47;1,2,11,16,20,23,25,26,33,38,47,50,54,62,65,69,71,75,79,80
55117;11.09.2026 23:52;8,16,21,22,25,26,29,32,33,37,43,45,52,56,58,66,68,70,75,77
55118;11.09.2026 23:57;1,3,7,9,13,16,18,19,21,22,34,40,46,47,51,54,55,59,73,75

===== 12.09.2026 | 217 ÇEKİLİŞ =====
55119;12.09.2026 00:02;4,5,7,14,18,19,20,33,47,49,51,55,63,68,69,70,72,75,76,79
55120;12.09.2026 00:07;6,7,8,10,11,12,23,25,26,27,31,58,61,62,63,64,69,72,73,78
55121;12.09.2026 00:12;3,11,12,14,30,32,33,38,39,41,43,44,49,54,55,56,59,61,63,70
55122;12.09.2026 00:17;4,5,6,8,16,18,21,27,45,49,54,55,58,61,71,73,74,75,79,80
55123;12.09.2026 00:22;3,4,13,14,20,23,29,34,35,36,45,46,48,54,55,61,62,66,68,75
55124;12.09.2026 00:27;2,4,16,18,23,30,31,37,42,47,51,62,63,65,66,67,70,73,75,77
55125;12.09.2026 00:32;11,20,22,24,25,27,29,42,50,54,55,63,66,69,71,74,75,76,79,80
55126;12.09.2026 00:37;2,15,18,21,24,26,27,29,31,34,35,37,39,46,50,59,61,62,68,80
55127;12.09.2026 00:42;6,12,13,14,16,17,21,22,23,25,35,36,40,44,53,58,66,72,75,78
55128;12.09.2026 00:47;1,2,6,7,11,15,21,27,28,30,41,42,43,44,46,57,61,67,69,75
55129;12.09.2026 00:52;1,3,7,14,15,17,18,25,35,39,40,44,47,54,57,60,64,69,76,80
55130;12.09.2026 00:57;3,7,10,12,16,18,21,25,26,36,38,41,46,49,52,53,61,64,66,73
55131;12.09.2026 01:02;1,5,6,14,16,19,23,28,31,34,37,42,45,46,50,54,61,67,74,79
55132;12.09.2026 07:02;1,2,6,13,17,19,22,23,35,45,47,49,58,60,61,62,65,67,68,79
55133;12.09.2026 07:07;3,4,5,10,12,13,17,18,20,24,25,26,27,29,36,49,51,57,65,72
55134;12.09.2026 07:12;5,10,12,13,17,19,23,29,32,42,43,45,53,59,61,63,66,70,72,73
55135;12.09.2026 07:17;3,4,14,20,21,22,23,24,31,38,46,50,53,57,58,64,66,68,70,72
55136;12.09.2026 07:22;1,5,7,14,19,24,26,27,31,46,54,57,58,66,67,73,76,78,79,80
55137;12.09.2026 07:27;2,5,9,14,15,16,19,21,22,23,26,36,40,44,52,60,63,74,76,77
55138;12.09.2026 07:32;1,8,10,11,12,18,19,21,24,27,29,32,37,43,52,54,55,63,75,79
55139;12.09.2026 07:37;3,5,6,14,20,27,28,30,33,41,42,58,60,62,66,68,69,71,73,80
55140;12.09.2026 07:42;4,7,10,20,25,27,31,35,38,40,46,48,58,60,62,64,67,74,79,80
55141;12.09.2026 07:47;3,10,17,19,22,24,28,30,31,33,34,44,51,53,59,60,63,68,77,79
55142;12.09.2026 07:52;1,2,6,8,11,14,18,20,22,24,30,36,41,46,51,56,57,58,59,77
55143;12.09.2026 07:57;2,3,10,11,17,24,27,32,35,37,38,41,55,57,61,62,63,70,77,78
55144;12.09.2026 08:02;6,7,17,21,22,27,33,53,56,58,59,60,62,71,72,74,77,78,79,80
55145;12.09.2026 08:07;1,2,4,8,12,14,22,23,25,31,33,34,44,51,57,60,64,66,70,76
55146;12.09.2026 08:12;4,12,13,14,15,20,26,32,36,44,47,52,53,55,57,64,66,71,73,77
55147;12.09.2026 08:17;8,9,18,20,21,23,30,32,37,42,46,52,53,54,57,61,66,67,68,79
55148;12.09.2026 08:22;2,15,22,24,26,27,31,38,40,43,44,52,56,59,63,68,74,78,79,80
55149;12.09.2026 08:27;4,9,13,16,17,24,31,33,38,39,50,51,58,59,62,66,71,72,74,77
55150;12.09.2026 08:32;9,13,16,17,19,20,26,31,41,42,43,44,52,56,60,63,66,67,71,76
55151;12.09.2026 08:37;5,6,9,10,13,21,22,30,36,40,41,43,45,46,49,50,52,55,61,66
55152;12.09.2026 08:42;1,5,10,14,15,17,20,25,26,29,36,48,51,52,58,59,62,65,68,70
55153;12.09.2026 08:47;3,4,7,8,19,25,33,41,43,44,47,48,56,62,63,64,66,67,70,78
55154;12.09.2026 08:52;4,5,11,18,27,29,30,35,41,42,44,49,51,54,55,59,62,63,66,67
55155;12.09.2026 08:57;1,5,6,13,17,18,27,29,30,31,35,40,45,47,57,58,60,65,73,74
55156;12.09.2026 09:02;4,5,13,15,16,18,19,23,25,26,36,40,51,52,53,54,60,69,71,75
55157;12.09.2026 09:07;4,6,11,13,14,17,26,33,48,53,57,66,67,68,70,71,73,77,78,80
55158;12.09.2026 09:12;4,7,15,16,19,23,35,36,37,40,42,48,49,52,56,59,60,71,73,80
55159;12.09.2026 09:17;1,6,12,13,14,15,16,19,24,25,36,37,39,40,45,50,60,70,71,74
55160;12.09.2026 09:22;1,5,6,9,12,21,25,28,32,37,39,43,48,49,53,55,56,67,73,75
55161;12.09.2026 09:27;2,4,9,12,15,18,21,23,27,32,36,42,51,52,56,68,69,70,71,76
55162;12.09.2026 09:32;10,11,17,18,27,32,38,42,43,46,47,54,55,62,66,68,75,76,78,80
55163;12.09.2026 09:37;3,9,13,17,21,24,26,33,34,39,41,44,45,49,61,64,71,72,76,77
55164;12.09.2026 09:42;2,5,9,20,31,32,37,39,42,44,45,46,47,50,54,55,62,65,68,75
55165;12.09.2026 09:47;5,15,17,19,30,35,36,37,39,41,43,45,46,51,66,68,70,74,78,80
55166;12.09.2026 09:52;3,4,5,7,13,18,20,23,25,26,27,28,31,42,47,56,59,62,68,70
55167;12.09.2026 09:57;7,12,16,19,21,26,27,31,32,37,38,41,44,46,53,59,65,70,77,80
55168;12.09.2026 10:02;2,15,16,23,27,28,33,34,37,47,49,52,54,55,58,60,61,64,68,73
55169;12.09.2026 10:07;5,7,8,17,18,20,26,28,34,35,39,44,47,51,52,61,66,68,70,77
55170;12.09.2026 10:12;2,4,14,18,19,26,27,39,43,49,52,53,60,67,70,74,75,77,78,80
55171;12.09.2026 10:17;6,7,12,25,35,38,40,45,52,56,58,60,63,64,65,68,70,71,72,77
55172;12.09.2026 10:22;4,5,7,11,19,21,22,23,28,31,42,44,45,47,50,66,67,69,72,78
55173;12.09.2026 10:27;8,10,15,17,18,22,26,27,29,31,36,37,38,39,42,46,59,64,66,68
55174;12.09.2026 10:32;2,3,7,9,17,20,24,25,26,29,33,35,37,42,51,64,66,71,75,79
55175;12.09.2026 10:37;2,6,13,18,22,24,26,29,34,51,59,60,61,64,65,66,70,76,77,80
55176;12.09.2026 10:42;4,12,16,20,22,23,27,28,34,41,44,47,50,54,58,60,61,62,69,78
55177;12.09.2026 10:47;6,11,16,17,18,19,20,30,42,43,44,51,60,61,62,65,67,69,76,80
55178;12.09.2026 10:52;1,9,11,12,14,17,22,23,27,28,42,45,58,67,70,72,74,76,78,79
55179;12.09.2026 10:57;1,13,14,22,23,24,28,31,34,38,39,43,49,50,53,55,58,63,68,78
55180;12.09.2026 11:02;2,13,16,25,26,27,32,35,49,53,56,58,62,66,67,69,70,73,75,79
55181;12.09.2026 11:07;1,3,7,12,17,22,26,29,31,32,33,36,37,39,58,60,65,73,76,79
55182;12.09.2026 11:12;2,10,12,13,16,17,23,27,29,36,39,42,50,55,56,69,73,74,77,79
55183;12.09.2026 11:17;1,4,6,7,17,18,20,26,32,38,39,45,49,50,63,64,66,67,72,76
55184;12.09.2026 11:22;3,4,18,20,25,34,35,40,44,48,52,56,57,58,60,61,62,72,75,76
55185;12.09.2026 11:27;1,9,10,14,17,20,27,28,38,41,45,46,47,50,61,63,64,67,76,80
55186;12.09.2026 11:32;2,3,6,12,16,18,20,26,33,39,40,52,54,56,57,60,63,66,68,72
55187;12.09.2026 11:37;5,13,18,23,24,26,29,36,43,45,49,51,55,57,58,61,70,75,78,79
55188;12.09.2026 11:42;1,7,8,9,10,15,18,19,20,23,26,35,37,41,42,43,55,62,64,65
55189;12.09.2026 11:47;9,10,11,14,15,20,21,22,29,30,33,40,46,50,53,58,61,62,63,67
55190;12.09.2026 11:52;2,4,9,10,15,16,25,27,28,30,35,38,40,44,45,46,50,65,76,80
55191;12.09.2026 11:57;2,3,12,16,18,34,36,39,43,49,50,51,53,60,63,64,65,66,68,79
55192;12.09.2026 12:02;5,6,8,9,18,20,26,27,29,34,35,44,47,54,55,56,60,66,68,72
55193;12.09.2026 12:07;1,6,8,10,12,17,19,20,23,25,27,33,38,39,44,46,55,64,65,73
55194;12.09.2026 12:12;6,16,17,18,26,27,28,29,30,33,36,40,42,45,46,62,68,69,72,73
55195;12.09.2026 12:17;1,2,3,4,8,15,20,21,23,33,36,48,56,62,64,65,67,69,73,79
55196;12.09.2026 12:22;4,7,9,10,23,26,27,28,31,37,47,49,55,58,60,61,62,64,70,74
55197;12.09.2026 12:27;7,9,12,14,16,22,26,33,41,43,45,48,50,58,59,62,66,71,73,74
55198;12.09.2026 12:32;2,7,9,11,12,16,17,20,23,25,30,39,43,45,46,47,54,59,71,80
55199;12.09.2026 12:37;5,9,13,21,23,26,27,31,40,43,49,50,54,55,58,59,60,61,71,80
55200;12.09.2026 12:42;3,4,9,23,25,27,31,32,34,41,52,53,56,57,63,64,65,69,72,77
55201;12.09.2026 12:47;1,5,7,9,13,19,22,26,27,30,32,37,44,48,50,58,61,63,76,77
55202;12.09.2026 12:52;5,7,8,14,18,19,22,24,25,29,37,45,49,50,52,53,69,73,75,76
55203;12.09.2026 12:57;1,6,12,14,17,20,26,30,39,41,42,45,52,58,59,64,66,67,75,78
55204;12.09.2026 13:02;1,4,7,14,29,31,36,39,41,48,53,55,56,62,63,70,71,75,76,80
55205;12.09.2026 13:07;5,6,7,10,11,13,14,16,21,25,27,30,34,51,53,61,66,67,70,74
55206;12.09.2026 13:12;2,6,10,13,21,22,25,29,33,34,37,52,53,59,67,71,75,77,79,80
55207;12.09.2026 13:17;9,11,12,15,20,26,27,29,31,32,33,35,40,50,53,62,65,69,74,76
55208;12.09.2026 13:22;3,4,10,11,14,15,22,26,32,34,37,47,50,60,65,69,75,78,79,80
55209;12.09.2026 13:27;1,2,5,7,14,15,19,25,34,39,41,47,59,68,69,70,73,74,76,77
55210;12.09.2026 13:32;1,7,8,9,12,15,21,24,28,31,32,38,43,49,60,68,69,70,74,75
55211;12.09.2026 13:37;5,7,14,16,17,26,27,28,31,35,36,40,41,53,60,61,63,69,70,73
55212;12.09.2026 13:42;1,2,3,10,14,16,17,23,29,44,45,50,53,57,59,64,73,74,76,80
55213;12.09.2026 13:47;1,10,13,14,18,20,21,24,26,33,43,48,50,57,61,65,67,71,77,79
55214;12.09.2026 13:52;3,11,12,16,17,18,19,27,28,37,44,45,47,52,57,62,64,69,77,79
55215;12.09.2026 13:57;9,14,15,17,21,25,27,28,31,44,47,48,52,56,64,66,67,71,72,76
55216;12.09.2026 14:02;5,6,11,18,19,22,24,26,37,42,45,49,52,62,63,67,69,71,79,80
55217;12.09.2026 14:07;8,11,12,16,25,26,27,33,34,37,48,49,53,57,60,64,73,75,76,80
55218;12.09.2026 14:12;1,4,8,14,18,22,25,30,35,36,37,39,41,43,50,54,56,61,62,63
55219;12.09.2026 14:17;9,15,16,24,39,46,48,54,55,57,58,59,62,64,65,66,69,71,75,76
55220;12.09.2026 14:22;1,2,9,11,15,17,19,22,24,36,39,45,49,52,53,55,58,66,72,75
55221;12.09.2026 14:27;1,3,8,10,17,18,21,22,24,35,37,39,40,46,61,63,67,69,70,80
55222;12.09.2026 14:32;6,11,13,14,15,16,31,32,34,48,49,53,56,61,64,66,67,73,75,79
55223;12.09.2026 14:37;4,6,9,16,17,18,20,22,23,26,28,35,36,44,49,54,62,67,69,77
55224;12.09.2026 14:42;4,21,22,23,27,28,29,35,37,38,46,48,49,53,58,63,64,67,68,75
55225;12.09.2026 14:47;3,6,10,14,15,37,38,39,41,43,44,47,58,62,65,68,71,72,74,79
55226;12.09.2026 14:52;4,8,13,16,17,19,23,28,34,39,42,43,50,59,64,66,68,70,77,78
55227;12.09.2026 14:57;7,9,15,16,18,24,34,42,43,46,49,52,53,56,60,66,70,74,77,78
55228;12.09.2026 15:02;2,7,9,10,12,14,19,25,28,31,33,36,41,58,60,63,64,71,72,74
55229;12.09.2026 15:07;5,8,9,13,14,16,17,20,25,27,35,38,41,43,49,56,57,67,73,78
55230;12.09.2026 15:12;10,18,22,28,29,35,40,41,43,44,48,49,51,53,61,62,63,69,74,80
55231;12.09.2026 15:17;3,11,20,21,24,36,38,44,46,50,53,54,56,57,62,67,71,74,76,79
55232;12.09.2026 15:22;1,2,3,5,9,10,15,22,26,30,42,45,49,55,56,62,63,73,75,78
55233;12.09.2026 15:27;3,4,5,13,15,20,26,28,29,30,46,50,51,52,54,56,62,65,70,74
55234;12.09.2026 15:32;3,6,11,18,20,22,23,26,30,37,44,46,47,49,51,58,59,66,68,73
55235;12.09.2026 15:37;5,8,17,18,20,24,39,40,42,48,53,54,57,58,60,63,64,66,75,78
55236;12.09.2026 15:42;2,15,17,18,21,22,33,41,44,49,51,53,56,57,59,62,67,68,70,75
55237;12.09.2026 15:47;1,5,15,17,20,26,27,30,35,37,40,46,48,51,52,54,73,77,78,79
55238;12.09.2026 15:52;4,9,11,14,15,21,23,28,33,35,37,44,46,55,66,73,74,77,78,80
55239;12.09.2026 15:57;12,27,32,37,40,41,47,48,49,52,57,60,62,64,65,66,70,73,77,78
55240;12.09.2026 16:02;3,6,9,11,12,19,20,22,23,31,35,36,40,41,47,64,70,72,74,78
55241;12.09.2026 16:07;1,3,5,6,9,12,18,20,26,28,34,35,38,42,44,48,59,61,65,71
55242;12.09.2026 16:12;1,2,3,15,21,25,26,31,42,43,44,46,48,51,58,62,68,72,74,77
55243;12.09.2026 16:17;2,17,19,21,22,23,25,27,30,33,37,45,47,49,53,57,62,64,66,74
55244;12.09.2026 16:22;6,9,10,19,24,27,31,34,41,47,48,54,55,62,65,67,69,73,77,80
55245;12.09.2026 16:27;1,2,4,8,11,13,14,18,23,26,30,42,48,51,56,61,71,72,73,74
55246;12.09.2026 16:32;1,4,14,16,17,24,27,30,32,37,42,45,51,64,66,68,71,75,76,80
55247;12.09.2026 16:37;7,8,12,13,23,27,35,38,39,43,47,49,51,55,56,62,64,67,76,80
55248;12.09.2026 16:42;4,9,15,17,18,20,23,24,26,29,30,32,34,42,44,46,54,64,68,70
55249;12.09.2026 16:47;16,22,23,28,32,35,36,37,44,47,52,56,57,62,63,68,70,75,77,80
55250;12.09.2026 16:52;1,3,10,15,16,21,29,35,39,43,49,54,61,63,64,67,68,69,72,75
55251;12.09.2026 16:57;5,7,17,19,25,29,32,40,43,51,53,54,57,59,60,61,64,71,73,76
55252;12.09.2026 17:02;2,6,8,10,16,18,20,26,37,38,40,47,49,51,52,58,62,63,64,66
55253;12.09.2026 17:07;3,14,17,18,23,24,27,31,32,35,38,47,58,59,61,68,69,72,73,79
55254;12.09.2026 17:12;1,17,18,27,30,39,44,45,47,59,61,62,63,64,67,69,71,72,75,77
55255;12.09.2026 17:17;7,8,14,15,20,21,22,23,25,27,28,32,42,48,52,58,61,72,73,74
55256;12.09.2026 17:22;9,12,14,15,21,23,24,26,31,32,39,42,48,51,63,64,65,68,74,80
55257;12.09.2026 17:27;3,7,10,25,28,32,34,38,42,44,45,46,47,48,54,60,63,66,68,74
55258;12.09.2026 17:32;6,8,11,12,16,17,20,23,31,45,49,51,52,57,62,68,71,73,74,79
55259;12.09.2026 17:37;9,11,21,23,26,29,40,43,44,46,47,48,49,57,59,62,70,73,77,79
55260;12.09.2026 17:42;3,4,8,9,11,14,18,23,27,36,43,45,46,48,49,57,61,63,65,69
55261;12.09.2026 17:47;2,3,6,7,8,10,20,21,27,31,34,37,44,50,56,58,65,66,68,70
55262;12.09.2026 17:52;1,5,20,27,34,38,39,41,43,46,48,49,52,53,65,67,72,76,77,79
55263;12.09.2026 17:57;8,9,10,14,18,19,21,28,31,32,33,34,40,43,47,60,66,69,70,75
55264;12.09.2026 18:02;1,2,9,11,12,14,24,34,42,48,50,51,56,59,62,64,68,71,72,75
55265;12.09.2026 18:07;1,4,14,15,17,21,25,27,29,40,41,44,46,53,64,68,70,72,74,75
55266;12.09.2026 18:12;4,7,12,16,25,31,32,38,42,44,48,49,55,57,68,74,75,76,77,78
55267;12.09.2026 18:17;5,7,13,18,24,27,29,30,40,42,48,49,52,54,62,63,65,67,68,71
55268;12.09.2026 18:22;1,5,6,14,16,24,27,28,32,34,37,38,41,53,54,55,58,63,72,79
55269;12.09.2026 18:27;4,5,7,9,14,37,38,42,44,45,53,54,62,63,65,66,67,71,78,80
55270;12.09.2026 18:32;4,7,8,12,13,14,22,24,25,28,29,30,32,33,50,51,57,70,79,80
55271;12.09.2026 18:37;6,8,16,19,26,29,30,36,42,44,45,48,49,50,54,63,68,71,74,75
55272;12.09.2026 18:42;3,4,8,12,13,14,16,17,21,24,38,39,43,44,47,49,53,67,73,80
55273;12.09.2026 18:47;6,9,19,26,30,34,36,38,39,40,43,49,59,61,63,64,69,74,77,78
55274;12.09.2026 18:52;2,3,9,11,13,17,19,37,40,44,46,47,52,57,65,66,67,68,71,73
55275;12.09.2026 18:57;8,12,13,24,25,26,28,32,34,39,41,46,47,48,52,56,58,71,72,80
55276;12.09.2026 19:02;15,18,21,25,26,27,30,31,34,35,39,42,45,51,62,64,65,72,74,75
55277;12.09.2026 19:07;1,3,5,8,11,19,29,32,39,40,42,44,45,47,57,68,71,75,76,78
55278;12.09.2026 19:12;2,11,12,14,15,23,26,43,45,46,47,50,55,56,59,64,66,69,75,77
55279;12.09.2026 19:17;1,2,4,10,16,20,22,23,25,26,27,42,44,60,63,70,72,73,75,80
55280;12.09.2026 19:22;2,3,5,9,12,14,15,21,22,25,32,36,44,48,51,53,54,63,65,73
55281;12.09.2026 19:27;4,8,9,10,24,30,31,32,34,37,40,41,48,50,59,67,68,72,75,79
55282;12.09.2026 19:32;1,6,9,14,23,43,45,49,52,56,59,60,62,65,67,73,74,76,78,79
55283;12.09.2026 19:37;8,11,24,26,27,32,43,48,50,52,54,55,58,59,65,66,67,68,73,80
55284;12.09.2026 19:42;3,5,8,14,16,18,20,25,29,32,37,38,54,55,56,61,62,64,74,76
55285;12.09.2026 19:47;7,9,19,20,22,29,32,37,38,39,41,43,45,46,53,54,61,69,70,77
55286;12.09.2026 19:52;1,15,18,20,22,24,30,32,33,40,43,46,50,52,56,66,72,73,74,77
55287;12.09.2026 19:57;2,4,13,14,16,17,21,26,29,32,40,42,44,51,53,56,59,61,63,79
55288;12.09.2026 20:02;3,7,14,18,20,23,30,36,40,41,46,54,56,63,64,65,66,70,77,80
55289;12.09.2026 20:07;4,5,6,7,10,13,17,18,20,23,24,31,38,41,43,52,68,70,71,77
55290;12.09.2026 20:12;8,9,15,20,21,33,38,41,44,47,49,51,52,57,59,61,63,64,67,68
55291;12.09.2026 20:17;5,6,11,12,13,15,16,18,23,28,33,42,61,62,63,65,71,74,75,80
55292;12.09.2026 20:22;1,2,4,6,10,15,28,33,36,37,39,40,49,60,63,65,73,75,77,79
55293;12.09.2026 20:27;5,8,9,14,17,21,24,28,29,34,40,42,43,47,48,49,57,68,76,80
55294;12.09.2026 20:32;1,2,8,9,12,21,27,38,39,44,49,55,60,66,69,71,72,73,75,80
55295;12.09.2026 20:37;9,10,19,21,22,25,32,34,38,41,47,49,50,55,62,66,71,74,75,79
55296;12.09.2026 20:42;6,8,11,22,24,28,34,36,44,46,50,57,58,59,61,63,64,75,78,79
55297;12.09.2026 20:47;1,4,16,19,20,22,25,26,32,38,41,43,44,46,48,49,58,64,73,80
55298;12.09.2026 20:52;2,6,8,18,28,30,33,37,47,50,57,59,61,64,70,73,74,75,77,79
55299;12.09.2026 20:57;1,2,5,7,9,10,11,19,27,29,33,40,41,50,59,60,61,62,66,77
55300;12.09.2026 21:02;1,5,20,22,24,29,30,31,33,36,57,63,67,69,70,74,75,76,78,79
55301;12.09.2026 21:07;9,24,26,27,30,32,37,39,40,41,43,52,53,56,58,59,70,72,75,78
55302;12.09.2026 21:12;4,5,6,9,13,16,18,19,21,22,30,37,40,43,45,47,48,61,63,78
55303;12.09.2026 21:17;17,19,22,27,31,47,48,49,50,51,53,54,59,60,65,67,72,78,79,80
55304;12.09.2026 21:22;3,8,10,11,17,21,25,29,30,32,40,47,50,51,59,65,66,70,71,75
55305;12.09.2026 21:27;3,6,10,12,17,22,29,30,32,35,36,37,38,41,44,48,57,60,70,72
55306;12.09.2026 21:32;6,16,18,26,27,35,37,46,48,50,53,54,56,58,63,65,66,71,74,77
55307;12.09.2026 21:37;1,3,5,10,13,16,17,28,29,31,38,42,44,49,57,63,64,71,72,73
55308;12.09.2026 21:42;1,2,7,8,9,19,20,26,27,29,30,36,37,38,43,46,51,61,71,72
55309;12.09.2026 21:47;1,9,15,20,23,27,29,34,40,41,44,47,49,50,57,58,64,70,77,79
55310;12.09.2026 21:52;2,4,19,21,23,26,32,36,38,45,48,49,51,54,63,66,73,75,78,79
55311;12.09.2026 21:57;1,3,6,7,17,18,20,22,24,28,34,39,41,44,45,47,49,53,58,70
55312;12.09.2026 22:02;5,6,7,20,25,26,31,32,33,36,39,49,54,61,64,70,72,76,79,80
55313;12.09.2026 22:07;3,5,8,13,18,22,31,35,38,43,44,45,46,47,52,53,63,64,76,80
55314;12.09.2026 22:12;1,5,9,10,14,22,24,28,32,33,35,38,45,48,51,59,73,74,75,76
55315;12.09.2026 22:17;1,3,5,7,13,14,15,17,30,34,35,37,39,49,54,57,64,69,74,78
55316;12.09.2026 22:22;3,4,6,10,21,23,27,29,30,34,37,39,51,54,58,63,68,70,71,73
55317;12.09.2026 22:27;4,11,20,21,23,25,26,27,30,32,34,36,37,47,53,58,62,65,67,71
55318;12.09.2026 22:32;2,9,12,14,17,20,26,31,37,39,41,45,46,47,48,69,72,73,77,80
55319;12.09.2026 22:37;1,2,11,12,14,17,19,21,22,26,38,41,47,50,53,54,68,71,72,73
55320;12.09.2026 22:42;9,12,13,14,15,18,24,29,30,36,42,50,53,56,59,62,67,75,76,77
55321;12.09.2026 22:47;9,12,16,18,20,24,25,29,45,52,54,55,57,64,66,67,68,69,73,79
55322;12.09.2026 22:52;2,7,8,20,23,26,34,40,44,47,48,50,52,54,56,57,63,68,74,80
55323;12.09.2026 22:57;2,4,7,16,21,29,33,36,37,38,44,49,50,52,53,64,65,70,74,77
55324;12.09.2026 23:02;1,3,9,14,20,31,39,49,50,53,54,57,60,64,68,70,71,72,77,78
55325;12.09.2026 23:07;3,4,8,11,12,20,21,22,29,33,39,47,49,50,53,62,64,66,70,79
55326;12.09.2026 23:12;3,5,12,13,19,20,23,26,36,37,40,48,52,54,60,63,65,70,72,74
55327;12.09.2026 23:17;2,5,11,12,13,21,22,29,32,37,40,44,48,51,53,54,62,69,73,78
55328;12.09.2026 23:22;5,7,10,16,23,25,30,39,41,42,45,51,53,54,57,59,73,74,76,77
55329;12.09.2026 23:27;2,5,11,12,15,19,24,25,26,30,33,37,39,40,49,76,77,78,79,80
55330;12.09.2026 23:32;8,16,18,28,29,34,35,38,39,41,44,45,47,51,52,64,65,66,69,80
55331;12.09.2026 23:37;4,10,11,20,21,24,30,34,38,39,45,46,49,52,54,66,68,70,73,79
55332;12.09.2026 23:42;6,7,9,10,13,16,25,31,32,42,44,52,53,61,62,66,68,72,74,80
55333;12.09.2026 23:47;6,11,12,18,19,25,28,31,32,40,46,48,50,52,53,55,57,63,69,77
55334;12.09.2026 23:52;1,18,19,21,23,29,33,35,38,41,42,44,46,49,50,57,67,70,73,77
55335;12.09.2026 23:57;1,7,10,22,24,38,39,40,46,48,51,54,55,56,58,64,65,67,76,80

===== 13.09.2026 | 217 ÇEKİLİŞ =====
55336;13.09.2026 00:02;3,12,15,24,26,33,36,39,40,46,47,51,52,53,54,60,66,69,71,75
55337;13.09.2026 00:07;7,9,15,19,23,25,29,30,32,45,47,50,55,58,60,62,63,70,71,79
55338;13.09.2026 00:12;4,5,6,13,19,26,30,31,33,42,46,48,51,55,58,60,70,75,76,80
55339;13.09.2026 00:17;2,7,10,14,20,24,27,35,42,45,57,64,65,69,70,71,72,75,78,80
55340;13.09.2026 00:22;2,4,5,16,21,24,26,29,32,35,40,44,45,56,59,67,68,69,74,76
55341;13.09.2026 00:27;2,14,25,31,35,38,39,43,44,45,46,47,56,62,69,72,76,77,78,79
55342;13.09.2026 00:32;3,13,16,22,23,25,26,33,41,42,49,50,52,59,60,67,68,77,79,80
55343;13.09.2026 00:37;1,8,15,22,28,34,35,40,41,47,48,49,50,62,65,66,69,72,78,79
55344;13.09.2026 00:42;3,9,10,18,20,24,37,39,43,51,52,57,60,62,65,67,68,69,70,71
55345;13.09.2026 00:47;1,4,5,9,14,20,26,28,33,38,39,43,50,53,56,61,64,69,70,77
55346;13.09.2026 00:52;3,4,6,8,11,18,24,37,38,42,44,55,61,67,68,71,72,77,78,80
55347;13.09.2026 00:57;4,15,23,24,32,34,35,36,38,40,41,44,48,57,58,66,69,73,77,80
55348;13.09.2026 01:02;3,19,22,24,26,27,34,35,40,41,47,49,50,52,57,64,72,73,77,78
55349;13.09.2026 07:02;1,3,4,5,7,24,31,35,37,46,47,49,52,55,58,62,64,69,75,77
55350;13.09.2026 07:07;1,6,7,13,14,17,21,22,23,25,27,31,32,45,49,50,52,68,69,75
55351;13.09.2026 07:12;1,5,7,8,9,11,23,25,26,33,37,38,44,52,54,63,64,71,74,77
55352;13.09.2026 07:17;1,3,6,10,12,15,16,18,20,24,26,28,30,39,44,46,49,50,58,59
55353;13.09.2026 07:22;4,5,8,9,11,18,22,23,26,27,32,42,43,63,68,70,72,75,79,80
55354;13.09.2026 07:27;4,8,12,14,18,19,23,25,44,47,49,50,54,55,56,58,63,76,78,80
55355;13.09.2026 07:32;3,17,22,23,26,27,28,33,35,42,46,47,48,49,52,57,58,61,68,72
55356;13.09.2026 07:37;7,10,11,18,20,25,26,28,42,44,45,46,47,51,53,55,58,59,63,73
55357;13.09.2026 07:42;2,8,9,11,12,19,24,26,32,37,46,51,53,62,64,68,69,70,76,77
55358;13.09.2026 07:47;2,3,8,11,13,16,24,26,29,35,37,38,50,57,59,61,65,69,70,74
55359;13.09.2026 07:52;1,5,16,25,28,34,35,37,38,41,43,47,54,55,64,65,70,71,72,76
55360;13.09.2026 07:57;1,3,9,17,18,24,27,34,40,41,44,47,49,50,56,59,61,66,75,78
55361;13.09.2026 08:02;4,6,8,9,12,27,38,41,43,44,48,51,52,59,64,70,74,75,79,80
55362;13.09.2026 08:07;6,9,14,20,23,28,29,38,39,43,48,49,52,54,61,65,68,71,72,79
55363;13.09.2026 08:12;4,5,8,9,17,18,21,24,28,33,34,38,46,53,59,60,64,68,79,80
55364;13.09.2026 08:17;1,7,11,24,25,26,28,32,33,34,35,40,44,53,55,59,69,70,77,80
55365;13.09.2026 08:22;3,4,9,13,16,18,22,27,32,43,46,48,50,60,61,62,65,67,71,75
55366;13.09.2026 08:27;4,5,11,15,18,25,31,32,36,38,46,49,55,61,70,71,73,74,76,79
55367;13.09.2026 08:32;2,7,10,11,21,23,33,37,47,51,55,59,62,63,65,69,72,75,78,80
55368;13.09.2026 08:37;3,11,19,21,23,28,32,33,34,37,39,42,43,52,58,63,70,73,76,78
55369;13.09.2026 08:42;4,12,13,16,19,26,33,34,35,37,42,43,49,53,57,66,72,75,76,78
55370;13.09.2026 08:47;3,4,8,9,10,13,18,22,23,25,31,34,36,41,47,51,63,74,76,79
55371;13.09.2026 08:52;3,5,9,15,16,23,24,25,27,30,38,41,45,47,52,55,58,69,73,80
55372;13.09.2026 08:57;5,6,9,10,18,22,23,24,25,31,39,40,43,45,49,51,57,58,60,65
55373;13.09.2026 09:02;1,17,29,34,36,38,39,42,43,44,45,49,52,53,66,68,69,72,76,79
55374;13.09.2026 09:07;5,9,15,16,18,23,25,26,28,29,30,31,48,51,58,69,71,74,77,80
55375;13.09.2026 09:12;4,5,7,8,16,18,19,24,28,29,31,37,42,43,52,54,58,62,76,79
55376;13.09.2026 09:17;3,6,15,23,26,28,31,32,34,37,42,50,54,56,59,63,69,70,77,80
55377;13.09.2026 09:22;4,6,7,18,19,20,32,33,35,44,48,49,52,53,57,60,66,73,78,79
55378;13.09.2026 09:27;4,8,9,13,20,24,27,29,30,32,37,39,40,45,47,49,51,52,58,61
55379;13.09.2026 09:32;6,10,12,14,24,30,35,37,39,45,47,49,50,51,56,60,61,72,76,77
55380;13.09.2026 09:37;8,14,16,18,31,33,39,41,43,45,48,49,50,52,53,59,60,67,76,80
55381;13.09.2026 09:42;3,4,6,11,13,16,28,29,30,36,39,46,50,55,58,63,65,69,75,77
55382;13.09.2026 09:47;3,4,9,11,13,22,23,25,26,28,29,33,40,44,47,58,67,70,75,80
55383;13.09.2026 09:52;4,10,14,15,19,23,27,31,33,36,38,42,44,52,61,67,68,70,78,80
55384;13.09.2026 09:57;2,5,13,14,15,16,17,18,25,33,39,51,53,60,63,66,70,72,73,75
55385;13.09.2026 10:02;1,4,5,10,11,13,18,19,23,31,32,39,41,43,52,62,64,66,74,80
55386;13.09.2026 10:07;4,5,9,31,32,33,38,40,41,42,46,48,49,52,55,56,58,60,72,76
55387;13.09.2026 10:12;5,12,13,15,19,21,24,25,28,31,44,46,57,59,62,63,65,66,71,78
55388;13.09.2026 10:17;5,7,10,12,24,27,29,31,41,45,49,50,53,54,67,69,75,78,79,80
55389;13.09.2026 10:22;2,5,9,12,13,19,21,23,25,30,36,38,59,61,66,68,70,71,77,79
55390;13.09.2026 10:27;1,2,6,12,18,31,33,40,41,42,43,44,49,55,64,69,70,72,73,75
55391;13.09.2026 10:32;1,23,29,31,32,34,40,41,43,44,49,56,57,60,63,69,72,73,75,80
55392;13.09.2026 10:37;3,6,8,9,10,13,14,15,17,19,29,31,32,38,48,50,57,62,70,74
55393;13.09.2026 10:42;2,3,5,12,21,24,26,27,28,38,39,40,42,45,49,58,62,65,72,73
55394;13.09.2026 10:47;1,9,15,17,18,25,26,33,41,43,46,47,48,49,55,58,59,60,66,70
55395;13.09.2026 10:52;1,2,18,23,26,28,33,36,42,45,49,50,51,53,58,66,67,69,71,73
55396;13.09.2026 10:57;1,3,8,9,14,15,17,19,33,34,38,45,46,50,54,59,63,68,70,77
55397;13.09.2026 11:02;5,9,10,14,17,19,24,25,34,35,39,40,45,46,64,67,70,71,79,80
55398;13.09.2026 11:07;2,3,12,13,16,18,29,32,38,43,45,51,54,55,56,59,72,75,78,79
55399;13.09.2026 11:12;4,5,7,9,11,15,22,30,38,44,46,51,55,58,59,60,68,70,77,80
55400;13.09.2026 11:17;2,5,7,11,15,21,23,25,30,32,33,34,40,48,55,58,60,70,75,78
55401;13.09.2026 11:22;7,9,15,17,18,23,33,34,37,40,41,51,53,58,61,62,65,67,69,78
55402;13.09.2026 11:27;5,11,15,16,19,23,26,35,36,40,43,46,52,58,65,66,69,71,78,79
55403;13.09.2026 11:32;2,3,4,6,11,16,23,25,35,36,40,49,51,54,55,60,70,75,76,78
55404;13.09.2026 11:37;3,6,9,10,12,16,20,34,36,39,43,50,52,55,57,59,61,67,74,78
55405;13.09.2026 11:42;1,2,3,12,14,15,22,27,41,43,45,48,51,52,55,57,63,68,70,77
55406;13.09.2026 11:47;4,5,12,14,18,22,23,26,29,33,36,37,42,44,46,47,59,69,73,75
55407;13.09.2026 11:52;1,5,6,12,19,20,21,28,32,38,39,47,49,54,55,56,57,59,63,72
55408;13.09.2026 11:57;2,12,14,17,22,26,27,28,31,35,38,43,44,48,49,66,67,70,72,79
55409;13.09.2026 12:02;1,4,7,14,25,26,32,36,39,41,45,50,51,53,58,59,60,62,63,64
55410;13.09.2026 12:07;1,9,21,28,31,37,45,48,50,57,58,60,61,64,65,67,70,73,78,80
55411;13.09.2026 12:12;1,12,15,19,24,31,33,34,40,42,45,47,56,62,63,64,66,68,75,76
55412;13.09.2026 12:17;2,4,9,10,22,26,36,44,45,50,54,55,58,61,64,66,67,72,73,80
55413;13.09.2026 12:22;2,12,18,19,25,28,35,45,46,47,49,51,52,60,61,64,69,71,74,76
55414;13.09.2026 12:27;7,9,10,11,22,24,29,33,37,38,43,47,49,52,55,56,70,71,78,79
55415;13.09.2026 12:32;2,3,9,13,14,24,29,30,31,33,36,40,45,48,50,52,56,63,74,77
55416;13.09.2026 12:37;1,3,4,13,17,20,25,26,29,36,43,45,49,51,52,53,56,57,67,68
55417;13.09.2026 12:42;1,6,7,10,11,12,15,20,22,29,38,41,54,56,59,62,63,68,70,78
55418;13.09.2026 12:47;1,2,4,5,11,13,18,20,31,35,38,41,45,46,49,65,66,71,79,80
55419;13.09.2026 12:52;1,12,23,24,25,27,31,32,33,35,41,50,52,54,55,57,62,64,66,68
55420;13.09.2026 12:57;4,9,11,12,13,25,27,31,36,39,43,45,50,55,58,59,68,71,75,79
55421;13.09.2026 13:02;3,4,9,13,18,23,25,32,33,40,43,49,61,67,68,74,76,77,78,79
55422;13.09.2026 13:07;3,6,7,23,27,29,31,33,34,40,43,45,47,49,64,65,70,72,75,78
55423;13.09.2026 13:12;5,10,11,14,17,19,24,32,40,43,46,47,48,59,60,61,66,67,71,74
55424;13.09.2026 13:17;1,3,5,6,21,25,36,37,45,47,48,49,56,57,61,66,69,75,77,78
55425;13.09.2026 13:22;2,6,7,16,17,18,23,30,32,35,36,48,59,60,61,66,71,74,78,80
55426;13.09.2026 13:27;2,8,12,16,17,25,27,31,39,40,42,45,47,51,60,68,69,71,72,80
55427;13.09.2026 13:32;2,5,14,16,18,21,25,27,29,30,43,44,45,46,67,68,70,71,72,77
55428;13.09.2026 13:37;3,4,5,6,17,35,40,43,44,45,49,54,56,59,66,67,68,72,76,80
55429;13.09.2026 13:42;9,18,19,20,28,32,34,38,42,45,50,53,56,57,61,67,69,70,79,80
55430;13.09.2026 13:47;4,17,18,21,22,23,27,33,38,42,52,55,57,58,59,73,76,77,78,79
55431;13.09.2026 13:52;1,5,7,11,13,17,23,26,30,33,38,43,46,56,59,72,73,74,78,79
55432;13.09.2026 13:57;6,8,9,14,15,23,24,28,41,42,43,48,51,55,58,64,65,67,79,80
55433;13.09.2026 14:02;2,8,11,18,21,23,30,35,36,38,39,41,51,54,57,63,64,72,76,79
55434;13.09.2026 14:07;7,8,13,21,23,25,39,45,50,51,52,55,56,57,61,63,66,68,69,70
55435;13.09.2026 14:12;3,8,13,21,22,24,31,35,38,40,42,49,52,59,60,61,66,69,73,74
55436;13.09.2026 14:17;2,7,8,10,11,13,16,18,25,27,29,33,38,40,44,57,58,68,70,74
55437;13.09.2026 14:22;1,7,9,10,17,18,22,24,25,26,44,45,48,49,54,60,61,64,68,69
55438;13.09.2026 14:27;4,9,10,24,30,33,34,46,49,51,54,64,67,68,70,71,73,77,78,79
55439;13.09.2026 14:32;2,7,20,22,25,29,30,33,34,36,39,43,57,60,61,64,65,67,73,80
55440;13.09.2026 14:37;6,9,11,15,20,30,34,35,36,37,38,43,44,47,61,63,67,68,71,77
55441;13.09.2026 14:42;7,11,14,22,25,26,27,31,32,37,38,39,40,44,45,57,58,67,75,76
55442;13.09.2026 14:47;2,10,16,18,20,21,27,28,29,31,32,36,38,40,46,53,70,72,73,80
55443;13.09.2026 14:52;2,19,24,29,31,33,34,37,38,43,47,49,64,65,67,68,73,75,77,79
55444;13.09.2026 14:57;1,2,6,7,9,18,20,23,26,27,31,36,38,46,58,61,70,77,79,80
55445;13.09.2026 15:02;7,10,12,17,21,22,34,36,37,38,42,49,50,61,65,67,68,70,71,79
55446;13.09.2026 15:07;4,8,14,23,24,25,26,34,42,45,46,47,56,57,58,64,65,66,74,77
55447;13.09.2026 15:12;1,2,4,12,15,24,25,28,32,35,40,45,48,49,56,58,59,62,69,74
55448;13.09.2026 15:17;1,7,15,17,19,23,25,28,40,42,43,45,46,51,56,57,58,61,65,80
55449;13.09.2026 15:22;1,6,8,12,22,24,28,30,32,33,34,35,37,39,41,45,58,60,71,72
55450;13.09.2026 15:27;9,12,13,20,25,26,41,43,50,54,55,65,66,68,69,70,71,72,77,79
55451;13.09.2026 15:32;5,11,13,17,21,22,27,28,30,34,35,38,41,45,56,60,62,63,70,78
55452;13.09.2026 15:37;8,22,28,29,33,34,36,39,40,50,57,61,62,63,68,69,70,71,74,76
55453;13.09.2026 15:42;2,5,8,10,13,17,24,27,30,41,44,45,51,52,56,60,62,63,71,78
55454;13.09.2026 15:47;1,8,9,15,17,19,25,27,29,32,40,42,47,50,52,55,58,65,66,70
55455;13.09.2026 15:52;7,8,12,16,17,19,22,23,26,27,31,32,44,48,55,58,59,65,69,70
55456;13.09.2026 15:57;5,6,15,16,17,21,26,27,28,30,32,34,41,48,57,59,62,68,74,77
55457;13.09.2026 16:02;3,5,10,11,15,17,18,25,40,41,49,51,57,58,68,70,73,74,79,80
55458;13.09.2026 16:07;3,9,10,14,19,24,27,32,33,37,42,47,50,57,59,62,68,71,74,80
55459;13.09.2026 16:12;2,4,6,8,9,17,18,20,25,28,29,30,38,42,49,63,67,71,72,80
55460;13.09.2026 16:17;6,9,18,21,24,25,27,31,37,40,41,43,44,51,52,56,67,71,74,80
55461;13.09.2026 16:22;5,16,18,29,31,32,35,37,38,42,45,49,52,56,60,68,70,74,75,76
55462;13.09.2026 16:27;5,6,7,9,17,20,23,26,33,34,36,52,59,62,65,69,72,75,78,80
55463;13.09.2026 16:32;2,3,5,9,14,18,24,28,33,34,40,45,49,55,56,59,61,63,64,79
55464;13.09.2026 16:37;4,7,13,14,23,32,33,36,38,45,46,52,53,56,59,62,64,65,67,79
55465;13.09.2026 16:42;6,14,18,19,29,35,38,39,45,55,56,57,59,65,66,67,69,72,77,78
55466;13.09.2026 16:47;7,10,13,26,29,31,39,40,44,45,46,51,53,57,61,67,68,72,73,79
55467;13.09.2026 16:52;9,10,13,20,21,25,27,28,30,35,38,47,51,59,61,63,67,71,73,77
55468;13.09.2026 16:57;13,14,23,30,31,33,34,40,43,44,47,48,51,56,58,65,68,72,73,75
55469;13.09.2026 17:02;10,12,13,17,18,19,23,24,28,32,37,41,46,50,55,56,61,63,66,79
55470;13.09.2026 17:07;3,12,18,20,22,27,28,31,32,34,35,38,39,45,46,50,53,55,61,73
55471;13.09.2026 17:12;1,3,5,13,15,23,24,26,27,28,33,34,39,40,61,64,65,68,74,76
55472;13.09.2026 17:17;1,7,15,19,21,26,31,37,41,43,46,50,51,54,62,63,74,75,77,78
55473;13.09.2026 17:22;5,8,11,12,13,21,24,25,36,45,54,57,58,60,73,74,75,76,78,79
55474;13.09.2026 17:27;2,14,17,18,19,23,25,32,36,41,44,55,57,63,64,68,69,70,73,79
55475;13.09.2026 17:32;3,6,9,11,12,13,23,24,30,41,42,46,51,57,62,65,67,68,76,79
55476;13.09.2026 17:37;2,5,8,9,14,17,19,25,28,32,36,40,41,45,51,64,65,66,71,72
55477;13.09.2026 17:42;1,4,21,36,39,43,46,47,48,50,54,56,58,59,60,61,63,73,75,79
55478;13.09.2026 17:47;3,5,9,15,17,19,23,24,28,43,44,48,54,59,60,64,67,77,79,80
55479;13.09.2026 17:52;5,9,11,14,15,18,19,28,29,32,38,43,44,50,55,62,63,66,71,73
55480;13.09.2026 17:57;1,6,8,14,20,25,31,34,38,40,44,58,63,68,71,73,74,75,76,78
55481;13.09.2026 18:02;2,6,7,9,12,13,17,21,29,32,33,38,39,41,42,43,60,65,77,78
55482;13.09.2026 18:07;1,3,6,7,8,12,13,14,17,26,28,36,41,42,44,48,59,64,65,80
55483;13.09.2026 18:12;2,6,12,15,21,29,38,41,43,44,47,55,61,63,65,66,73,75,76,77
55484;13.09.2026 18:17;1,6,7,9,18,19,32,36,38,41,45,48,51,52,55,66,72,73,74,79
55485;13.09.2026 18:22;1,8,9,14,23,25,27,32,34,40,42,43,45,52,54,57,58,65,75,78
55486;13.09.2026 18:27;1,7,9,14,16,23,26,28,29,31,36,37,39,41,49,54,56,65,77,79
55487;13.09.2026 18:32;4,7,8,9,13,22,25,30,35,45,51,53,58,65,67,70,74,75,78,79
55488;13.09.2026 18:37;3,9,17,21,22,27,29,31,32,40,44,50,53,55,56,59,61,62,73,76
55489;13.09.2026 18:42;6,9,10,11,12,13,19,20,23,27,30,35,40,47,61,70,73,74,76,77
55490;13.09.2026 18:47;5,6,19,20,26,28,29,30,32,40,45,50,53,55,62,64,65,67,68,80
55491;13.09.2026 18:52;1,2,6,14,15,16,19,21,22,25,30,37,38,47,51,52,60,61,66,77
55492;13.09.2026 18:57;6,7,9,11,15,22,23,25,26,27,31,37,44,48,49,51,55,74,77,78
55493;13.09.2026 19:02;2,4,5,15,16,20,28,38,43,44,49,56,57,63,66,67,75,76,77,80
55494;13.09.2026 19:07;5,17,18,22,23,24,28,29,34,41,47,50,52,60,63,65,69,73,75,76
55495;13.09.2026 19:12;16,21,29,30,32,34,35,41,46,47,49,52,54,57,64,65,67,73,74,76
55496;13.09.2026 19:17;3,8,18,19,29,34,41,42,47,50,53,59,61,63,65,66,67,73,76,80
55497;13.09.2026 19:22;8,18,20,23,24,25,26,28,30,35,37,42,49,50,58,60,61,65,68,80
55498;13.09.2026 19:27;5,9,11,17,24,27,31,32,33,37,40,45,57,60,61,63,66,69,73,74
55499;13.09.2026 19:32;2,4,8,12,16,18,19,21,27,28,29,34,36,38,42,45,50,57,61,62
55500;13.09.2026 19:37;5,11,21,22,23,26,28,33,34,39,41,56,64,65,67,68,73,75,78,80
55501;13.09.2026 19:42;2,4,5,15,19,26,29,34,36,39,41,43,47,65,68,69,71,75,79,80
55502;13.09.2026 19:47;8,9,10,20,27,32,33,38,42,47,51,55,58,60,63,68,75,77,79,80
55503;13.09.2026 19:52;4,9,12,15,22,32,35,39,44,51,54,55,60,62,66,70,71,73,75,76
55504;13.09.2026 19:57;1,2,4,5,6,9,19,23,24,26,31,39,58,59,65,68,70,75,77,80
55505;13.09.2026 20:02;3,8,9,15,19,24,28,35,40,45,46,47,48,50,51,52,54,58,72,79
55506;13.09.2026 20:07;7,10,14,17,19,21,27,28,35,38,42,46,55,61,65,67,72,73,75,79
55507;13.09.2026 20:12;4,5,14,17,20,21,24,25,27,29,34,46,50,57,60,64,66,77,78,79
55508;13.09.2026 20:17;2,7,15,19,20,21,28,39,42,43,44,49,54,56,64,65,69,70,73,76
55509;13.09.2026 20:22;4,5,7,10,11,13,15,23,25,28,37,42,44,50,53,56,58,63,69,79
55510;13.09.2026 20:27;1,7,9,10,13,21,24,28,32,33,34,35,38,45,51,56,59,64,71,73
55511;13.09.2026 20:32;1,2,10,15,18,19,21,30,32,36,41,46,49,52,55,61,69,71,74,79
55512;13.09.2026 20:37;4,5,8,10,14,15,16,24,25,29,35,41,49,53,54,56,57,58,76,80
55513;13.09.2026 20:42;1,19,21,24,26,29,41,42,43,45,46,48,51,55,57,63,69,70,71,72
55514;13.09.2026 20:47;3,5,7,8,9,12,13,14,17,23,31,33,47,48,49,60,61,68,78,79
55515;13.09.2026 20:52;2,6,8,11,27,31,39,45,46,47,51,52,58,65,66,67,68,75,78,79
55516;13.09.2026 20:57;8,18,20,24,30,32,33,36,39,44,45,46,53,54,57,61,65,71,74,80
55517;13.09.2026 21:02;12,17,22,24,26,27,28,30,34,37,49,55,66,67,70,71,74,75,79,80
55518;13.09.2026 21:07;2,5,8,20,25,29,33,39,41,44,47,48,49,53,58,59,68,74,76,77
55519;13.09.2026 21:12;3,4,8,12,15,16,23,25,35,38,44,46,51,52,62,64,65,66,76,79
55520;13.09.2026 21:17;5,13,17,20,22,26,30,32,33,35,49,53,55,56,60,66,72,76,77,78
55521;13.09.2026 21:22;10,18,24,26,27,32,34,36,37,40,41,42,51,52,55,56,59,61,71,72
55522;13.09.2026 21:27;2,10,11,12,13,20,36,37,39,45,46,50,54,59,63,69,70,71,73,78
55523;13.09.2026 21:32;1,4,6,7,9,10,11,31,32,33,39,45,50,53,58,65,68,70,73,79
55524;13.09.2026 21:37;1,3,5,9,15,16,17,18,20,24,25,26,29,33,35,42,55,71,74,77
55525;13.09.2026 21:42;2,3,4,16,17,18,19,31,32,33,36,38,48,52,53,57,59,60,62,80
55526;13.09.2026 21:47;1,4,10,13,14,20,21,25,27,34,36,45,50,56,57,63,66,69,70,77
55527;13.09.2026 21:52;2,3,7,14,16,18,22,23,26,27,28,34,35,38,47,48,51,54,60,72
55528;13.09.2026 21:57;1,7,9,11,14,15,19,23,28,33,34,37,38,48,51,65,69,75,77,79
55529;13.09.2026 22:02;2,7,16,18,19,20,22,24,29,34,35,41,44,47,53,57,59,69,72,78
55530;13.09.2026 22:07;1,5,9,10,14,19,20,21,37,42,47,48,49,50,51,52,60,69,71,77
55531;13.09.2026 22:12;3,7,9,12,18,19,20,23,24,41,49,50,63,66,69,71,73,75,76,80
55532;13.09.2026 22:17;5,11,12,15,18,20,22,30,39,44,45,48,49,54,58,65,66,72,73,79
55533;13.09.2026 22:22;3,8,15,16,18,20,22,24,25,28,33,44,46,47,55,57,66,72,75,79
55534;13.09.2026 22:27;1,4,7,20,21,22,31,32,34,39,42,48,55,56,57,61,68,69,77,80
55535;13.09.2026 22:32;2,8,12,13,17,20,26,27,33,36,40,44,52,60,61,68,74,76,78,79
55536;13.09.2026 22:37;1,2,6,8,15,20,25,26,27,36,42,43,45,51,54,61,64,65,78,79
55537;13.09.2026 22:42;2,10,15,18,20,22,23,27,48,51,52,54,56,59,65,73,74,76,77,79
55538;13.09.2026 22:47;11,19,23,27,28,36,38,39,40,53,54,55,56,57,58,61,68,71,76,78
55539;13.09.2026 22:52;1,3,6,7,10,19,20,23,34,35,45,46,49,50,54,62,64,65,68,74
55540;13.09.2026 22:57;1,6,7,12,13,17,18,19,30,32,35,39,40,48,51,58,61,68,75,76
55541;13.09.2026 23:02;6,8,16,19,22,24,25,26,30,32,36,38,43,48,54,57,71,73,77,79
55542;13.09.2026 23:07;6,17,18,30,34,40,41,46,47,49,51,52,55,57,60,67,69,74,75,80
55543;13.09.2026 23:12;7,9,12,17,18,20,26,29,30,32,35,36,41,48,54,56,62,67,70,77
55544;13.09.2026 23:17;10,14,15,17,20,21,27,33,39,47,49,50,51,54,56,62,67,73,76,80
55545;13.09.2026 23:22;4,5,15,18,25,26,27,32,33,34,37,42,45,53,55,60,61,65,72,80
55546;13.09.2026 23:27;4,5,6,12,27,33,37,39,41,42,45,52,54,55,56,60,62,63,70,79
55547;13.09.2026 23:32;1,2,3,5,8,9,15,17,21,26,31,32,35,36,38,44,53,54,57,76
55548;13.09.2026 23:37;2,4,10,27,28,29,31,34,45,46,47,52,61,63,64,66,67,70,75,78
55549;13.09.2026 23:42;4,7,11,12,15,16,22,28,31,32,33,38,39,44,45,50,53,57,71,78
55550;13.09.2026 23:47;18,28,32,36,37,40,44,46,51,54,55,58,59,61,64,65,67,71,77,79
55551;13.09.2026 23:52;3,4,5,18,22,35,36,41,44,45,46,48,49,52,61,67,68,71,72,75
55552;13.09.2026 23:57;2,3,7,10,18,19,20,23,24,31,33,35,48,49,50,63,66,68,76,79

===== 14.09.2026 | 217 ÇEKİLİŞ =====
55553;14.09.2026 00:02;2,6,7,16,17,23,31,32,36,40,42,52,53,57,58,59,67,74,75,77
55554;14.09.2026 00:07;3,5,14,15,16,17,18,20,25,39,45,52,61,65,68,69,73,75,76,78
55555;14.09.2026 00:12;1,4,5,8,12,17,25,27,32,36,37,38,40,45,50,57,61,64,78,80
55556;14.09.2026 00:17;1,4,5,8,20,34,38,42,43,49,50,52,55,57,59,66,70,74,78,80
55557;14.09.2026 00:22;6,7,16,19,21,23,27,28,31,33,34,38,51,53,60,67,68,69,73,76
55558;14.09.2026 00:27;1,8,11,12,19,30,33,34,35,36,38,39,42,53,68,69,70,73,77,80
55559;14.09.2026 00:32;2,5,7,9,10,11,13,15,17,19,34,38,40,41,50,52,53,55,65,66
55560;14.09.2026 00:37;6,8,11,14,23,24,26,28,29,39,45,46,48,49,51,60,65,68,75,80
55561;14.09.2026 00:42;4,5,15,18,20,22,25,29,34,35,43,46,52,59,62,63,64,66,72,79
55562;14.09.2026 00:47;2,13,14,17,18,20,21,32,34,38,39,40,46,47,60,61,68,69,75,79
55563;14.09.2026 00:52;1,2,4,5,6,17,18,20,22,30,31,32,42,45,49,68,69,71,75,77
55564;14.09.2026 00:57;2,6,13,15,20,22,29,30,31,34,36,40,43,44,50,58,60,65,67,76
55565;14.09.2026 01:02;1,21,28,34,36,40,41,42,53,55,58,62,63,65,68,69,71,72,75,78
55566;14.09.2026 07:02;1,7,12,17,18,23,25,39,40,42,43,49,52,53,56,61,63,66,71,80
55567;14.09.2026 07:07;6,7,8,12,16,19,21,29,35,36,37,38,46,47,53,63,65,70,73,80
55568;14.09.2026 07:12;2,8,14,19,20,25,26,29,30,33,34,38,40,45,52,59,60,74,78,80
55569;14.09.2026 07:17;4,17,19,23,24,25,30,33,36,37,42,45,49,51,52,56,61,70,71,74
55570;14.09.2026 07:22;1,4,5,8,10,13,20,25,32,34,38,45,47,50,60,65,66,67,74,77
55571;14.09.2026 07:27;14,15,16,17,22,28,30,36,38,46,51,54,57,59,61,67,68,73,75,80
55572;14.09.2026 07:32;6,8,16,18,20,24,27,29,30,46,50,51,55,58,62,65,70,74,76,78
55573;14.09.2026 07:37;11,13,15,24,30,33,37,48,50,51,52,53,54,55,59,61,72,74,79,80
55574;14.09.2026 07:42;1,2,4,5,9,18,22,24,26,32,48,51,52,60,63,64,72,73,75,76
55575;14.09.2026 07:47;3,5,6,7,9,13,20,22,23,29,31,44,49,52,55,56,59,66,73,74
55576;14.09.2026 07:52;2,6,8,11,13,18,20,22,28,41,47,51,55,56,64,65,68,73,79,80
55577;14.09.2026 07:57;1,2,5,7,10,13,15,20,21,29,30,32,34,38,39,49,51,53,72,79
55578;14.09.2026 08:02;2,3,11,12,13,15,22,26,28,29,36,39,53,62,64,65,67,73,74,76
55579;14.09.2026 08:07;3,4,9,11,12,20,35,36,39,43,49,50,54,57,63,69,73,75,76,78
55580;14.09.2026 08:12;3,7,20,22,26,31,35,36,37,41,44,48,53,56,67,68,71,73,76,80
55581;14.09.2026 08:17;1,2,4,11,16,19,21,24,27,30,31,35,36,37,49,50,55,60,67,79
55582;14.09.2026 08:22;2,9,10,11,15,20,30,32,36,37,38,48,53,58,66,70,71,73,75,78
55583;14.09.2026 08:27;4,5,13,14,15,24,26,31,33,42,43,45,53,55,62,63,64,65,71,72
55584;14.09.2026 08:32;3,9,22,26,29,31,33,40,53,56,58,59,61,65,66,69,70,72,76,77
55585;14.09.2026 08:37;1,2,4,12,15,21,22,29,35,37,45,53,54,59,60,61,64,67,70,74
55586;14.09.2026 08:42;2,8,15,17,20,21,24,29,32,33,34,38,39,41,59,60,61,64,72,76
55587;14.09.2026 08:47;3,11,14,15,18,21,26,33,35,36,37,39,41,45,51,54,59,67,68,75
55588;14.09.2026 08:52;13,17,18,21,25,26,32,33,35,37,38,42,52,55,56,58,59,60,61,71
55589;14.09.2026 08:57;14,15,17,20,23,29,39,40,46,48,51,53,54,55,57,61,66,71,75,76
55590;14.09.2026 09:02;2,8,9,10,11,15,17,19,20,22,23,31,33,39,40,46,47,51,59,71
55591;14.09.2026 09:07;3,10,12,23,26,33,34,36,38,39,42,43,49,53,58,60,62,67,75,76
55592;14.09.2026 09:12;1,2,3,9,12,13,26,27,38,40,42,43,45,48,49,55,59,63,65,74
55593;14.09.2026 09:17;2,4,6,7,10,12,20,22,31,33,39,41,48,50,59,60,62,71,74,75
55594;14.09.2026 09:22;2,4,6,10,13,21,27,31,32,36,37,46,52,54,59,63,67,70,74,76
55595;14.09.2026 09:27;1,2,5,17,20,27,35,37,38,39,46,54,55,58,63,67,68,69,74,78
55596;14.09.2026 09:32;1,3,6,7,11,13,18,21,27,28,29,34,56,60,62,63,69,75,79,80
55597;14.09.2026 09:37;3,7,13,20,22,23,24,27,36,47,52,57,58,62,65,69,70,74,75,76
55598;14.09.2026 09:42;6,16,17,20,27,29,35,45,47,51,52,53,57,63,66,71,75,76,77,80
55599;14.09.2026 09:47;1,3,6,17,18,24,25,30,31,33,34,37,46,55,56,57,62,68,69,78
55600;14.09.2026 09:52;8,9,18,20,21,23,28,30,31,33,56,57,60,61,62,66,68,71,73,78
55601;14.09.2026 09:57;1,6,9,12,17,24,34,39,41,42,43,47,52,55,59,62,70,71,75,77
55602;14.09.2026 10:02;1,7,12,23,26,28,32,33,35,37,40,41,46,50,58,64,67,70,72,77
55603;14.09.2026 10:07;10,14,15,18,20,28,30,31,38,41,42,43,59,61,62,64,66,68,71,73
55604;14.09.2026 10:12;1,6,10,18,21,24,28,35,37,42,44,48,51,52,55,60,70,72,74,79
55605;14.09.2026 10:17;1,3,7,11,13,14,17,18,28,29,34,41,46,50,53,60,64,68,76,80
55606;14.09.2026 10:22;5,8,9,10,12,13,25,27,34,39,42,53,54,55,57,58,61,65,71,74
55607;14.09.2026 10:27;1,3,12,17,19,21,22,27,29,39,41,46,51,56,58,62,66,70,76,78
55608;14.09.2026 10:32;1,3,8,11,15,16,18,21,25,31,38,40,48,49,60,63,67,72,74,76
55609;14.09.2026 10:37;2,3,12,13,14,23,25,28,29,34,40,47,51,56,59,61,62,66,73,78
55610;14.09.2026 10:42;2,5,6,8,16,19,21,22,25,29,35,42,46,51,58,61,68,72,75,76
55611;14.09.2026 10:47;8,11,14,15,21,25,29,38,41,42,44,47,53,56,59,67,73,75,76,80
55612;14.09.2026 10:52;3,5,10,22,23,30,34,35,39,43,44,45,46,48,50,53,60,65,70,80
55613;14.09.2026 10:57;1,5,6,8,16,19,20,21,22,28,40,43,44,51,58,61,66,67,68,73
55614;14.09.2026 11:02;1,2,3,6,7,13,15,23,29,30,37,43,47,48,51,54,60,62,64,75
55615;14.09.2026 11:07;1,3,4,15,29,31,32,37,38,42,48,49,50,51,54,63,64,66,70,74
55616;14.09.2026 11:12;1,2,3,4,5,18,22,25,26,29,42,44,45,48,56,66,68,74,79,80
55617;14.09.2026 11:17;2,6,11,19,25,26,30,35,38,42,44,53,54,58,61,62,69,70,75,77
55618;14.09.2026 11:22;5,10,12,15,22,30,33,39,43,46,48,50,51,56,60,68,70,75,76,79
55619;14.09.2026 11:27;2,13,22,23,31,35,38,43,47,48,49,58,62,65,67,70,74,75,76,77
55620;14.09.2026 11:32;3,16,17,18,22,23,25,29,32,34,35,37,41,43,46,62,64,73,75,79
55621;14.09.2026 11:37;4,8,9,13,15,21,22,23,24,34,35,38,41,50,51,58,59,61,78,79
55622;14.09.2026 11:42;1,2,4,5,11,18,31,33,49,50,54,57,59,61,64,65,67,70,73,77
55623;14.09.2026 11:47;2,4,7,8,9,13,25,26,30,42,49,50,52,53,54,57,61,67,69,72
55624;14.09.2026 11:52;11,13,19,20,21,23,25,29,40,41,42,46,52,60,65,67,70,72,76,78
55625;14.09.2026 11:57;9,10,15,18,20,23,24,27,28,39,40,43,49,52,54,55,60,74,76,77
55626;14.09.2026 12:02;1,7,11,16,20,28,44,45,46,51,59,61,62,63,65,70,74,75,76,78
55627;14.09.2026 12:07;3,4,5,9,17,19,20,22,23,29,30,35,36,45,52,53,58,65,70,71
55628;14.09.2026 12:12;4,12,15,16,21,23,25,35,38,40,42,51,54,58,60,61,64,68,69,73
55629;14.09.2026 12:17;2,7,9,15,19,22,24,25,29,35,36,42,51,56,57,59,60,72,78,79
55630;14.09.2026 12:22;8,12,22,35,37,42,44,47,53,59,60,62,64,65,66,71,72,73,77,80
55631;14.09.2026 12:27;1,2,3,4,6,17,24,35,37,40,41,42,48,50,51,53,58,65,75,80
55632;14.09.2026 12:32;3,11,13,16,19,24,30,33,36,37,41,43,50,51,57,58,62,64,65,68
55633;14.09.2026 12:37;3,4,8,9,10,22,24,28,36,41,43,46,47,49,51,52,68,69,71,79
55634;14.09.2026 12:42;1,4,6,7,9,10,19,20,21,33,36,37,40,42,43,51,54,69,78,79
55635;14.09.2026 12:47;2,6,11,15,18,19,20,29,30,37,41,47,49,51,60,63,66,75,77,78
55636;14.09.2026 12:52;3,10,11,17,19,20,30,37,40,42,46,47,51,53,54,68,69,73,74,79
55637;14.09.2026 12:57;1,9,10,11,14,17,19,20,24,35,36,40,41,46,57,64,66,70,72,77
55638;14.09.2026 13:02;2,5,8,11,12,13,16,17,19,20,23,29,31,48,49,51,53,60,76,78
55639;14.09.2026 13:07;1,9,19,21,24,32,36,45,47,49,50,52,55,64,66,68,73,77,78,80
55640;14.09.2026 13:12;10,12,13,15,21,26,27,32,33,40,42,49,53,55,59,61,62,70,73,75
55641;14.09.2026 13:17;1,7,9,13,14,22,23,29,33,39,42,43,50,51,53,59,62,63,77,80
55642;14.09.2026 13:22;2,10,11,21,27,33,44,47,54,55,56,58,59,60,61,65,66,70,71,75
55643;14.09.2026 13:27;7,8,12,16,18,21,27,33,36,40,44,49,52,56,58,64,70,71,72,75
55644;14.09.2026 13:32;2,6,8,13,15,17,24,28,37,39,41,45,52,56,59,61,62,68,71,80
55645;14.09.2026 13:37;12,13,20,24,34,40,41,49,53,64,66,68,70,72,73,74,75,78,79,80
55646;14.09.2026 13:42;8,10,12,13,14,15,16,20,25,26,30,33,45,46,52,61,63,69,73,77
55647;14.09.2026 13:47;2,4,10,11,21,25,26,37,43,46,51,55,58,62,64,66,67,71,79,80
55648;14.09.2026 13:52;1,3,4,11,14,16,17,18,43,45,46,50,58,59,64,66,69,74,77,79
55649;14.09.2026 13:57;1,3,17,22,23,26,29,30,32,33,34,35,40,41,44,45,46,57,62,75
55650;14.09.2026 14:02;2,8,9,10,17,18,32,34,42,44,52,53,54,63,64,67,69,74,75,79
55651;14.09.2026 14:07;4,12,15,16,22,23,25,26,28,29,30,33,35,56,73,75,77,78,79,80
55652;14.09.2026 14:12;1,4,6,11,12,19,20,25,26,27,39,41,42,45,47,51,56,63,64,69
55653;14.09.2026 14:17;9,11,12,18,20,25,30,33,39,41,43,44,51,52,56,66,69,73,77,78
55654;14.09.2026 14:22;5,7,12,15,18,23,30,34,46,47,58,59,60,66,69,70,71,72,75,77
55655;14.09.2026 14:27;2,8,10,13,17,19,20,22,31,35,39,44,48,53,62,64,67,75,78,79
55656;14.09.2026 14:32;4,7,15,18,21,22,25,27,32,33,35,38,39,45,49,53,60,63,66,67
55657;14.09.2026 14:37;2,5,7,16,35,37,38,40,41,42,48,50,55,65,66,72,73,76,77,80
55658;14.09.2026 14:42;2,3,6,7,9,14,18,26,29,33,34,35,40,46,47,49,50,52,58,77
55659;14.09.2026 14:47;8,12,17,19,26,27,28,29,30,31,36,47,63,66,68,69,73,77,78,79
55660;14.09.2026 14:52;1,6,7,12,17,18,25,31,35,45,47,51,60,62,63,64,72,74,75,78
55661;14.09.2026 14:57;4,16,20,29,31,34,43,50,52,54,55,58,61,65,71,72,73,78,79,80
55662;14.09.2026 15:02;1,4,7,14,29,30,33,42,45,46,48,49,52,56,57,61,66,72,79,80
55663;14.09.2026 15:07;6,14,15,19,20,31,38,39,40,50,52,53,62,67,68,70,71,76,77,78
55664;14.09.2026 15:12;10,14,15,21,25,27,31,32,33,38,40,41,42,45,49,57,60,63,71,76
55665;14.09.2026 15:17;12,17,20,22,27,28,31,33,34,39,43,46,56,57,58,64,70,71,73,75
55666;14.09.2026 15:22;1,13,14,15,18,22,25,26,31,39,40,44,45,56,63,64,65,68,70,76
55667;14.09.2026 15:27;5,6,8,11,13,16,28,35,36,39,47,51,53,54,70,74,75,76,77,80
55668;14.09.2026 15:32;6,9,12,23,28,32,33,35,45,52,54,64,65,66,67,71,76,77,79,80
55669;14.09.2026 15:37;3,6,20,21,22,23,35,38,39,42,49,50,54,56,59,63,64,69,76,77
55670;14.09.2026 15:42;3,4,6,7,13,16,18,19,35,41,46,47,49,54,56,62,64,65,66,73
55671;14.09.2026 15:47;4,5,8,9,16,19,22,30,38,47,52,54,57,61,65,68,71,74,78,80
55672;14.09.2026 15:52;2,4,10,13,15,21,22,27,30,32,35,39,40,41,43,51,54,56,58,71
55673;14.09.2026 15:57;5,11,13,16,20,26,32,34,35,38,43,47,49,52,54,57,73,74,77,79
55674;14.09.2026 16:02;3,5,11,15,19,30,34,38,41,42,45,46,59,60,63,64,65,66,74,75
55675;14.09.2026 16:07;1,12,21,25,30,34,35,36,37,40,43,50,51,58,62,64,68,69,71,74
55676;14.09.2026 16:12;4,8,13,18,25,34,35,38,52,55,56,59,61,62,65,66,70,72,74,75
55677;14.09.2026 16:17;3,5,13,14,19,20,21,23,25,31,35,38,43,49,52,54,55,60,69,73
55678;14.09.2026 16:22;2,13,15,18,19,25,31,33,34,37,45,47,48,58,59,67,70,72,73,77
55679;14.09.2026 16:27;3,8,9,10,18,20,29,34,39,49,53,61,67,70,72,73,74,76,78,80
55680;14.09.2026 16:32;4,11,12,13,16,22,25,28,32,38,39,42,48,55,60,66,67,73,75,76
55681;14.09.2026 16:37;2,4,14,20,24,27,33,36,37,43,44,45,48,53,54,60,66,69,71,77
55682;14.09.2026 16:42;1,2,10,13,17,18,22,26,28,33,34,38,40,49,54,57,62,71,77,80
55683;14.09.2026 16:47;3,8,11,12,15,16,18,27,32,36,46,52,61,62,64,69,70,72,76,79
55684;14.09.2026 16:52;2,3,16,17,18,20,24,25,26,34,37,44,45,49,50,66,67,70,73,74
55685;14.09.2026 16:57;2,5,12,22,26,29,30,33,34,38,39,43,44,49,64,67,69,70,73,77
55686;14.09.2026 17:02;2,10,13,20,25,33,34,35,38,39,41,44,45,52,55,61,66,68,70,72
55687;14.09.2026 17:07;5,11,13,14,21,23,31,32,35,36,45,46,50,51,53,67,72,75,76,77
55688;14.09.2026 17:12;2,3,6,7,20,23,28,32,46,51,52,55,57,58,60,61,62,66,72,78
55689;14.09.2026 17:17;2,8,12,18,25,36,41,43,49,52,53,55,56,57,60,65,72,74,75,76
55690;14.09.2026 17:22;2,3,7,9,13,16,22,23,24,29,34,38,41,42,52,54,60,64,73,75
55691;14.09.2026 17:27;1,3,6,8,10,12,22,25,26,27,32,40,41,44,46,47,51,55,66,76
55692;14.09.2026 17:32;20,23,24,28,32,33,40,45,50,55,59,60,61,64,66,67,69,72,76,80
55693;14.09.2026 17:37;1,3,6,7,13,24,25,26,27,31,37,50,54,55,62,63,66,68,70,73
55694;14.09.2026 17:42;10,12,16,19,26,32,34,36,41,42,44,47,48,57,62,71,72,73,74,78
55695;14.09.2026 17:47;3,10,11,19,20,25,26,27,33,36,42,44,45,54,55,59,68,69,75,78
55696;14.09.2026 17:52;1,3,10,12,15,17,23,24,33,39,42,43,48,49,52,53,71,73,77,79
55697;14.09.2026 17:57;5,8,11,15,20,22,26,29,41,47,49,50,54,59,61,62,71,74,75,80
55698;14.09.2026 18:02;6,9,10,18,24,26,29,34,36,45,47,50,53,59,62,64,66,67,71,76
55699;14.09.2026 18:07;8,11,12,14,17,21,23,32,33,40,45,48,57,59,60,67,68,71,74,77
55700;14.09.2026 18:12;1,5,14,15,17,18,21,28,39,52,54,55,63,64,67,68,71,73,74,78
55701;14.09.2026 18:17;5,11,15,17,18,20,25,31,38,48,50,53,54,56,58,62,63,68,69,75
55702;14.09.2026 18:22;3,4,5,7,15,16,35,36,38,39,43,45,50,51,56,59,70,71,72,80
55703;14.09.2026 18:27;2,9,13,19,33,36,39,41,42,47,50,53,55,56,57,58,60,67,73,74
55704;14.09.2026 18:32;3,7,13,15,20,21,24,25,26,29,37,42,44,47,50,62,66,70,73,80
55705;14.09.2026 18:37;1,3,4,10,11,18,21,31,34,37,38,40,46,48,57,58,61,65,69,80
55706;14.09.2026 18:42;1,6,7,11,14,16,17,19,20,27,39,41,44,46,48,50,51,65,70,78
55707;14.09.2026 18:47;6,10,11,33,38,40,43,45,48,52,53,55,58,59,63,64,66,69,78,79
55708;14.09.2026 18:52;12,14,17,26,28,30,38,41,49,51,53,54,59,63,65,70,73,75,76,78
55709;14.09.2026 18:57;2,5,7,8,11,15,20,26,27,30,38,39,48,49,50,52,53,64,67,80
55710;14.09.2026 19:02;4,9,15,17,18,20,23,31,37,51,55,59,62,64,65,67,70,75,78,79
55711;14.09.2026 19:07;2,3,7,9,13,14,15,16,20,27,36,37,39,40,55,61,62,64,69,78
55712;14.09.2026 19:12;3,6,8,10,12,13,14,19,22,26,27,30,43,47,53,56,57,69,72,75
55713;14.09.2026 19:17;13,16,20,26,37,38,39,50,53,55,57,58,61,66,68,71,73,76,77,80
55714;14.09.2026 19:22;8,9,18,20,21,26,28,30,31,36,37,51,63,64,68,71,73,74,77,79
55715;14.09.2026 19:27;3,5,7,8,12,13,16,19,22,24,35,37,39,46,51,61,64,66,68,77
55716;14.09.2026 19:32;1,4,9,13,14,16,19,22,23,25,33,36,42,46,47,49,51,56,59,60
55717;14.09.2026 19:37;4,7,14,19,20,21,33,36,38,42,45,47,52,57,58,59,62,67,72,78
55718;14.09.2026 19:42;2,6,11,16,23,28,36,37,39,41,45,50,54,56,57,58,66,72,74,75
55719;14.09.2026 19:47;12,17,18,25,26,28,29,30,34,35,37,48,50,52,55,57,62,63,75,80
55720;14.09.2026 19:52;7,12,13,22,25,30,32,38,40,42,43,44,48,49,51,56,66,75,76,79
55721;14.09.2026 19:57;1,2,10,18,20,22,23,25,35,37,43,44,45,56,59,60,63,65,79,80
55722;14.09.2026 20:02;2,5,16,18,23,27,30,32,36,41,46,47,48,49,50,55,60,66,69,77
55723;14.09.2026 20:07;2,8,10,13,19,20,32,33,37,39,48,51,52,59,63,66,68,69,75,78
55724;14.09.2026 20:12;3,4,9,11,12,21,24,27,28,34,35,37,38,42,43,51,59,62,64,78
55725;14.09.2026 20:17;1,8,12,14,15,18,21,24,25,26,34,42,46,47,54,63,66,69,70,78
55726;14.09.2026 20:22;4,19,22,24,26,28,29,32,34,45,46,58,59,60,66,67,69,75,76,77
55727;14.09.2026 20:27;4,16,20,22,25,26,27,28,30,34,39,45,50,51,57,61,65,68,74,79
55728;14.09.2026 20:32;1,9,12,18,20,26,27,28,31,41,43,44,46,71,73,74,75,76,77,78
55729;14.09.2026 20:37;5,7,8,12,17,19,20,23,27,34,37,42,45,52,53,54,68,74,78,79
55730;14.09.2026 20:42;1,2,4,7,9,10,22,23,24,25,37,42,44,46,48,56,58,72,75,77
55731;14.09.2026 20:47;4,5,6,8,10,13,15,16,18,36,38,42,47,49,51,55,65,70,73,79
55732;14.09.2026 20:52;1,8,13,14,15,23,24,26,27,39,45,52,56,58,60,62,65,67,68,80
55733;14.09.2026 20:57;5,7,12,16,22,26,34,36,37,38,39,40,44,45,46,50,51,62,66,74
55734;14.09.2026 21:02;1,3,15,17,20,22,25,28,29,31,41,42,47,49,51,53,57,58,60,79
55735;14.09.2026 21:07;2,4,5,15,21,31,32,34,42,45,48,50,52,55,61,66,72,73,75,79
55736;14.09.2026 21:12;11,13,15,17,18,24,34,35,37,40,41,49,50,54,61,63,69,74,76,80
55737;14.09.2026 21:17;3,4,6,8,9,12,24,25,26,28,37,43,50,59,62,63,70,74,76,78
55738;14.09.2026 21:22;7,17,19,20,22,28,29,34,36,41,44,48,53,60,74,75,77,78,79,80
55739;14.09.2026 21:27;1,3,9,14,18,20,21,22,24,27,29,34,35,37,40,46,47,58,70,77
55740;14.09.2026 21:32;1,4,6,9,20,23,25,30,35,41,43,44,47,48,52,53,63,66,70,73
55741;14.09.2026 21:37;7,10,13,15,20,22,28,29,31,35,36,40,41,44,52,59,70,71,73,74
55742;14.09.2026 21:42;2,4,8,12,13,16,22,27,29,31,33,37,44,51,52,59,65,67,68,76
55743;14.09.2026 21:47;8,11,19,24,32,33,35,36,40,44,45,48,55,57,61,63,67,70,76,79
55744;14.09.2026 21:52;1,3,6,10,13,14,19,29,30,31,40,46,52,53,54,56,65,70,78,80
55745;14.09.2026 21:57;1,6,11,16,17,20,21,29,35,39,45,49,50,53,68,69,72,74,77,80
55746;14.09.2026 22:02;13,17,18,19,23,26,34,36,37,43,46,53,54,55,56,61,68,72,74,78
55747;14.09.2026 22:07;5,10,11,16,20,21,31,33,36,40,43,45,46,52,55,59,60,62,66,72
55748;14.09.2026 22:12;2,7,14,19,20,27,29,30,31,32,33,34,42,44,47,51,53,54,57,66
55749;14.09.2026 22:17;6,9,11,12,17,18,25,34,39,44,47,51,56,59,63,67,72,74,77,80
55750;14.09.2026 22:22;3,6,10,14,25,32,34,36,38,41,45,58,61,65,66,67,73,74,78,80
55751;14.09.2026 22:27;1,3,5,7,8,9,15,16,18,33,35,37,48,50,53,57,65,71,75,79
55752;14.09.2026 22:32;2,13,14,16,18,19,27,37,42,43,45,46,51,64,65,68,73,75,76,79
55753;14.09.2026 22:37;1,2,6,7,9,15,24,29,32,33,37,38,41,47,52,67,69,70,74,76
55754;14.09.2026 22:42;10,21,27,28,33,36,38,39,40,41,47,49,54,56,65,68,69,71,72,73
55755;14.09.2026 22:47;4,8,9,22,30,33,39,43,45,50,52,53,55,60,63,71,72,75,78,79
55756;14.09.2026 22:52;2,5,6,14,16,23,26,30,35,37,41,42,44,47,51,52,59,63,73,74
55757;14.09.2026 22:57;4,11,15,24,26,32,38,42,45,50,53,54,59,60,63,65,71,73,75,76
55758;14.09.2026 23:02;11,12,16,18,24,27,34,35,37,38,42,47,48,53,58,70,71,72,76,78
55759;14.09.2026 23:07;2,4,7,10,13,14,23,24,26,32,33,34,37,48,49,56,60,68,76,77
55760;14.09.2026 23:12;2,4,10,16,22,23,28,29,31,34,36,45,51,58,62,71,74,76,78,80
55761;14.09.2026 23:17;1,7,8,11,13,18,20,22,30,33,34,42,43,46,50,54,61,68,74,79
55762;14.09.2026 23:22;7,8,9,11,14,15,18,25,32,33,34,35,38,55,58,61,66,69,70,73
55763;14.09.2026 23:27;1,4,12,14,15,19,23,24,31,33,36,38,43,45,48,53,63,67,72,79
55764;14.09.2026 23:32;11,13,15,17,19,21,28,35,36,41,42,43,51,54,64,70,72,73,75,78
55765;14.09.2026 23:37;1,5,7,16,19,34,46,47,50,59,61,62,65,66,70,73,74,75,76,79
55766;14.09.2026 23:42;2,5,8,14,17,19,24,27,29,30,31,36,38,39,44,49,50,51,78,80
55767;14.09.2026 23:47;4,7,10,12,19,28,33,35,42,43,44,51,53,56,58,61,67,71,78,79
55768;14.09.2026 23:52;12,14,16,22,29,30,31,38,39,40,44,47,53,56,59,65,67,68,71,76
55769;14.09.2026 23:57;7,8,11,13,16,26,32,35,41,46,57,61,65,67,70,71,72,74,79,80

===== 15.09.2026 | 217 ÇEKİLİŞ =====
55770;15.09.2026 00:02;9,15,19,24,25,28,29,34,35,37,39,51,55,56,62,64,66,67,72,79
55771;15.09.2026 00:07;2,4,8,10,11,15,19,33,45,46,55,58,61,63,65,66,71,76,77,80
55772;15.09.2026 00:12;5,6,8,10,22,32,34,35,36,39,46,47,48,49,59,61,70,73,77,79
55773;15.09.2026 00:17;12,13,17,20,22,24,26,28,36,37,41,52,53,54,56,59,70,72,74,79
55774;15.09.2026 00:22;1,3,5,9,16,19,20,22,26,31,32,35,39,42,45,51,52,58,70,76
55775;15.09.2026 00:27;1,11,15,21,22,25,28,35,41,42,45,47,49,55,58,66,67,69,70,77
55776;15.09.2026 00:32;3,4,7,9,18,21,22,26,34,41,43,49,54,56,61,63,65,70,73,77
55777;15.09.2026 00:37;7,8,9,11,15,18,20,22,23,31,35,40,45,47,49,51,56,60,66,75
55778;15.09.2026 00:42;1,10,11,14,23,29,30,32,34,38,51,53,58,59,60,64,65,69,74,79
55779;15.09.2026 00:47;2,3,7,10,16,17,21,31,35,39,44,47,48,49,57,61,65,67,72,75
55780;15.09.2026 00:52;2,3,4,8,27,29,30,40,42,44,49,55,62,63,65,67,70,73,77,79
55781;15.09.2026 00:57;4,5,8,12,18,20,29,32,33,35,39,45,51,60,62,63,66,73,75,77
55782;15.09.2026 01:02;4,13,14,15,16,17,21,22,26,31,39,41,43,50,52,62,64,68,69,70
55783;15.09.2026 07:02;1,7,9,14,23,24,25,31,36,39,40,41,45,50,51,60,63,68,69,70
55784;15.09.2026 07:07;1,3,7,19,24,36,37,42,44,46,51,54,55,62,66,67,69,74,75,78
55785;15.09.2026 07:12;2,5,10,13,19,20,28,29,31,35,37,41,45,47,59,62,63,68,73,80
55786;15.09.2026 07:17;5,7,11,14,15,22,25,26,31,38,39,40,42,44,50,56,60,61,69,74
55787;15.09.2026 07:22;3,9,13,14,17,20,22,23,28,30,34,35,37,41,46,57,62,71,74,79
55788;15.09.2026 07:27;5,7,12,13,17,21,27,28,30,41,59,61,64,65,66,67,68,69,74,77
55789;15.09.2026 07:32;6,7,8,9,10,11,13,14,19,21,22,27,32,41,42,46,48,50,55,65
55790;15.09.2026 07:37;13,17,19,20,21,26,31,33,39,45,49,50,52,53,55,56,60,66,67,73
55791;15.09.2026 07:42;11,15,16,21,25,28,38,44,46,50,52,57,59,60,61,62,71,73,75,76
55792;15.09.2026 07:47;8,9,17,19,23,26,28,31,32,37,38,43,48,52,55,59,63,68,73,79
55793;15.09.2026 07:52;5,6,14,21,23,24,33,34,35,43,50,52,55,57,61,63,64,67,69,76
55794;15.09.2026 07:57;2,7,10,17,18,21,25,37,45,50,55,56,59,60,66,71,75,76,77,79
55795;15.09.2026 08:02;6,9,13,15,16,20,22,23,25,29,31,36,37,39,42,45,51,55,61,77
55796;15.09.2026 08:07;3,6,10,12,20,21,22,26,38,42,48,50,53,58,60,62,65,71,78,79
55797;15.09.2026 08:12;3,7,10,11,16,19,21,24,31,34,35,36,37,42,49,60,61,68,74,80
55798;15.09.2026 08:17;2,5,7,10,12,19,22,28,30,40,42,43,44,53,60,66,71,73,75,79
55799;15.09.2026 08:22;1,10,13,21,22,29,39,40,43,44,47,50,58,60,61,64,69,71,72,76
55800;15.09.2026 08:27;3,7,12,13,14,21,26,27,30,45,49,55,58,59,61,63,66,76,78,80
55801;15.09.2026 08:32;1,7,9,10,11,15,17,21,35,45,46,58,60,61,68,70,74,78,79,80
55802;15.09.2026 08:37;3,8,10,11,12,17,20,23,33,40,41,44,45,46,48,66,72,73,76,80
55803;15.09.2026 08:42;4,7,8,17,19,21,23,25,27,36,37,48,53,59,60,66,72,76,79,80
55804;15.09.2026 08:47;4,8,15,16,17,20,21,27,29,35,40,42,44,48,56,64,66,69,74,80
55805;15.09.2026 08:52;1,4,11,13,15,16,17,20,26,28,29,31,32,34,35,40,58,62,75,76
55806;15.09.2026 08:57;5,6,11,16,19,20,22,23,24,33,38,41,51,62,65,67,68,69,72,77
55807;15.09.2026 09:02;5,6,14,21,33,39,40,42,44,48,50,52,56,57,60,65,71,72,75,77
55808;15.09.2026 09:07;1,11,13,14,15,17,19,28,30,35,41,47,52,54,55,57,60,65,66,77
55809;15.09.2026 09:12;2,5,20,28,29,32,35,40,42,44,47,48,49,55,56,59,60,70,71,73
55810;15.09.2026 09:17;7,11,16,17,21,22,29,33,34,37,39,49,51,52,54,55,58,59,73,76
55811;15.09.2026 09:22;1,7,11,13,16,17,25,26,28,35,49,56,57,59,65,66,68,70,75,79
55812;15.09.2026 09:27;1,13,19,25,26,27,30,33,35,40,41,43,52,53,57,60,67,71,73,75
55813;15.09.2026 09:32;2,3,12,16,17,19,23,26,32,34,47,48,49,55,56,67,70,71,73,79
55814;15.09.2026 09:37;4,7,13,19,21,22,23,24,27,28,36,38,45,54,58,60,61,71,72,73
55815;15.09.2026 09:42;4,6,14,20,23,31,37,40,41,43,45,47,48,58,65,68,71,73,77,80
55816;15.09.2026 09:47;1,2,4,5,7,12,13,23,34,35,50,52,53,56,64,67,69,70,71,73
55817;15.09.2026 09:52;1,6,14,17,24,36,37,42,44,46,47,52,54,60,61,62,63,74,75,78
55818;15.09.2026 09:57;2,9,11,13,15,25,26,28,29,32,41,44,48,50,56,61,62,67,68,74
55819;15.09.2026 10:02;1,4,6,8,13,15,16,20,38,46,48,49,58,61,63,70,74,75,78,80
55820;15.09.2026 10:07;1,8,10,11,14,22,28,32,33,37,44,45,47,50,52,56,70,75,76,77
55821;15.09.2026 10:12;7,8,15,21,30,32,33,37,39,40,42,45,48,50,51,54,57,61,69,78
55822;15.09.2026 10:17;4,5,8,12,13,16,27,29,34,37,38,42,49,53,63,65,66,68,74,77
55823;15.09.2026 10:22;2,3,5,8,9,11,19,29,40,42,44,48,52,56,60,64,70,73,74,80
55824;15.09.2026 10:27;1,3,4,5,11,13,21,22,23,30,32,33,34,44,52,53,59,71,74,79
55825;15.09.2026 10:32;2,3,6,11,15,19,23,24,27,33,36,38,45,50,61,62,64,65,70,80
55826;15.09.2026 10:37;3,6,9,11,12,14,16,18,22,30,34,36,38,44,45,47,55,60,61,65
55827;15.09.2026 10:42;3,10,14,15,17,25,31,32,43,47,48,53,60,62,64,65,68,70,76,80
55828;15.09.2026 10:47;5,10,18,19,21,27,36,39,40,48,56,57,61,62,63,68,71,73,78,79
55829;15.09.2026 10:52;6,8,9,18,21,24,30,32,33,36,44,48,49,54,55,58,63,64,66,67
55830;15.09.2026 10:57;1,8,12,19,25,26,30,31,35,45,46,48,50,52,55,58,60,61,72,73
55831;15.09.2026 11:02;3,4,5,11,20,21,27,28,30,40,42,46,50,51,63,69,70,71,75,79
55832;15.09.2026 11:07;2,6,12,16,20,22,23,25,32,36,52,58,59,62,64,66,71,73,76,79
55833;15.09.2026 11:12;3,4,6,14,15,18,21,25,32,38,39,53,54,59,64,70,71,72,75,80
55834;15.09.2026 11:17;2,3,4,14,19,25,33,36,37,40,41,44,54,64,65,69,71,74,77,80
55835;15.09.2026 11:22;3,8,17,23,26,35,36,45,48,50,57,62,64,67,68,69,70,73,76,78
55836;15.09.2026 11:27;1,4,6,9,12,18,20,21,24,33,38,40,45,47,52,58,64,74,76,80
55837;15.09.2026 11:32;8,13,14,20,22,25,33,37,42,46,48,49,50,55,56,57,62,64,76,80
55838;15.09.2026 11:37;2,5,7,10,11,30,31,38,41,42,52,55,59,61,69,70,72,74,76,78
55839;15.09.2026 11:42;3,5,7,11,14,17,30,31,32,33,35,47,53,57,60,64,68,69,73,80
55840;15.09.2026 11:47;4,6,8,10,13,20,24,27,30,33,36,42,44,65,67,70,72,74,77,79
55841;15.09.2026 11:52;1,11,13,20,26,29,30,33,40,46,54,57,58,60,61,62,66,69,74,80
55842;15.09.2026 11:57;1,2,7,12,14,18,19,22,25,29,30,31,32,34,42,54,55,70,72,75
55843;15.09.2026 12:02;4,8,9,16,18,21,24,31,34,43,47,51,54,57,58,65,66,71,74,77
55844;15.09.2026 12:07;10,15,19,24,27,32,38,44,45,48,50,52,57,61,64,71,75,76,79,80
55845;15.09.2026 12:12;17,21,26,27,28,37,39,42,43,48,49,50,51,52,65,67,68,71,72,78
55846;15.09.2026 12:17;6,11,15,16,19,33,36,37,38,39,48,51,52,61,64,66,67,69,75,77
55847;15.09.2026 12:22;14,17,18,19,21,25,26,33,38,39,41,45,50,52,63,64,66,67,68,76
55848;15.09.2026 12:27;1,2,20,22,26,28,31,32,37,39,41,44,46,48,51,54,60,61,63,71
55849;15.09.2026 12:32;1,3,4,12,13,15,19,23,27,34,39,40,50,56,59,62,64,78,79,80
55850;15.09.2026 12:37;10,11,12,13,16,18,21,25,27,30,38,41,45,47,57,59,65,66,70,71
55851;15.09.2026 12:42;2,17,18,23,24,30,31,32,36,38,46,47,48,50,52,53,65,74,77,80
55852;15.09.2026 12:47;6,7,9,10,12,16,19,22,25,35,42,44,46,48,53,59,62,63,78,79
55853;15.09.2026 12:52;3,8,10,11,12,20,22,24,25,29,31,42,47,52,61,62,71,76,79,80
55854;15.09.2026 12:57;3,8,10,19,20,23,26,32,34,43,44,47,49,50,62,63,64,67,68,78
55855;15.09.2026 13:02;2,3,4,21,27,28,29,31,33,39,40,47,53,58,62,69,70,73,75,79
55856;15.09.2026 13:07;3,7,9,17,18,22,24,27,30,32,34,35,45,49,50,55,56,63,73,75
55857;15.09.2026 13:12;4,11,15,19,23,28,29,31,35,42,46,48,50,51,52,60,62,63,65,71
55858;15.09.2026 13:17;4,13,15,19,20,23,24,30,32,33,35,36,43,46,48,50,51,61,63,79
55859;15.09.2026 13:22;1,2,3,7,11,13,17,23,25,29,32,39,40,48,55,66,67,72,75,76
55860;15.09.2026 13:27;2,8,11,12,14,17,19,28,30,32,33,34,42,47,50,59,61,67,68,71
55861;15.09.2026 13:32;8,13,21,23,26,29,35,36,42,45,47,49,50,52,53,60,63,66,75,76
55862;15.09.2026 13:37;1,4,6,7,8,15,23,26,29,32,36,41,50,53,58,59,60,76,78,79
55863;15.09.2026 13:42;10,13,17,21,26,28,29,38,41,42,49,51,52,55,59,65,70,75,77,80
55864;15.09.2026 13:47;1,3,15,21,22,24,28,30,34,37,42,46,56,59,61,66,68,69,72,74
55865;15.09.2026 13:52;1,4,6,16,18,20,23,25,26,32,33,34,38,39,43,45,50,55,68,78
55866;15.09.2026 13:57;1,6,9,12,20,24,28,29,31,36,37,42,43,44,49,55,61,66,74,75
55867;15.09.2026 14:02;3,4,5,6,12,14,27,34,35,46,50,54,55,56,59,62,67,72,73,76
55868;15.09.2026 14:07;2,3,8,10,16,23,27,28,30,32,33,37,40,41,46,53,57,60,63,74
55869;15.09.2026 14:12;2,10,11,17,18,19,21,26,36,44,45,47,48,52,56,57,68,69,72,76
55870;15.09.2026 14:17;2,3,6,8,10,14,15,21,22,28,29,31,33,35,46,49,63,68,72,79
55871;15.09.2026 14:22;4,6,10,14,17,20,31,33,36,37,39,40,41,43,54,63,71,73,74,76
55872;15.09.2026 14:27;11,12,16,17,19,21,24,34,36,40,50,51,52,57,59,69,71,72,73,76
55873;15.09.2026 14:32;9,14,17,18,19,24,34,39,40,42,44,45,53,55,58,60,65,67,68,76
55874;15.09.2026 14:37;7,11,16,19,28,31,32,35,36,40,43,45,60,61,67,68,71,76,78,80
55875;15.09.2026 14:42;2,4,5,8,10,12,13,16,17,23,26,36,41,44,45,52,57,66,69,74
55876;15.09.2026 14:47;1,8,15,17,18,21,30,37,39,42,52,53,57,62,66,67,68,70,72,78
55877;15.09.2026 14:52;3,5,6,7,9,10,14,23,35,42,43,44,45,48,49,52,55,60,61,76
55878;15.09.2026 14:57;1,5,22,25,30,31,32,34,36,43,44,49,50,51,54,62,67,68,73,77
55879;15.09.2026 15:02;3,8,13,14,16,21,25,28,31,47,50,57,67,68,69,70,72,74,78,80
55880;15.09.2026 15:07;2,3,16,17,20,23,24,29,30,31,32,39,41,47,54,55,60,63,72,73
55881;15.09.2026 15:12;2,9,10,15,16,17,23,28,31,32,35,37,44,47,49,55,56,66,67,70
55882;15.09.2026 15:17;5,13,14,20,21,24,32,33,35,36,37,38,42,46,58,62,64,69,72,80
55883;15.09.2026 15:22;2,4,10,11,12,18,19,24,27,33,35,38,52,55,58,59,60,62,72,80
55884;15.09.2026 15:27;6,10,11,37,39,41,46,47,49,52,53,54,57,58,62,63,70,72,75,80
55885;15.09.2026 15:32;2,7,10,11,13,14,16,17,35,40,42,47,48,49,61,62,66,67,72,80
55886;15.09.2026 15:37;23,26,28,30,33,36,37,39,42,53,54,55,58,64,65,68,71,73,79,80
55887;15.09.2026 15:42;5,6,7,8,18,24,31,35,52,54,56,58,60,62,66,67,76,77,79,80
55888;15.09.2026 15:47;1,5,6,19,21,27,30,31,33,37,44,48,49,52,53,55,59,64,75,76
55889;15.09.2026 15:52;7,8,11,14,20,21,28,35,36,43,44,48,51,53,56,57,60,67,73,76
55890;15.09.2026 15:57;3,5,7,15,18,20,25,28,29,30,35,46,56,59,62,66,67,68,72,78
55891;15.09.2026 16:02;3,7,11,15,18,30,31,32,39,47,50,52,54,57,60,61,67,72,76,79
55892;15.09.2026 16:07;2,3,11,16,17,19,22,28,33,37,41,43,45,52,54,67,70,78,79,80
55893;15.09.2026 16:12;1,4,10,15,16,22,25,33,34,41,43,50,51,56,61,62,63,67,78,79
55894;15.09.2026 16:17;2,13,14,19,21,22,23,27,35,38,40,46,47,49,61,67,68,71,73,79
55895;15.09.2026 16:22;1,3,12,15,17,19,22,24,31,32,35,39,46,56,57,58,66,69,72,77
55896;15.09.2026 16:27;4,13,14,15,16,21,22,25,27,31,35,41,51,56,59,66,68,73,75,78
55897;15.09.2026 16:32;7,9,13,15,26,29,40,43,50,56,57,59,63,64,66,67,75,77,79,80
55898;15.09.2026 16:37;2,6,9,13,16,20,27,28,29,34,36,43,49,50,52,55,68,69,78,79
55899;15.09.2026 16:42;1,15,18,24,25,26,27,31,36,37,42,48,50,53,59,66,69,72,73,79
55900;15.09.2026 16:47;2,8,9,14,20,22,25,29,30,31,34,35,39,44,55,58,66,67,70,75
55901;15.09.2026 16:52;2,7,12,14,16,17,24,26,30,37,38,39,44,46,51,56,58,61,64,67
55902;15.09.2026 16:57;3,10,11,14,18,22,29,32,33,40,49,53,59,60,61,62,72,76,78,80
55903;15.09.2026 17:02;6,7,9,14,16,18,19,20,21,22,25,26,34,41,42,48,52,73,74,79
55904;15.09.2026 17:07;1,5,8,9,13,14,19,23,24,26,29,30,43,44,45,47,52,64,70,79
55905;15.09.2026 17:12;2,8,16,18,19,22,24,27,28,35,37,38,40,53,56,62,68,69,71,80
55906;15.09.2026 17:17;1,3,4,5,7,9,15,16,19,21,25,27,28,33,37,51,57,66,73,76
55907;15.09.2026 17:22;1,5,9,10,11,20,24,27,32,36,38,40,41,44,52,53,67,70,71,73
55908;15.09.2026 17:27;5,6,9,13,19,26,28,29,32,41,42,48,49,50,61,63,65,70,71,75
55909;15.09.2026 17:32;3,5,6,8,13,14,18,26,34,35,46,52,56,59,64,65,67,68,78,79
55910;15.09.2026 17:37;2,3,18,26,27,28,30,31,39,45,46,47,48,52,59,60,68,70,78,80
55911;15.09.2026 17:42;1,3,4,7,13,22,28,32,39,41,48,51,52,53,58,59,65,66,67,78
55912;15.09.2026 17:47;4,5,10,11,12,15,16,25,26,27,30,40,49,59,61,62,70,77,79,80
55913;15.09.2026 17:52;1,5,6,14,15,19,23,26,27,36,50,62,65,66,70,74,76,77,79,80
55914;15.09.2026 17:57;10,18,21,30,38,40,44,48,49,50,51,54,57,62,63,66,67,69,70,73
55915;15.09.2026 18:02;2,5,9,14,15,25,28,30,33,41,45,54,56,62,64,65,70,73,78,80
55916;15.09.2026 18:07;2,4,12,14,15,19,21,34,36,44,51,56,57,60,63,64,68,69,73,79
55917;15.09.2026 18:12;3,5,12,15,20,23,34,36,38,45,47,48,54,57,59,60,64,66,74,78
55918;15.09.2026 18:17;4,11,13,14,20,26,29,36,37,38,42,51,52,55,59,61,69,71,74,78
55919;15.09.2026 18:22;3,5,6,9,10,14,16,24,26,28,33,36,45,50,54,57,61,69,72,76
55920;15.09.2026 18:27;2,4,7,10,16,26,27,32,40,42,50,51,55,57,68,75,76,77,78,80
55921;15.09.2026 18:32;1,10,15,18,20,22,26,28,29,33,38,39,40,45,47,56,60,62,66,79
55922;15.09.2026 18:37;4,8,12,14,19,22,24,26,29,34,39,41,49,53,58,59,61,68,69,80
55923;15.09.2026 18:42;11,20,23,25,35,39,43,44,47,49,50,60,63,65,67,68,69,73,76,79
55924;15.09.2026 18:47;5,9,13,16,18,20,22,27,36,37,48,50,53,55,56,57,58,64,66,79
55925;15.09.2026 18:52;2,4,10,11,15,22,26,31,32,35,37,38,45,46,51,53,54,64,76,77
55926;15.09.2026 18:57;5,10,11,12,15,17,18,19,20,29,37,39,43,44,45,49,56,57,74,78
55927;15.09.2026 19:02;11,12,15,17,22,23,24,25,33,35,36,38,39,56,59,61,71,74,79,80
55928;15.09.2026 19:07;6,8,11,14,15,21,23,32,41,47,51,53,55,58,63,66,72,76,78,79
55929;15.09.2026 19:12;1,4,5,11,17,21,22,23,24,30,31,33,40,43,44,49,59,62,69,79
55930;15.09.2026 19:17;3,7,12,20,21,23,25,35,39,43,44,45,48,51,57,60,66,68,70,74
55931;15.09.2026 19:22;1,3,18,20,30,31,33,39,40,41,48,51,54,56,64,67,69,71,75,79
55932;15.09.2026 19:27;3,4,5,7,11,14,19,22,27,44,45,46,51,59,60,62,75,76,77,80
55933;15.09.2026 19:32;5,6,14,15,19,23,29,33,39,42,48,49,50,59,60,63,66,68,69,77
55934;15.09.2026 19:37;5,6,8,13,20,22,23,24,25,31,39,44,45,57,58,62,64,71,73,74
55935;15.09.2026 19:42;5,7,8,11,14,17,27,29,31,36,37,38,40,44,48,54,61,63,68,79
55936;15.09.2026 19:47;6,12,15,22,23,24,31,32,35,39,41,50,53,60,64,65,70,74,77,80
55937;15.09.2026 19:52;2,4,7,9,15,25,26,28,32,36,37,43,46,49,55,60,71,72,75,80
55938;15.09.2026 19:57;3,5,10,11,13,14,18,22,23,24,26,35,44,45,46,51,60,65,70,73
55939;15.09.2026 20:02;1,16,18,21,23,27,33,36,39,43,49,55,58,60,63,65,71,72,79,80
55940;15.09.2026 20:07;3,7,8,17,20,21,28,33,34,35,36,41,43,44,47,52,54,66,69,79
55941;15.09.2026 20:12;2,7,14,23,26,27,29,37,38,50,56,58,60,61,64,67,68,69,73,79
55942;15.09.2026 20:17;9,10,26,27,28,32,33,36,37,41,43,47,51,53,57,59,61,62,63,72
55943;15.09.2026 20:22;3,4,5,8,22,23,24,30,33,39,52,54,55,60,61,66,68,69,71,75
55944;15.09.2026 20:27;8,21,26,29,32,34,37,42,43,47,52,59,60,62,63,67,71,75,77,79
55945;15.09.2026 20:32;1,3,8,10,16,22,25,29,31,41,44,45,50,51,53,57,65,66,70,78
55946;15.09.2026 20:37;9,11,12,13,19,20,21,22,27,34,36,42,46,49,56,65,69,70,72,74
55947;15.09.2026 20:42;2,10,16,17,18,24,26,27,31,38,41,45,47,50,52,55,65,66,70,73
55948;15.09.2026 20:47;2,3,10,12,13,15,16,24,29,36,37,51,59,61,62,66,67,72,78,79
55949;15.09.2026 20:52;4,6,7,16,19,24,27,31,33,40,43,45,51,52,62,63,64,66,71,77
55950;15.09.2026 20:57;3,7,17,18,29,31,32,33,34,43,46,50,52,55,56,59,64,70,72,75
55951;15.09.2026 21:02;3,11,16,18,21,29,31,35,37,40,42,47,58,60,62,63,69,75,76,78
55952;15.09.2026 21:07;2,3,6,7,11,14,18,20,22,24,35,37,39,41,45,56,60,63,70,71
55953;15.09.2026 21:12;2,4,5,8,14,18,21,22,23,26,32,36,43,44,46,49,57,64,69,75
55954;15.09.2026 21:17;1,3,4,12,15,17,32,35,37,38,42,58,59,60,68,72,73,74,77,78
55955;15.09.2026 21:22;1,3,5,14,16,17,18,29,30,35,36,47,51,61,64,70,71,73,76,79
55956;15.09.2026 21:27;5,7,9,10,11,16,17,21,25,33,44,45,49,57,67,71,75,76,77,79
55957;15.09.2026 21:32;5,8,9,10,12,27,28,30,34,42,45,47,51,53,55,57,63,66,69,80
55958;15.09.2026 21:37;1,5,7,18,23,29,32,37,40,44,45,53,56,60,63,69,70,78,79,80
55959;15.09.2026 21:42;6,8,10,11,19,23,25,26,30,34,36,39,42,48,52,58,61,63,72,78
55960;15.09.2026 21:47;2,9,13,16,17,25,28,29,31,32,36,40,45,47,50,59,62,66,69,76
55961;15.09.2026 21:52;7,10,13,15,16,19,22,23,26,28,32,34,39,42,43,47,59,63,67,70
55962;15.09.2026 21:57;5,13,17,20,23,26,31,43,44,45,47,49,52,59,60,62,63,73,74,79
55963;15.09.2026 22:02;5,6,9,14,16,20,21,27,29,33,38,40,46,54,61,62,75,78,79,80
55964;15.09.2026 22:07;1,5,6,7,8,10,15,18,36,44,46,50,64,67,69,70,73,74,76,79
55965;15.09.2026 22:12;4,10,11,12,16,19,21,24,25,31,34,40,52,54,56,57,63,65,73,79
55966;15.09.2026 22:17;2,4,7,12,17,27,28,30,49,53,54,57,58,61,63,65,70,72,76,80
55967;15.09.2026 22:22;2,15,16,24,27,29,37,42,43,44,49,58,61,63,67,70,71,72,74,76
55968;15.09.2026 22:27;2,3,4,21,22,29,35,37,43,44,46,48,49,50,53,62,63,64,66,74
55969;15.09.2026 22:32;1,18,20,22,23,27,34,35,38,40,54,58,60,65,69,70,72,75,76,78
55970;15.09.2026 22:37;3,7,10,11,18,20,27,28,29,30,33,35,45,53,56,57,65,68,75,79
55971;15.09.2026 22:42;4,8,11,12,17,20,25,35,38,40,45,54,60,61,63,69,72,74,76,77
55972;15.09.2026 22:47;7,9,13,17,18,27,29,35,43,48,49,53,54,57,59,60,63,70,79,80
55973;15.09.2026 22:52;1,4,7,12,15,19,24,28,29,34,46,52,67,69,70,73,74,77,79,80
55974;15.09.2026 22:57;12,20,28,30,31,33,34,43,45,46,50,55,58,60,61,64,65,69,75,80
55975;15.09.2026 23:02;3,10,11,16,19,22,23,31,37,41,42,44,45,53,55,63,64,66,72,78
55976;15.09.2026 23:07;1,3,8,10,16,17,21,23,27,32,43,44,53,58,62,66,73,75,78,79
55977;15.09.2026 23:12;4,9,12,15,19,26,32,39,41,44,46,53,55,57,66,68,71,72,76,77
55978;15.09.2026 23:17;3,5,6,15,22,23,25,27,30,34,35,36,40,45,47,54,58,59,61,62
55979;15.09.2026 23:22;8,10,11,12,16,19,21,24,28,31,37,46,50,53,54,55,60,64,70,75
55980;15.09.2026 23:27;4,7,9,11,12,14,16,19,32,36,40,44,48,49,56,63,66,67,76,80
55981;15.09.2026 23:32;1,10,23,26,28,29,34,35,38,40,44,47,48,52,55,56,64,72,75,78
55982;15.09.2026 23:37;6,10,15,18,20,30,31,33,35,39,47,49,53,55,59,60,64,68,70,72
55983;15.09.2026 23:42;1,4,9,11,15,18,19,35,40,43,50,53,55,61,63,65,70,71,73,77
55984;15.09.2026 23:47;5,6,8,13,15,35,44,45,46,48,55,58,59,60,61,63,66,72,74,78
55985;15.09.2026 23:52;4,5,10,12,14,21,22,27,31,35,38,41,51,55,56,64,67,68,71,80
55986;15.09.2026 23:57;5,6,11,12,14,15,16,17,18,19,39,40,43,47,55,57,59,63,72,78

===== 16.09.2026 | 217 ÇEKİLİŞ =====
55987;16.09.2026 00:02;3,9,12,13,15,18,20,27,30,34,36,39,40,53,55,56,57,62,72,76
55988;16.09.2026 00:07;3,4,6,11,21,23,27,29,30,38,41,51,58,60,62,64,71,75,76,78
55989;16.09.2026 00:12;1,2,14,18,23,24,25,26,35,37,39,40,47,56,60,66,72,75,78,80
55990;16.09.2026 00:17;4,5,9,15,18,24,27,33,43,47,55,56,59,66,68,70,74,75,78,80
55991;16.09.2026 00:22;3,10,18,19,30,31,34,38,45,46,47,50,53,58,63,64,69,73,76,80
55992;16.09.2026 00:27;1,4,6,7,13,15,23,29,32,36,37,42,50,56,57,58,65,68,73,75
55993;16.09.2026 00:32;6,7,12,15,20,24,25,28,31,38,39,49,55,56,57,64,72,75,78,80
55994;16.09.2026 00:37;4,15,16,20,24,28,30,32,33,47,48,49,53,54,55,58,62,65,72,78
55995;16.09.2026 00:42;1,14,20,22,23,32,33,34,42,43,44,47,55,57,61,62,68,70,71,72
55996;16.09.2026 00:47;8,9,13,16,25,26,27,30,37,40,42,45,50,57,62,65,69,73,76,78
55997;16.09.2026 00:52;6,9,11,17,19,21,24,25,26,30,32,37,42,53,55,58,61,67,75,77
55998;16.09.2026 00:57;3,6,10,25,29,37,47,51,53,54,61,63,64,65,66,69,72,76,78,80
55999;16.09.2026 01:02;3,7,8,12,19,24,25,26,31,34,35,39,47,51,52,59,67,68,70,73
56000;16.09.2026 07:02;3,9,10,17,19,25,26,27,30,31,36,37,43,44,50,59,62,68,70,73
56001;16.09.2026 07:07;16,20,21,23,28,29,31,32,33,35,37,38,40,41,44,46,63,71,72,79
56002;16.09.2026 07:12;2,7,20,21,22,25,27,30,31,33,43,52,55,57,60,65,70,74,79,80
56003;16.09.2026 07:17;3,5,17,18,21,22,28,29,31,38,43,45,47,49,54,60,72,75,77,78
56004;16.09.2026 07:22;8,9,12,15,26,30,33,35,38,39,43,46,47,49,53,62,65,73,78,80
56005;16.09.2026 07:27;2,3,6,18,21,24,27,28,29,38,53,54,60,66,70,71,72,75,78,80
56006;16.09.2026 07:32;1,5,7,11,17,18,30,37,38,43,45,48,54,55,59,60,72,74,75,79
56007;16.09.2026 07:37;2,3,6,10,20,24,25,27,33,34,35,48,51,52,53,59,64,69,70,79
56008;16.09.2026 07:42;2,6,13,16,17,19,25,30,36,43,44,47,49,56,60,61,62,66,74,76
56009;16.09.2026 07:47;1,3,5,9,11,12,18,19,25,34,37,41,42,48,49,57,67,77,78,79
56010;16.09.2026 07:52;3,5,8,12,13,15,19,21,22,24,29,34,37,43,49,51,54,61,64,71
56011;16.09.2026 07:57;12,20,24,31,32,35,39,44,55,57,58,62,64,66,68,71,72,77,79,80
56012;16.09.2026 08:02;2,7,8,21,22,30,34,40,41,44,45,48,53,58,64,65,67,68,72,74
56013;16.09.2026 08:07;2,8,9,11,15,17,18,22,28,30,35,40,53,54,57,58,61,71,77,80
56014;16.09.2026 08:12;3,8,11,16,18,27,29,30,32,48,50,52,56,58,59,60,62,63,69,78
56015;16.09.2026 08:17;2,5,9,10,21,25,27,28,29,34,38,41,52,53,54,56,67,69,70,79
56016;16.09.2026 08:22;1,3,4,8,10,13,23,24,26,28,34,35,41,49,57,58,60,64,66,70
56017;16.09.2026 08:27;2,4,5,8,13,16,27,30,34,40,41,54,55,58,61,62,66,70,76,80
56018;16.09.2026 08:32;6,8,15,17,18,21,24,25,26,39,40,42,45,50,54,55,56,59,63,77
56019;16.09.2026 08:37;8,11,15,17,18,29,32,37,39,42,48,60,65,66,68,73,75,76,79,80
56020;16.09.2026 08:42;5,12,16,25,41,44,46,48,52,53,54,57,58,61,66,71,73,77,78,80
56021;16.09.2026 08:47;4,9,14,15,21,29,31,33,34,37,40,42,43,47,50,56,59,61,65,74
56022;16.09.2026 08:52;7,12,14,21,23,28,29,33,36,37,38,39,47,48,53,66,74,78,79,80
56023;16.09.2026 08:57;9,13,18,21,22,24,32,35,41,47,50,54,56,58,62,63,64,73,74,76
56024;16.09.2026 09:02;1,5,10,12,15,18,21,29,33,36,37,42,43,50,52,58,61,64,68,74
56025;16.09.2026 09:07;2,10,14,17,20,21,25,26,28,30,37,38,43,45,46,52,59,64,68,78
56026;16.09.2026 09:12;5,6,14,17,20,22,23,31,37,42,47,53,59,60,61,66,69,72,73,75
56027;16.09.2026 09:17;1,2,6,8,11,18,20,23,25,29,31,34,36,40,51,52,54,60,63,68
56028;16.09.2026 09:22;4,11,19,22,26,29,34,40,42,48,50,51,52,53,58,62,67,69,70,73
56029;16.09.2026 09:27;1,3,9,10,11,12,14,23,25,31,35,36,39,42,52,55,71,73,76,77
56030;16.09.2026 09:32;2,5,8,10,13,15,17,19,26,28,32,34,49,50,52,55,59,66,76,78
56031;16.09.2026 09:37;14,15,16,17,22,26,27,31,36,38,40,41,42,44,48,62,69,71,76,80
56032;16.09.2026 09:42;3,8,10,11,17,28,29,36,37,44,48,58,62,64,66,67,68,78,79,80
56033;16.09.2026 09:47;1,2,3,6,8,13,14,19,32,34,44,46,52,53,67,70,72,73,77,79
56034;16.09.2026 09:52;8,14,15,16,20,29,33,34,38,39,41,46,49,55,56,57,59,70,72,78
56035;16.09.2026 09:57;6,7,8,15,17,20,34,42,46,48,50,51,53,57,61,63,64,66,68,79
56036;16.09.2026 10:02;9,10,13,14,15,19,21,26,27,33,45,48,50,53,54,56,65,68,69,77
56037;16.09.2026 10:07;9,10,11,17,23,28,30,34,37,38,39,41,46,51,60,66,71,72,75,79
56038;16.09.2026 10:12;2,10,16,23,27,28,29,30,31,34,39,45,49,52,60,65,70,71,72,77
56039;16.09.2026 10:17;2,4,5,6,9,13,24,25,30,31,40,45,47,52,53,57,66,71,73,76
56040;16.09.2026 10:22;3,10,11,14,24,29,32,39,41,42,43,45,51,52,54,58,62,65,68,70
56041;16.09.2026 10:27;2,3,4,8,9,11,13,21,23,25,35,38,39,55,66,67,73,78,79,80
56042;16.09.2026 10:32;1,2,3,6,15,20,30,33,34,38,44,46,47,48,49,57,58,62,72,77
56043;16.09.2026 10:37;4,7,16,25,26,27,28,32,34,35,36,44,45,49,51,55,64,66,77,79
56044;16.09.2026 10:42;7,8,9,10,11,17,23,24,28,34,45,48,52,60,65,68,69,73,78,79
56045;16.09.2026 10:47;9,10,13,14,16,21,26,29,31,32,34,42,45,56,61,62,64,67,73,80
56046;16.09.2026 10:52;1,3,12,13,16,17,18,25,31,33,38,52,53,56,62,64,65,66,73,77
56047;16.09.2026 10:57;2,16,18,23,24,30,33,40,42,55,57,59,62,64,65,68,71,73,74,78
56048;16.09.2026 11:02;4,7,9,27,29,31,32,34,36,39,43,46,50,51,53,59,64,65,71,80
56049;16.09.2026 11:07;9,17,24,28,30,31,37,38,44,49,54,59,61,62,65,66,68,73,75,77
56050;16.09.2026 11:12;1,6,7,8,9,12,16,31,34,35,41,46,48,50,51,59,61,64,72,77
56051;16.09.2026 11:17;2,5,7,8,14,21,22,23,24,31,32,34,36,39,45,63,65,67,77,78
56052;16.09.2026 11:22;1,3,5,9,11,15,18,24,28,31,33,42,52,57,60,64,65,77,78,79
56053;16.09.2026 11:27;8,11,14,29,30,33,37,43,44,45,48,50,52,53,54,58,59,64,65,77
56054;16.09.2026 11:32;3,7,10,12,26,29,33,37,40,44,53,55,58,64,65,67,73,74,76,77
56055;16.09.2026 11:37;2,3,13,15,16,18,22,26,31,36,37,52,54,58,63,68,70,71,76,80
56056;16.09.2026 11:42;1,2,8,9,10,12,13,20,23,25,30,32,50,51,57,61,68,70,72,74
56057;16.09.2026 11:47;5,8,9,19,29,31,32,39,40,41,44,49,51,56,67,69,70,71,74,75
56058;16.09.2026 11:52;2,3,5,7,13,14,16,20,22,23,25,26,31,45,47,51,65,70,71,78
56059;16.09.2026 11:57;2,3,5,7,9,10,12,13,14,16,25,29,34,39,48,58,60,70,76,80
56060;16.09.2026 12:02;3,4,7,8,18,36,41,44,52,54,56,57,58,64,66,70,74,76,77,80
56061;16.09.2026 12:07;5,10,13,15,20,21,24,26,33,34,45,46,47,48,49,50,70,73,75,76
56062;16.09.2026 12:12;1,7,10,14,23,24,28,29,36,37,39,40,41,43,45,65,66,68,70,74
56063;16.09.2026 12:17;3,6,10,12,14,17,18,21,22,26,34,35,38,42,51,52,53,65,75,76
56064;16.09.2026 12:22;9,14,17,18,25,32,33,46,48,51,53,57,61,65,66,68,69,72,76,79
56065;16.09.2026 12:27;1,3,4,5,12,17,21,24,28,40,44,47,62,65,66,73,74,75,76,78
56066;16.09.2026 12:32;5,10,16,19,20,25,29,30,35,39,40,44,47,49,50,53,56,65,68,70
56067;16.09.2026 12:37;3,6,10,17,18,28,29,32,35,39,53,54,55,58,59,66,69,77,79,80
56068;16.09.2026 12:42;1,2,6,11,12,16,20,26,27,33,34,35,37,43,47,50,61,68,77,79
56069;16.09.2026 12:47;1,3,17,21,22,24,25,31,35,40,41,43,48,49,56,62,64,65,68,70
56070;16.09.2026 12:52;1,2,3,7,11,18,35,37,42,43,50,55,56,60,65,66,69,73,78,80
56071;16.09.2026 12:57;1,2,5,6,10,11,15,23,26,28,31,39,42,43,57,58,70,72,75,79
56072;16.09.2026 13:02;3,6,11,14,17,18,23,30,35,36,45,50,53,54,57,58,64,66,70,79
56073;16.09.2026 13:07;1,5,8,9,17,18,21,30,32,33,41,48,50,52,54,59,60,74,76,79
56074;16.09.2026 13:12;1,2,18,24,25,27,31,32,35,38,42,44,47,52,54,56,57,62,65,68
56075;16.09.2026 13:17;1,5,10,11,14,15,23,24,28,33,34,42,44,46,47,49,61,69,70,77
56076;16.09.2026 13:22;4,7,10,11,16,19,21,33,35,41,44,49,58,59,60,65,68,70,76,79
56077;16.09.2026 13:27;3,4,18,19,21,24,27,28,30,34,40,52,53,54,55,57,60,62,63,79
56078;16.09.2026 13:32;6,8,10,12,15,16,18,20,25,30,32,34,38,43,50,56,59,62,67,80
56079;16.09.2026 13:37;10,14,17,18,19,25,30,32,34,36,40,47,49,50,54,56,57,59,64,69
56080;16.09.2026 13:42;1,2,7,8,9,11,13,17,28,37,51,57,59,61,66,67,71,74,78,80
56081;16.09.2026 13:47;3,7,9,15,17,27,30,34,41,42,45,47,48,51,52,53,61,69,71,75
56082;16.09.2026 13:52;2,7,11,13,23,24,26,30,33,37,41,46,47,48,52,61,63,66,70,73
56083;16.09.2026 13:57;1,7,8,14,19,21,34,36,37,43,52,56,57,65,67,71,72,75,77,79
56084;16.09.2026 14:02;4,6,7,17,20,23,24,28,36,41,44,47,48,56,59,60,66,73,74,76
56085;16.09.2026 14:07;2,6,17,19,24,27,35,37,38,41,46,47,48,52,60,66,67,68,70,79
56086;16.09.2026 14:12;1,2,6,7,10,11,18,22,23,30,41,48,51,57,59,64,67,70,71,80
56087;16.09.2026 14:17;1,3,6,10,13,17,20,26,29,31,33,35,45,51,56,63,64,72,74,76
56088;16.09.2026 14:22;1,4,6,7,9,10,11,15,17,18,20,30,41,43,46,55,67,73,77,78
56089;16.09.2026 14:27;1,3,4,7,8,9,15,20,24,38,46,52,59,64,66,69,70,74,78,79
56090;16.09.2026 14:32;3,7,14,17,18,30,36,39,40,42,45,47,53,55,60,63,67,72,73,77
56091;16.09.2026 14:37;2,3,5,12,16,27,29,37,46,48,53,55,56,57,59,62,65,68,70,79
56092;16.09.2026 14:42;2,5,6,16,20,26,27,32,33,35,36,44,45,53,54,59,64,71,78,79
56093;16.09.2026 14:47;3,7,12,18,20,22,23,26,27,30,31,32,50,63,64,66,69,71,76,78
56094;16.09.2026 14:52;3,5,7,9,10,15,17,22,30,32,35,36,37,40,42,62,63,71,77,79
56095;16.09.2026 14:57;9,12,19,22,23,25,27,28,30,45,52,62,64,66,67,71,73,75,78,79
56096;16.09.2026 15:02;4,6,9,20,28,30,31,36,38,43,49,52,62,64,65,68,70,73,75,77
56097;16.09.2026 15:07;2,3,9,13,16,17,22,27,28,29,34,47,50,56,59,66,69,75,76,79
56098;16.09.2026 15:12;1,4,5,10,12,16,17,18,19,23,28,32,36,38,45,50,53,59,70,71
56099;16.09.2026 15:17;2,3,7,10,13,19,20,26,36,39,44,46,48,53,57,64,69,73,76,77
56100;16.09.2026 15:22;3,7,11,12,14,20,24,27,28,31,33,43,52,55,57,63,68,75,77,79
56101;16.09.2026 15:27;7,15,21,24,29,32,35,39,43,49,53,55,59,61,63,64,65,70,73,80
56102;16.09.2026 15:32;3,9,12,13,15,18,22,24,27,34,38,41,43,45,51,57,60,65,68,74
56103;16.09.2026 15:37;1,4,5,6,7,10,12,14,19,20,36,39,43,48,49,55,56,74,77,80
56104;16.09.2026 15:42;3,10,12,28,30,32,33,34,36,37,39,42,43,44,47,58,63,69,73,74
56105;16.09.2026 15:47;1,8,9,13,28,33,35,37,39,41,43,45,52,54,57,62,64,68,70,76
56106;16.09.2026 15:52;2,5,13,14,21,22,33,35,43,45,53,55,58,62,63,66,73,75,76,77
56107;16.09.2026 15:57;5,12,20,23,27,32,33,36,37,39,41,45,49,52,60,65,70,71,78,79
56108;16.09.2026 16:02;3,4,6,12,21,25,33,34,43,44,52,55,60,63,65,66,68,74,75,77
56109;16.09.2026 16:07;3,7,10,17,18,21,27,28,38,41,44,46,48,54,56,58,62,70,73,80
56110;16.09.2026 16:12;1,3,7,9,12,17,25,32,35,47,49,51,54,55,57,59,72,75,78,80
56111;16.09.2026 16:17;1,4,8,9,17,21,23,27,31,40,41,44,46,47,52,61,65,67,71,73
56112;16.09.2026 16:22;5,12,18,22,23,25,31,32,34,42,43,47,50,51,53,69,72,75,78,79
56113;16.09.2026 16:27;2,4,8,10,13,14,20,25,26,29,30,35,44,50,52,56,64,70,71,79
56114;16.09.2026 16:32;1,9,15,19,22,28,31,36,40,45,47,50,51,52,53,54,55,59,66,72
56115;16.09.2026 16:37;1,4,5,7,15,16,20,21,22,24,27,45,46,50,51,53,57,65,74,76
56116;16.09.2026 16:42;7,12,18,19,22,25,27,28,30,31,32,38,39,41,43,51,52,64,66,74
56117;16.09.2026 16:47;9,14,18,27,28,30,33,38,39,43,44,49,52,55,65,66,70,74,76,77
56118;16.09.2026 16:52;2,4,18,20,21,24,26,28,31,44,45,47,49,51,62,64,68,70,71,76
56119;16.09.2026 16:57;6,8,10,19,21,27,29,31,37,41,45,48,58,59,60,66,68,71,75,80
56120;16.09.2026 17:02;3,5,8,16,17,18,20,21,28,29,39,48,49,50,61,65,67,71,72,73
56121;16.09.2026 17:07;4,5,6,7,14,15,26,28,29,36,46,50,53,63,68,69,73,74,77,79
56122;16.09.2026 17:12;1,6,7,9,16,22,30,35,39,40,42,46,50,55,57,60,61,63,70,77
56123;16.09.2026 17:17;7,8,9,14,23,24,26,36,39,52,55,58,59,61,62,63,66,71,72,80
56124;16.09.2026 17:22;3,7,9,11,12,13,17,25,33,34,38,40,42,46,61,71,76,77,79,80
56125;16.09.2026 17:27;6,8,14,17,19,21,26,27,31,32,38,45,49,55,56,59,63,68,71,72
56126;16.09.2026 17:32;2,6,10,14,17,25,29,31,38,46,48,50,51,55,60,68,72,75,78,79
56127;16.09.2026 17:37;4,6,12,28,31,33,34,37,38,41,43,50,55,60,64,66,69,74,75,78
56128;16.09.2026 17:42;2,4,7,12,17,18,27,28,30,35,44,46,47,52,55,58,68,70,72,77
56129;16.09.2026 17:47;4,5,7,8,10,18,19,20,34,35,43,45,47,48,56,60,63,64,70,76
56130;16.09.2026 17:52;5,6,7,14,15,21,26,28,32,38,45,50,51,60,61,63,65,67,74,80
56131;16.09.2026 17:57;3,14,24,38,48,51,52,54,60,61,62,65,68,69,71,73,75,77,78,79
56132;16.09.2026 18:02;11,19,20,22,25,28,29,30,31,39,42,49,52,56,58,64,67,71,74,80
56133;16.09.2026 18:07;1,6,8,9,11,17,23,32,42,43,47,51,53,57,58,61,64,66,68,74
56134;16.09.2026 18:12;14,16,17,18,19,24,25,26,38,42,50,52,53,61,67,71,73,74,75,76
56135;16.09.2026 18:17;2,3,13,15,27,28,33,34,35,36,41,46,52,58,62,63,67,68,72,79
56136;16.09.2026 18:22;1,8,10,12,15,21,29,30,34,38,44,50,51,54,56,60,61,66,75,77
56137;16.09.2026 18:27;2,6,10,11,17,18,19,21,27,30,34,35,37,48,51,54,59,63,72,74
56138;16.09.2026 18:32;7,8,10,17,20,26,34,36,41,42,44,53,58,63,65,68,69,77,78,80
56139;16.09.2026 18:37;2,5,7,13,22,26,30,34,39,44,60,63,66,67,68,70,73,74,76,78
56140;16.09.2026 18:42;8,9,16,18,21,24,25,28,29,31,34,38,42,43,45,53,56,58,67,76
56141;16.09.2026 18:47;1,6,8,23,25,26,28,34,41,44,46,56,65,67,69,71,72,77,78,80
56142;16.09.2026 18:52;15,17,18,19,28,30,32,35,36,40,43,45,51,58,59,60,61,62,64,70
56143;16.09.2026 18:57;4,7,10,17,25,33,36,40,41,42,44,48,52,53,55,60,62,75,76,80
56144;16.09.2026 19:02;6,10,16,19,22,26,32,42,43,49,52,56,57,58,59,64,68,69,73,75
56145;16.09.2026 19:07;3,9,12,13,18,26,37,41,45,47,48,53,58,63,67,68,71,73,75,77
56146;16.09.2026 19:12;1,9,10,13,16,18,21,25,28,47,54,56,58,60,62,68,73,75,76,77
56147;16.09.2026 19:17;8,13,15,16,18,21,25,31,34,38,44,47,54,57,63,64,68,72,73,78
56148;16.09.2026 19:22;11,14,23,24,25,30,32,33,35,39,40,41,45,48,64,66,70,71,74,75
56149;16.09.2026 19:27;4,7,12,15,20,21,28,32,33,41,42,47,48,52,68,69,70,74,76,77
56150;16.09.2026 19:32;1,7,9,11,19,24,29,31,33,37,42,49,53,57,58,61,62,72,75,76
56151;16.09.2026 19:37;1,9,11,13,17,20,24,36,40,42,47,48,50,54,62,66,67,74,75,77
56152;16.09.2026 19:42;1,4,9,10,11,12,14,16,17,27,28,36,42,44,53,62,65,70,72,74
56153;16.09.2026 19:47;2,6,13,14,17,18,25,28,38,39,46,48,51,54,59,61,62,67,75,77
56154;16.09.2026 19:52;5,8,9,13,16,21,28,30,42,43,45,53,56,62,66,71,74,75,78,79
56155;16.09.2026 19:57;1,3,26,27,28,36,41,47,49,50,52,56,57,58,61,65,71,73,75,80
56156;16.09.2026 20:02;1,4,7,11,14,17,28,29,35,37,38,42,43,45,46,57,58,63,77,79
56157;16.09.2026 20:07;8,13,17,22,24,30,33,43,45,48,55,57,63,67,69,72,73,74,78,79
56158;16.09.2026 20:12;1,3,9,15,23,24,34,37,40,44,46,54,55,58,60,61,72,76,79,80
56159;16.09.2026 20:17;1,5,8,9,11,14,17,20,33,41,47,53,54,56,58,60,63,65,73,74
56160;16.09.2026 20:22;8,11,15,20,23,28,29,31,33,37,43,44,47,51,57,64,65,70,72,75
56161;16.09.2026 20:27;6,7,10,16,17,26,27,28,31,32,35,41,43,52,59,65,67,72,75,80
56162;16.09.2026 20:32;3,4,10,11,15,16,17,24,29,32,33,34,40,44,46,50,60,65,67,68
56163;16.09.2026 20:37;2,4,7,8,13,17,21,42,45,49,50,55,56,68,70,71,73,74,75,79
56164;16.09.2026 20:42;3,6,11,15,25,26,30,31,33,49,50,51,53,56,58,60,64,68,75,78
56165;16.09.2026 20:47;10,13,17,19,26,29,37,41,46,49,50,52,53,55,59,62,63,64,66,71
56166;16.09.2026 20:52;13,19,20,25,27,29,34,43,44,49,50,55,56,57,64,66,67,68,70,75
56167;16.09.2026 20:57;1,4,5,6,9,10,12,13,20,21,23,28,31,33,35,42,52,56,78,80
56168;16.09.2026 21:02;10,16,20,22,26,27,30,36,37,40,46,50,55,57,58,61,69,70,76,77
56169;16.09.2026 21:07;5,9,11,14,20,24,30,34,35,38,40,45,51,52,55,60,71,73,74,78
56170;16.09.2026 21:12;7,9,10,13,14,26,34,39,40,44,46,50,51,55,59,65,69,72,77,78
56171;16.09.2026 21:17;2,9,12,17,18,19,20,33,34,42,46,47,51,56,57,62,70,71,79,80
56172;16.09.2026 21:22;4,18,20,22,29,33,35,36,42,44,47,52,53,56,57,65,67,68,70,79
56173;16.09.2026 21:27;3,9,14,15,17,25,36,41,43,45,55,56,60,61,65,66,73,74,77,78
56174;16.09.2026 21:32;1,2,12,14,15,21,23,32,33,39,40,46,53,56,58,59,64,68,75,77
56175;16.09.2026 21:37;5,9,18,19,20,30,31,32,33,48,49,52,54,56,59,65,69,76,77,78
56176;16.09.2026 21:42;7,12,14,18,19,20,27,28,31,33,42,44,55,58,59,61,63,66,70,76
56177;16.09.2026 21:47;3,4,7,8,17,18,19,24,25,36,38,42,50,51,53,56,66,68,77,78
56178;16.09.2026 21:52;2,7,12,26,27,28,29,30,34,42,45,46,48,50,51,52,58,60,74,78
56179;16.09.2026 21:57;1,5,6,15,17,18,21,26,31,38,40,51,57,58,60,62,66,69,70,75
56180;16.09.2026 22:02;9,12,15,22,25,27,28,31,35,39,41,47,57,59,61,63,67,70,75,80
56181;16.09.2026 22:07;1,2,3,5,21,24,29,33,34,36,41,45,53,61,62,63,67,70,71,72
56182;16.09.2026 22:12;1,3,4,11,12,16,17,23,24,28,34,38,40,42,44,47,50,51,54,56
56183;16.09.2026 22:17;1,2,5,13,17,23,25,30,33,34,36,38,42,49,59,60,64,66,71,74
56184;16.09.2026 22:22;8,11,12,14,25,26,32,35,40,59,60,61,65,66,69,70,72,75,79,80
56185;16.09.2026 22:27;8,12,17,23,26,30,32,34,39,41,42,43,45,47,49,52,59,60,62,69
56186;16.09.2026 22:32;2,7,9,11,14,20,23,25,30,32,37,42,43,45,51,56,57,72,75,76
56187;16.09.2026 22:37;14,16,18,20,21,22,23,27,29,35,36,41,46,52,56,59,64,71,72,79
56188;16.09.2026 22:42;4,6,7,9,10,20,21,23,28,31,37,49,56,57,58,62,63,70,75,79
56189;16.09.2026 22:47;5,10,11,15,17,29,32,33,36,37,41,47,48,52,57,59,60,68,69,77
56190;16.09.2026 22:52;1,3,16,19,20,23,30,32,34,36,39,40,41,45,48,51,52,57,72,73
56191;16.09.2026 22:57;3,6,11,15,17,20,23,24,31,34,39,45,59,61,62,63,65,73,74,75
56192;16.09.2026 23:02;1,3,9,10,12,20,21,22,30,34,43,47,49,52,61,64,65,68,72,73
56193;16.09.2026 23:07;1,3,4,5,6,10,14,17,20,23,25,31,32,33,54,58,62,73,75,77
56194;16.09.2026 23:12;4,5,9,19,21,22,25,28,29,31,37,43,45,52,57,63,65,69,72,76
56195;16.09.2026 23:17;4,5,8,17,20,22,23,24,27,30,40,41,43,49,51,57,63,64,74,76
56196;16.09.2026 23:22;1,3,15,16,23,24,26,27,35,36,39,41,48,50,51,52,54,55,64,76
56197;16.09.2026 23:27;2,4,8,12,13,16,17,22,30,32,41,42,46,52,54,58,59,71,73,80
56198;16.09.2026 23:32;3,4,10,13,15,17,18,25,26,31,37,42,47,51,53,54,61,69,72,74
56199;16.09.2026 23:37;1,3,8,11,17,24,28,30,33,34,42,47,54,56,58,61,70,72,74,78
56200;16.09.2026 23:42;5,10,14,17,22,24,28,29,31,33,36,46,47,50,53,64,71,76,79,80
56201;16.09.2026 23:47;5,7,13,15,17,18,24,34,39,49,51,56,58,60,68,69,71,72,74,80
56202;16.09.2026 23:52;9,10,11,15,20,24,34,39,44,47,49,50,53,54,60,64,69,76,77,80
56203;16.09.2026 23:57;1,6,10,18,19,24,29,32,42,46,49,52,54,58,61,64,67,74,75,78

===== 17.09.2026 | 217 ÇEKİLİŞ =====
56204;17.09.2026 00:02;3,5,13,14,15,19,21,24,25,26,27,32,36,46,55,62,64,65,75,78
56205;17.09.2026 00:07;1,2,7,10,12,16,19,25,31,32,33,34,36,38,44,48,61,70,72,73
56206;17.09.2026 00:12;4,9,17,19,32,35,38,39,43,44,46,56,57,58,63,66,69,72,76,79
56207;17.09.2026 00:17;1,4,5,16,25,36,39,43,44,45,46,49,51,53,54,56,61,62,63,64
56208;17.09.2026 00:22;1,4,17,21,30,32,36,38,41,44,46,57,61,62,64,65,66,70,73,79
56209;17.09.2026 00:27;10,19,24,25,41,42,46,49,50,52,57,60,61,64,66,68,70,78,79,80
56210;17.09.2026 00:32;6,9,11,14,15,18,20,27,29,30,38,40,44,50,53,55,59,65,66,72
56211;17.09.2026 00:37;1,5,8,13,14,19,22,29,34,39,48,49,50,53,54,64,66,74,77,78
56212;17.09.2026 00:42;2,3,8,15,18,26,33,35,37,38,44,49,50,58,65,66,70,73,74,80
56213;17.09.2026 00:47;1,5,8,13,14,19,22,25,33,38,43,52,55,58,68,70,71,73,77,78
56214;17.09.2026 00:52;1,2,5,7,9,10,12,14,23,25,26,30,35,37,50,53,55,56,78,79
56215;17.09.2026 00:57;2,3,4,11,13,19,25,33,40,43,44,47,52,54,61,64,66,69,71,75
56216;17.09.2026 01:02;8,16,19,22,26,29,30,34,35,36,47,48,52,58,60,63,65,67,72,75
56217;17.09.2026 07:02;2,4,10,16,21,23,24,28,29,40,44,47,50,51,53,56,61,69,72,73
56218;17.09.2026 07:07;8,10,14,25,28,29,36,45,53,54,55,59,69,70,71,72,73,75,77,80
56219;17.09.2026 07:12;3,8,11,15,23,25,33,34,39,44,46,47,54,56,57,58,63,69,72,76
56220;17.09.2026 07:17;1,3,9,13,15,18,31,32,35,36,37,42,52,59,63,64,65,67,68,75
56221;17.09.2026 07:22;1,2,6,11,14,15,23,28,33,34,42,46,47,50,54,58,60,61,64,70
56222;17.09.2026 07:27;3,7,8,9,13,15,25,29,31,41,46,48,54,55,56,58,62,74,78,79
56223;17.09.2026 07:32;3,4,5,6,9,12,14,17,19,22,23,34,46,48,49,51,61,66,68,73
56224;17.09.2026 07:37;8,11,12,13,17,19,20,23,29,35,36,37,39,42,50,53,55,56,57,59
56225;17.09.2026 07:42;4,5,9,12,17,18,20,22,23,26,28,37,41,48,54,56,64,70,74,76
56226;17.09.2026 07:47;2,4,7,8,9,22,30,35,43,44,45,47,53,55,61,62,64,65,70,79
56227;17.09.2026 07:52;1,4,12,19,20,22,25,27,30,45,48,49,55,58,61,63,66,75,77,78
56228;17.09.2026 07:57;3,8,12,13,18,19,20,23,31,40,44,47,49,52,53,57,60,62,66,79
56229;17.09.2026 08:02;6,8,9,11,23,24,25,30,35,38,39,40,41,42,52,54,59,62,63,66
56230;17.09.2026 08:07;3,14,16,18,22,27,32,33,34,38,44,47,48,54,55,63,64,65,72,79
56231;17.09.2026 08:12;6,11,16,18,19,25,27,28,34,35,40,41,44,47,51,52,54,55,57,59
56232;17.09.2026 08:17;8,17,20,25,27,28,34,40,45,50,53,54,55,56,66,68,74,77,78,80
56233;17.09.2026 08:22;3,5,6,8,9,12,14,15,23,30,31,34,35,36,45,53,55,64,67,77
56234;17.09.2026 08:27;9,16,17,19,22,29,30,31,39,42,44,46,54,56,58,65,71,72,73,76
56235;17.09.2026 08:32;1,3,7,9,12,25,26,31,41,43,48,51,55,57,62,65,69,70,75,78
56236;17.09.2026 08:37;6,7,12,15,20,24,26,27,31,34,42,51,57,61,63,66,74,76,77,80
56237;17.09.2026 08:42;7,10,12,13,14,18,21,23,28,31,32,33,36,44,46,52,59,65,68,79
56238;17.09.2026 08:47;2,3,4,6,10,11,17,23,25,29,30,34,43,46,49,56,57,66,67,80
56239;17.09.2026 08:52;4,9,17,22,28,29,30,39,44,45,48,51,52,53,57,67,68,69,70,71
56240;17.09.2026 08:57;2,6,8,11,15,24,28,29,31,33,35,39,43,45,49,50,54,56,70,80
56241;17.09.2026 09:02;6,7,18,20,21,22,31,33,41,43,46,51,54,55,59,63,66,71,72,80
56242;17.09.2026 09:07;1,6,7,14,19,21,22,31,39,45,46,48,49,50,54,57,61,62,65,80
56243;17.09.2026 09:12;2,3,6,7,8,12,17,22,25,28,29,32,36,45,46,55,60,72,73,79
56244;17.09.2026 09:17;2,6,8,9,16,25,31,36,38,42,44,51,52,55,58,68,69,72,77,80
56245;17.09.2026 09:22;6,10,11,12,17,19,20,21,24,25,30,35,46,49,53,60,63,66,71,80
56246;17.09.2026 09:27;2,3,8,9,12,14,16,18,19,23,25,27,28,31,38,44,45,60,62,70
56247;17.09.2026 09:32;10,13,14,15,17,18,23,29,31,42,48,50,51,52,53,57,59,61,68,77
56248;17.09.2026 09:37;4,8,11,13,16,18,24,25,28,39,40,47,49,57,59,63,68,72,75,80
56249;17.09.2026 09:42;2,5,7,8,10,13,15,21,27,35,39,41,44,46,48,49,52,64,72,80
56250;17.09.2026 09:47;1,9,22,24,25,29,33,35,39,44,47,48,49,52,53,57,60,67,70,72
56251;17.09.2026 09:52;5,6,7,32,34,36,37,38,39,40,41,44,49,51,62,66,71,75,77,79
56252;17.09.2026 09:57;1,2,8,9,16,19,22,33,39,41,43,48,50,59,64,72,73,74,77,79
56253;17.09.2026 10:02;2,5,14,19,24,27,39,43,44,45,47,50,53,55,61,68,72,75,77,80
56254;17.09.2026 10:07;2,5,9,18,19,22,28,30,38,39,42,43,46,50,57,60,65,68,77,78
56255;17.09.2026 10:12;6,9,13,14,15,20,31,33,34,43,44,47,49,51,61,64,66,70,72,77
56256;17.09.2026 10:17;2,13,16,18,19,26,33,34,39,42,52,55,58,62,66,67,69,73,74,77
56257;17.09.2026 10:22;1,4,9,11,18,22,24,28,33,35,39,47,48,62,64,66,72,73,78,80
56258;17.09.2026 10:27;4,6,12,13,14,23,25,29,31,37,38,44,47,49,51,55,62,63,70,80
56259;17.09.2026 10:32;6,10,12,14,15,17,19,26,29,30,41,45,50,51,52,64,66,69,70,74
56260;17.09.2026 10:37;2,7,18,22,24,34,36,37,38,47,50,55,60,61,62,64,70,74,76,77
56261;17.09.2026 10:42;13,14,16,20,24,26,27,33,38,41,51,52,53,54,55,56,60,73,77,78
56262;17.09.2026 10:47;4,9,10,11,15,16,19,20,36,38,39,40,43,47,49,53,62,65,68,69
56263;17.09.2026 10:52;2,7,12,13,19,20,22,24,28,30,31,35,42,44,51,55,57,60,62,76
56264;17.09.2026 10:57;2,4,8,11,18,22,23,29,39,44,48,52,62,65,67,68,69,70,75,80
56265;17.09.2026 11:02;2,3,8,9,11,12,13,16,19,21,24,29,31,32,33,41,49,70,74,79
56266;17.09.2026 11:07;1,2,5,15,16,17,18,23,29,35,37,42,43,45,47,49,60,68,72,76
56267;17.09.2026 11:12;1,7,10,11,12,17,20,21,28,35,39,40,46,51,55,57,61,69,72,77
56268;17.09.2026 11:17;3,4,7,13,29,30,33,34,39,45,52,56,60,61,63,67,70,73,76,78
56269;17.09.2026 11:22;3,4,8,9,21,22,23,25,28,29,43,52,53,56,59,60,62,68,69,73
56270;17.09.2026 11:27;3,5,6,11,14,22,24,31,42,48,51,53,56,57,59,66,68,69,70,71
56271;17.09.2026 11:32;4,13,19,24,30,31,35,47,50,51,52,54,58,59,62,66,70,73,75,79
56272;17.09.2026 11:37;1,2,10,14,21,22,23,29,31,37,41,48,51,52,56,58,61,64,70,78
56273;17.09.2026 11:42;3,4,5,15,22,31,32,34,47,51,54,56,63,65,66,71,73,76,77,80
56274;17.09.2026 11:47;1,3,5,9,12,13,17,21,30,34,36,38,44,46,47,56,61,65,78,79
56275;17.09.2026 11:52;3,5,11,16,19,20,27,32,34,36,46,49,52,54,61,64,66,74,77,78
56276;17.09.2026 11:57;7,17,19,22,26,33,36,40,42,48,49,54,56,58,60,63,67,73,75,79
56277;17.09.2026 12:02;5,14,16,21,22,23,25,30,31,36,37,45,47,48,53,59,60,62,64,69
56278;17.09.2026 12:07;9,15,17,20,22,23,29,35,36,37,38,40,42,52,53,55,61,69,74,77
56279;17.09.2026 12:12;8,9,12,18,19,30,32,35,42,43,44,45,49,54,58,59,61,67,76,80
56280;17.09.2026 12:17;1,7,8,16,23,27,35,37,40,41,44,48,52,53,55,58,59,71,73,75
56281;17.09.2026 12:22;2,3,11,15,16,17,18,21,24,31,32,40,46,47,52,57,65,67,69,72
56282;17.09.2026 12:27;2,3,5,11,12,18,22,26,27,28,32,42,50,53,61,62,68,71,78,80
56283;17.09.2026 12:32;3,4,5,10,19,21,24,36,38,39,46,51,56,57,63,65,66,69,77,80
56284;17.09.2026 12:37;9,10,19,21,22,23,25,28,29,36,39,42,45,48,50,53,57,59,63,76
56285;17.09.2026 12:42;4,8,10,13,19,24,25,28,29,32,40,44,46,49,61,70,72,74,75,80
56286;17.09.2026 12:47;1,3,13,19,30,31,32,33,35,39,40,41,56,59,64,65,68,71,75,78
56287;17.09.2026 12:52;3,10,11,14,17,19,26,37,38,41,42,43,44,45,49,61,62,65,66,75
56288;17.09.2026 12:57;1,3,4,6,8,24,25,30,33,39,40,42,50,51,60,61,67,73,74,76
56289;17.09.2026 13:02;1,3,4,8,12,15,19,21,24,25,29,37,39,50,59,62,66,67,71,79
56290;17.09.2026 13:07;1,4,5,10,13,15,34,37,44,46,48,51,52,58,60,64,68,69,72,75
56291;17.09.2026 13:12;1,5,6,17,19,27,29,30,33,34,36,40,41,44,50,56,62,77,79,80
56292;17.09.2026 13:17;9,12,19,20,22,24,30,31,37,39,41,42,49,57,59,64,72,73,78,79
56293;17.09.2026 13:22;6,7,14,15,18,20,26,27,29,30,40,42,44,47,52,54,59,62,76,80
56294;17.09.2026 13:27;1,3,7,13,15,20,28,30,33,39,42,47,50,54,58,62,64,75,78,79
56295;17.09.2026 13:32;1,8,9,12,13,17,19,24,29,30,32,33,34,37,42,47,58,61,64,72
56296;17.09.2026 13:37;5,7,13,16,17,25,28,29,30,31,47,50,54,63,72,73,74,76,78,79
56297;17.09.2026 13:42;1,2,4,9,23,26,30,31,33,34,37,40,49,50,52,54,59,63,69,78
56298;17.09.2026 13:47;4,8,10,13,15,19,22,32,33,43,47,48,51,53,57,60,66,73,75,77
56299;17.09.2026 13:52;8,9,12,14,22,28,31,39,42,45,48,49,54,60,67,68,71,74,77,80
56300;17.09.2026 13:57;7,13,14,16,17,24,26,28,29,33,42,46,48,55,59,64,67,69,79,80
56301;17.09.2026 14:02;1,2,6,8,13,14,23,25,27,30,34,41,45,50,51,62,71,73,74,80
56302;17.09.2026 14:07;3,9,12,13,14,15,31,32,35,38,39,40,42,57,58,59,61,67,68,69
56303;17.09.2026 14:12;1,7,19,20,23,29,34,36,40,41,48,50,53,59,62,67,68,71,78,79
56304;17.09.2026 14:17;8,14,15,16,17,19,23,32,34,40,44,48,50,52,56,60,62,67,71,73
56305;17.09.2026 14:22;3,6,7,8,11,13,19,32,42,43,54,58,59,63,65,69,71,73,79,80
56306;17.09.2026 14:27;3,5,7,10,12,21,26,29,33,35,44,45,51,54,57,63,66,74,75,80
56307;17.09.2026 14:32;5,10,15,21,22,27,28,32,38,45,47,48,51,52,58,63,64,75,78,79
56308;17.09.2026 14:37;6,12,18,20,21,23,26,28,31,35,43,44,48,53,58,65,69,75,76,77
56309;17.09.2026 14:42;1,4,9,15,17,18,19,24,32,35,39,40,41,44,47,50,54,57,65,66
56310;17.09.2026 14:47;1,2,9,11,15,21,27,30,34,36,46,47,48,51,57,64,65,69,70,72
56311;17.09.2026 14:52;3,4,5,10,16,17,18,32,33,36,41,46,52,58,59,61,67,72,74,79
56312;17.09.2026 14:57;1,4,5,15,17,24,31,35,36,40,42,44,52,55,67,68,69,70,78,80
56313;17.09.2026 15:02;5,8,10,12,14,16,19,20,24,33,40,43,49,50,55,57,68,71,74,78
56314;17.09.2026 15:07;3,7,8,10,15,16,18,22,27,29,33,39,42,43,47,62,64,68,69,72
56315;17.09.2026 15:12;1,2,17,18,22,24,26,31,34,41,42,47,48,58,63,64,66,67,71,80
56316;17.09.2026 15:17;3,4,12,15,16,21,22,26,27,34,53,56,57,58,62,67,69,74,79,80
56317;17.09.2026 15:22;1,5,6,7,9,12,14,18,26,27,40,45,47,48,55,60,65,68,69,73
56318;17.09.2026 15:27;2,3,7,9,11,15,20,28,32,34,35,39,41,49,57,62,68,70,73,76
56319;17.09.2026 15:32;7,12,17,21,25,28,29,30,35,39,40,41,49,54,57,62,67,73,74,76
56320;17.09.2026 15:37;1,4,10,15,17,20,21,23,24,26,30,35,41,49,52,54,62,63,78,80
56321;17.09.2026 15:42;1,5,8,12,13,14,20,30,32,48,52,54,56,58,59,61,65,74,76,77
56322;17.09.2026 15:47;10,14,15,20,28,35,39,41,42,44,52,53,54,61,63,66,69,70,73,76
56323;17.09.2026 15:52;10,14,16,18,22,26,28,29,30,33,36,41,43,44,52,53,56,59,62,77
56324;17.09.2026 15:57;3,10,15,20,24,26,27,34,38,47,50,51,52,53,55,66,67,70,71,75
56325;17.09.2026 16:02;1,6,7,15,19,21,22,26,28,30,33,34,44,45,59,60,64,67,69,78
56326;17.09.2026 16:07;4,8,11,12,26,27,32,35,36,41,45,49,51,55,58,62,64,66,68,75
56327;17.09.2026 16:12;2,12,14,15,16,19,25,41,44,46,50,52,55,57,58,61,62,73,76,78
56328;17.09.2026 16:17;6,17,20,21,23,29,32,37,38,39,43,45,46,48,54,56,58,73,75,78
56329;17.09.2026 16:22;8,9,10,11,12,18,19,33,36,38,40,58,60,61,63,64,65,73,75,78
56330;17.09.2026 16:27;1,16,19,20,22,34,37,39,40,41,44,47,48,51,56,57,62,75,76,77
56331;17.09.2026 16:32;11,12,17,23,26,28,31,38,44,47,54,55,57,62,63,64,66,67,72,79
56332;17.09.2026 16:37;5,7,8,22,25,29,31,47,48,49,51,55,56,58,60,73,74,77,79,80
56333;17.09.2026 16:42;4,6,11,17,19,22,25,35,37,42,50,54,56,60,65,69,72,74,75,76
56334;17.09.2026 16:47;3,10,13,16,22,23,26,31,32,36,38,42,43,50,51,55,56,60,68,73
56335;17.09.2026 16:52;4,6,8,9,10,21,23,32,38,40,41,47,60,64,66,67,69,71,74,76
56336;17.09.2026 16:57;1,5,11,13,16,23,25,31,37,43,44,46,49,53,56,59,64,75,78,80
56337;17.09.2026 17:02;1,3,8,14,15,18,21,23,24,27,31,35,38,40,41,46,51,67,69,70
56338;17.09.2026 17:07;5,13,19,21,22,26,27,28,32,37,44,47,55,56,58,67,70,74,76,80
56339;17.09.2026 17:12;3,5,12,16,21,23,24,27,32,34,36,45,49,52,57,62,64,70,71,78
56340;17.09.2026 17:17;6,7,9,14,16,18,26,30,38,40,41,44,49,51,52,54,59,70,72,77
56341;17.09.2026 17:22;2,9,14,18,20,23,28,30,32,35,43,45,48,50,52,53,55,68,70,72
56342;17.09.2026 17:27;7,19,21,22,23,24,26,27,32,37,39,49,64,67,69,71,74,75,76,80
56343;17.09.2026 17:32;6,10,11,16,19,21,25,29,30,32,34,36,42,48,53,54,55,63,76,80
56344;17.09.2026 17:37;9,13,18,20,23,27,28,30,40,41,45,46,60,64,65,67,71,73,75,76
56345;17.09.2026 17:42;4,8,10,12,16,29,34,35,42,45,51,56,58,60,61,64,68,69,71,77
56346;17.09.2026 17:47;3,4,8,13,14,19,20,32,34,35,38,40,43,51,52,54,58,59,68,74
56347;17.09.2026 17:52;5,6,11,20,23,28,31,33,34,42,45,55,56,60,63,65,70,71,75,80
56348;17.09.2026 17:57;5,7,9,12,21,23,33,37,40,42,43,49,50,54,56,57,59,62,70,76
56349;17.09.2026 18:02;2,5,7,9,24,31,36,54,58,59,62,64,65,67,68,70,71,74,75,79
56350;17.09.2026 18:07;1,5,8,9,10,12,14,21,25,27,28,36,50,59,61,65,66,67,70,71
56351;17.09.2026 18:12;2,7,10,12,22,30,36,38,39,44,47,48,51,54,56,65,66,67,73,80
56352;17.09.2026 18:17;2,3,5,7,8,14,24,30,37,38,41,45,50,59,63,64,66,68,69,72
56353;17.09.2026 18:22;8,9,22,26,28,29,36,37,47,49,52,54,59,63,68,73,74,76,78,80
56354;17.09.2026 18:27;4,5,10,12,14,16,20,24,28,45,47,50,51,58,60,64,69,73,75,80
56355;17.09.2026 18:32;1,2,6,8,19,26,30,34,38,44,47,50,59,62,64,67,69,71,76,77
56356;17.09.2026 18:37;1,2,3,6,15,18,19,27,29,34,37,39,40,41,43,52,56,61,69,80
56357;17.09.2026 18:42;6,9,15,21,24,25,30,31,32,33,35,39,48,50,53,55,57,74,75,77
56358;17.09.2026 18:47;4,16,22,24,28,29,32,36,41,42,43,46,55,59,65,66,71,72,79,80
56359;17.09.2026 18:52;2,3,4,11,13,16,18,19,20,21,29,32,34,53,70,71,72,75,78,80
56360;17.09.2026 18:57;1,12,21,26,28,29,32,33,34,38,40,41,46,48,52,54,64,69,72,75
56361;17.09.2026 19:02;2,9,16,22,23,31,34,40,44,45,47,48,51,59,60,64,68,69,71,77
56362;17.09.2026 19:07;4,6,11,14,15,24,26,35,37,38,40,42,44,49,55,56,58,73,74,80
56363;17.09.2026 19:12;2,3,8,16,18,20,21,27,31,35,40,41,43,52,54,55,61,67,73,80
56364;17.09.2026 19:17;2,3,5,14,30,32,34,35,38,53,54,55,59,60,61,65,66,68,76,80
56365;17.09.2026 19:22;5,10,12,13,15,20,28,29,30,32,36,37,49,51,59,62,65,69,71,75
56366;17.09.2026 19:27;2,3,5,14,17,29,30,34,36,40,43,45,46,49,51,61,70,73,76,77
56367;17.09.2026 19:32;1,3,5,15,17,19,25,29,30,31,37,42,45,58,59,68,69,70,74,80
56368;17.09.2026 19:37;4,13,18,19,20,23,30,38,55,57,60,61,63,67,68,70,74,77,78,79
56369;17.09.2026 19:42;7,10,13,15,18,20,21,22,29,33,44,48,49,50,56,59,60,63,74,79
56370;17.09.2026 19:47;7,9,10,14,17,20,23,24,26,32,36,37,42,52,55,59,62,63,64,74
56371;17.09.2026 19:52;5,13,17,20,22,27,31,35,37,44,51,55,59,60,62,65,68,69,74,75
56372;17.09.2026 19:57;6,10,13,15,21,23,24,31,34,35,36,37,38,40,44,55,61,62,64,71
56373;17.09.2026 20:02;5,7,18,24,27,28,47,49,51,53,55,59,61,64,68,70,73,75,76,77
56374;17.09.2026 20:07;3,6,8,20,22,23,24,30,33,35,50,52,54,56,61,69,71,74,76,79
56375;17.09.2026 20:12;2,3,14,19,24,28,33,34,35,41,45,47,48,49,52,53,56,72,75,79
56376;17.09.2026 20:17;2,4,7,19,20,25,31,37,40,43,48,50,52,55,59,62,71,74,78,80
56377;17.09.2026 20:22;2,5,6,10,14,15,23,25,27,39,49,53,54,56,59,70,74,76,78,80
56378;17.09.2026 20:27;3,5,9,12,21,23,26,27,33,35,37,39,43,45,47,51,54,64,65,71
56379;17.09.2026 20:32;7,14,17,19,25,32,34,40,41,46,48,51,52,59,64,65,68,70,73,78
56380;17.09.2026 20:37;1,2,9,11,18,24,26,32,33,34,35,37,39,41,44,46,52,59,64,80
56381;17.09.2026 20:42;2,10,11,12,17,20,27,30,31,34,35,38,39,40,42,63,64,67,73,80
56382;17.09.2026 20:47;4,6,14,15,21,22,24,31,35,39,48,56,58,60,66,67,70,71,74,80
56383;17.09.2026 20:52;24,25,28,32,34,36,38,39,40,42,45,51,52,53,55,57,63,69,74,79
56384;17.09.2026 20:57;6,8,9,14,15,16,19,22,24,25,33,34,46,50,65,67,71,73,74,79
56385;17.09.2026 21:02;4,8,9,23,24,25,26,29,31,32,39,50,55,59,60,64,67,75,76,80
56386;17.09.2026 21:07;4,6,10,11,12,15,24,28,40,45,48,50,52,56,57,58,59,63,67,76
56387;17.09.2026 21:12;2,3,13,15,16,17,29,30,35,38,51,57,59,60,61,68,72,76,78,80
56388;17.09.2026 21:17;3,7,10,11,13,14,15,16,27,33,34,37,39,40,42,57,69,71,72,79
56389;17.09.2026 21:22;12,20,21,22,23,29,34,41,42,43,44,45,51,56,59,63,64,68,74,77
56390;17.09.2026 21:27;3,8,9,11,13,15,17,20,22,25,36,38,46,50,51,62,66,67,77,78
56391;17.09.2026 21:32;5,10,12,18,19,21,22,23,25,27,29,43,45,53,54,56,63,68,70,74
56392;17.09.2026 21:37;3,5,9,19,21,22,23,24,26,28,36,38,39,41,49,52,53,58,64,77
56393;17.09.2026 21:42;1,10,13,22,34,39,47,48,49,57,59,60,62,65,71,72,76,77,79,80
56394;17.09.2026 21:47;1,5,8,10,11,18,20,32,38,39,42,45,47,50,56,59,65,74,75,77
56395;17.09.2026 21:52;6,8,12,14,15,25,26,28,37,44,45,50,52,62,63,64,65,67,77,80
56396;17.09.2026 21:57;4,10,14,18,25,27,29,30,31,32,33,34,40,49,50,51,59,69,72,76
56397;17.09.2026 22:02;1,7,17,20,22,25,26,34,35,36,39,41,43,50,56,58,60,67,71,75
56398;17.09.2026 22:07;4,8,9,14,21,25,31,35,38,46,52,53,54,56,59,60,68,71,75,76
56399;17.09.2026 22:12;7,8,18,21,24,26,30,31,33,39,43,46,49,52,53,56,58,61,62,74
56400;17.09.2026 22:17;1,4,7,14,15,18,19,20,21,33,41,47,49,50,53,57,67,70,71,79
56401;17.09.2026 22:22;6,8,10,11,12,13,16,20,31,33,34,41,43,52,56,69,73,75,78,79
56402;17.09.2026 22:27;2,3,4,5,8,15,16,17,26,30,32,37,44,46,54,59,60,75,78,80
56403;17.09.2026 22:32;1,5,13,18,25,34,35,36,38,39,40,44,47,60,67,68,73,74,75,80
56404;17.09.2026 22:37;5,7,14,22,24,33,37,41,43,46,48,52,56,58,59,66,68,70,73,78
56405;17.09.2026 22:42;1,3,4,9,14,15,16,21,28,35,37,39,44,45,57,63,67,72,73,79
56406;17.09.2026 22:47;4,12,13,15,18,23,27,28,36,38,40,42,44,46,48,49,57,73,74,80
56407;17.09.2026 22:52;8,9,19,25,32,38,39,41,46,47,48,49,50,52,55,58,64,65,68,73
56408;17.09.2026 22:57;8,14,19,26,27,30,32,34,35,37,42,43,48,51,63,70,75,77,78,80
56409;17.09.2026 23:02;5,13,20,21,22,32,37,44,45,46,48,49,52,57,63,64,72,77,79,80
56410;17.09.2026 23:07;2,9,19,20,22,35,39,44,48,54,56,57,61,64,68,69,71,73,77,78
56411;17.09.2026 23:12;3,11,14,19,20,25,28,32,39,41,46,51,54,55,61,65,66,74,75,79
56412;17.09.2026 23:17;5,6,7,18,19,20,24,25,29,31,39,41,43,51,60,62,63,64,70,80
56413;17.09.2026 23:22;7,20,25,32,34,35,37,39,42,43,44,47,51,52,59,65,66,67,69,75
56414;17.09.2026 23:27;3,7,13,27,28,29,31,35,38,39,46,48,50,54,62,68,69,70,73,77
56415;17.09.2026 23:32;3,11,15,18,19,20,21,23,28,29,33,39,42,46,47,51,61,67,68,75
56416;17.09.2026 23:37;1,13,14,17,23,28,31,35,44,49,51,52,54,55,65,68,71,74,76,77
56417;17.09.2026 23:42;2,5,11,15,24,29,32,34,48,53,55,62,64,67,70,73,74,76,78,79
56418;17.09.2026 23:47;2,6,7,13,16,21,25,26,32,35,41,45,49,56,65,67,68,75,76,78
56419;17.09.2026 23:52;1,5,13,14,18,26,27,35,40,42,53,55,57,59,60,61,70,74,75,79
56420;17.09.2026 23:57;1,10,12,13,28,32,33,35,38,42,44,45,50,53,62,63,66,67,70,71

===== 18.09.2026 | 217 ÇEKİLİŞ =====
56421;18.09.2026 00:02;3,4,6,8,11,14,23,24,27,31,34,41,50,55,58,62,66,67,73,75
56422;18.09.2026 00:07;3,6,10,15,16,23,25,27,29,30,37,38,42,49,52,54,58,66,67,77
56423;18.09.2026 00:12;2,5,24,29,30,35,36,38,39,45,48,51,56,58,63,66,69,76,77,79
56424;18.09.2026 00:17;1,10,13,18,25,29,33,36,37,39,54,55,58,59,63,64,65,69,73,77
56425;18.09.2026 00:22;2,5,10,11,12,14,23,30,38,47,48,53,54,61,62,65,66,67,72,75
56426;18.09.2026 00:27;4,5,7,8,15,20,22,29,30,44,46,52,54,56,60,63,69,71,73,74
56427;18.09.2026 00:32;12,18,19,22,23,30,34,36,37,45,46,48,55,58,60,70,73,74,76,77
56428;18.09.2026 00:37;2,5,8,10,12,25,26,33,39,45,47,48,51,56,58,65,66,71,72,77
56429;18.09.2026 00:42;2,3,13,18,19,22,23,27,31,37,42,45,48,50,56,57,73,78,79,80
56430;18.09.2026 00:47;2,5,9,10,15,18,21,22,26,29,38,40,42,43,50,52,64,72,74,78
56431;18.09.2026 00:52;5,6,7,10,19,20,23,25,38,40,41,47,54,56,57,58,61,69,74,80
56432;18.09.2026 00:57;3,11,12,14,15,17,20,21,26,28,30,44,54,55,58,60,67,68,74,75
56433;18.09.2026 01:02;7,11,16,21,24,28,42,43,45,48,50,54,55,56,61,74,75,76,77,80
56434;18.09.2026 07:02;7,10,11,14,22,24,26,34,35,37,48,49,53,56,57,58,64,70,73,77
56435;18.09.2026 07:07;3,10,17,19,22,23,26,27,29,33,34,37,42,54,57,66,72,73,76,79
56436;18.09.2026 07:12;3,7,8,11,14,19,24,27,28,36,38,39,47,51,53,57,58,64,65,67
56437;18.09.2026 07:17;6,15,17,21,22,24,28,32,36,37,38,42,51,53,62,64,68,71,74,75
56438;18.09.2026 07:22;6,7,12,14,16,23,25,26,27,34,39,41,44,49,54,58,67,69,71,73
56439;18.09.2026 07:27;7,9,14,16,17,23,29,31,37,38,52,63,65,66,68,70,71,72,74,80
56440;18.09.2026 07:32;1,2,5,7,11,17,20,25,27,34,38,39,43,51,56,68,69,70,78,80
56441;18.09.2026 07:37;4,5,10,12,14,15,17,26,28,29,30,34,41,49,51,53,58,64,68,75
56442;18.09.2026 07:42;3,6,8,12,16,19,22,26,29,35,44,45,47,55,57,59,61,62,63,73
56443;18.09.2026 07:47;4,5,11,13,14,25,28,30,36,39,40,42,52,54,55,64,68,71,77,78
56444;18.09.2026 07:52;4,5,13,18,27,29,30,31,33,38,44,50,53,56,62,66,69,73,75,78
56445;18.09.2026 07:57;1,2,3,16,20,27,32,33,41,44,46,47,50,52,54,60,61,63,68,76
56446;18.09.2026 08:02;6,7,8,9,17,19,23,24,31,33,40,50,58,60,61,62,64,74,75,77
56447;18.09.2026 08:07;4,11,16,17,18,23,28,37,39,47,48,50,56,57,58,60,63,66,69,71
56448;18.09.2026 08:12;5,9,10,14,16,21,22,29,33,44,51,52,54,55,66,69,71,72,78,79
56449;18.09.2026 08:17;10,13,16,18,23,26,28,42,48,60,62,63,64,66,68,71,72,77,78,80
56450;18.09.2026 08:22;2,11,13,19,20,21,23,27,29,31,41,46,47,48,54,55,60,65,69,78
56451;18.09.2026 08:27;3,7,13,17,18,19,20,21,31,34,44,47,51,63,67,68,74,75,78,80
56452;18.09.2026 08:32;13,16,20,23,26,27,29,31,32,40,41,43,45,48,59,60,61,62,65,68
56453;18.09.2026 08:37;2,3,5,13,17,20,25,31,32,33,42,43,51,55,57,60,65,71,73,74
56454;18.09.2026 08:42;5,6,7,12,13,14,26,33,40,42,51,54,59,60,61,66,67,73,74,78
56455;18.09.2026 08:47;7,8,15,16,17,26,27,30,33,47,51,55,62,64,66,68,75,77,78,80
56456;18.09.2026 08:52;1,5,20,25,40,41,43,44,46,53,54,55,59,61,63,64,70,71,76,80
56457;18.09.2026 08:57;1,7,11,15,19,23,25,29,32,33,35,37,47,53,56,57,59,66,77,79
56458;18.09.2026 09:02;4,5,11,16,21,24,29,34,37,39,40,41,43,47,56,58,61,70,71,74
56459;18.09.2026 09:07;3,4,10,13,18,20,21,25,27,28,36,40,47,48,49,53,58,70,77,79
56460;18.09.2026 09:12;1,4,15,16,17,19,24,25,26,31,35,38,41,57,67,68,70,74,75,78
56461;18.09.2026 09:17;2,9,15,18,23,31,32,33,34,35,38,39,42,43,52,68,69,71,73,75
56462;18.09.2026 09:22;1,4,7,20,22,25,40,41,48,57,59,61,62,64,69,70,71,72,76,79
56463;18.09.2026 09:27;1,4,7,8,9,11,18,24,41,43,48,52,54,56,57,62,70,73,76,77
56464;18.09.2026 09:32;4,20,26,27,29,30,31,35,36,39,45,46,53,55,60,65,69,72,73,78
56465;18.09.2026 09:37;9,12,14,15,16,19,23,33,35,41,45,46,57,58,64,67,69,72,78,79
56466;18.09.2026 09:42;9,12,15,17,29,30,32,35,38,44,46,49,58,59,67,70,74,75,78,80
56467;18.09.2026 09:47;1,2,9,11,14,15,20,26,29,34,36,39,43,51,56,60,64,69,71,80
56468;18.09.2026 09:52;8,11,13,15,17,22,28,29,37,42,46,47,50,55,60,62,63,67,69,71
56469;18.09.2026 09:57;2,10,13,14,15,18,26,27,39,43,50,51,55,62,63,68,71,73,76,78
56470;18.09.2026 10:02;1,2,5,7,8,10,14,20,25,27,37,40,42,47,48,55,67,72,77,80
56471;18.09.2026 10:07;2,4,6,7,9,14,15,22,31,37,40,41,55,58,63,67,73,74,75,79
56472;18.09.2026 10:12;5,9,11,12,21,29,34,35,43,44,47,50,56,61,65,71,76,77,79,80
56473;18.09.2026 10:17;2,5,10,11,21,27,28,31,33,34,38,45,55,57,60,67,71,72,74,78
56474;18.09.2026 10:22;9,15,19,23,25,35,39,42,44,47,48,52,58,59,62,63,64,69,71,72
56475;18.09.2026 10:27;14,18,19,20,21,22,30,33,34,36,37,41,51,57,60,61,62,71,74,75
56476;18.09.2026 10:32;2,4,6,9,12,17,24,26,31,34,39,47,49,62,65,66,68,74,77,80
56477;18.09.2026 10:37;3,9,15,16,19,26,29,30,32,38,40,41,43,46,48,52,58,65,69,76
56478;18.09.2026 10:42;6,11,14,18,19,23,28,37,38,39,46,47,54,57,58,63,64,69,78,79
56479;18.09.2026 10:47;1,2,6,10,18,22,25,28,29,30,31,37,39,41,42,46,52,62,72,76
56480;18.09.2026 10:52;3,4,5,6,8,11,14,18,22,34,37,40,44,52,66,70,71,72,73,74
56481;18.09.2026 10:57;7,9,12,17,20,21,31,35,36,41,45,49,50,52,56,62,68,69,70,71
56482;18.09.2026 11:02;8,9,12,14,18,23,24,30,37,40,53,57,59,65,67,70,72,75,76,78
56483;18.09.2026 11:07;2,4,7,9,10,12,14,20,33,37,41,46,48,51,61,63,66,67,78,79
56484;18.09.2026 11:12;2,4,5,9,12,14,15,20,23,26,29,30,37,42,50,53,58,60,72,77
56485;18.09.2026 11:17;7,11,16,23,25,27,35,36,41,42,52,55,58,59,60,61,70,71,75,80
56486;18.09.2026 11:22;1,2,3,8,10,19,22,26,29,37,39,45,46,47,60,61,69,72,77,80
56487;18.09.2026 11:27;2,15,27,31,32,33,35,36,40,41,43,48,49,54,59,61,68,70,74,79
56488;18.09.2026 11:32;5,10,14,18,23,24,29,34,37,38,43,55,61,64,66,67,68,71,74,80
56489;18.09.2026 11:37;8,13,15,18,29,30,31,34,37,39,46,51,52,56,61,63,66,70,73,78
56490;18.09.2026 11:42;9,15,16,23,29,30,33,34,38,48,49,52,53,56,67,70,74,75,77,78
56491;18.09.2026 11:47;3,5,9,10,18,19,26,28,29,34,41,45,46,47,52,53,59,69,78,80
56492;18.09.2026 11:52;5,7,11,17,18,20,24,26,29,32,45,47,54,55,56,60,72,76,77,80
56493;18.09.2026 11:57;4,6,15,16,21,25,26,30,33,35,46,47,48,51,55,60,61,69,77,78
56494;18.09.2026 12:02;2,4,18,19,20,21,26,32,34,36,40,42,51,54,56,63,65,76,78,80
56495;18.09.2026 12:07;3,10,13,14,15,19,25,34,35,39,42,49,52,53,54,57,61,67,68,76
56496;18.09.2026 12:12;3,6,9,10,14,21,28,34,39,41,42,44,46,47,48,60,68,76,78,79
56497;18.09.2026 12:17;1,7,8,18,21,23,25,30,33,35,37,38,46,50,54,55,61,66,70,79
56498;18.09.2026 12:22;10,16,20,29,32,37,42,43,44,46,48,54,56,59,62,66,67,68,69,80
56499;18.09.2026 12:27;1,5,17,18,22,27,33,38,41,44,49,50,52,54,57,58,64,72,73,75
56500;18.09.2026 12:32;2,4,6,14,20,21,22,32,36,37,53,55,57,66,67,68,76,78,79,80
56501;18.09.2026 12:37;9,13,19,26,31,40,44,47,51,55,56,57,60,68,69,70,72,73,77,80
56502;18.09.2026 12:42;2,5,6,9,12,19,23,30,32,41,43,44,45,46,49,59,62,66,75,79
56503;18.09.2026 12:47;1,2,4,5,6,8,11,13,18,21,23,24,27,43,56,57,63,65,74,78
56504;18.09.2026 12:52;11,15,17,18,30,33,36,40,41,42,44,48,54,55,63,67,68,70,75,80
56505;18.09.2026 12:57;4,6,19,24,26,31,33,38,39,42,45,53,58,60,61,63,64,73,74,79
56506;18.09.2026 13:02;3,4,10,14,16,18,27,30,38,41,48,50,58,60,61,64,66,77,79,80
56507;18.09.2026 13:07;2,5,11,13,15,16,19,21,29,30,31,37,43,47,48,49,67,69,78,79
56508;18.09.2026 13:12;9,13,14,17,18,20,24,25,26,28,33,38,39,40,53,56,62,65,74,77
56509;18.09.2026 13:17;3,9,20,26,31,32,34,39,40,41,49,51,52,54,62,67,73,76,78,80
56510;18.09.2026 13:22;4,6,9,18,19,23,28,32,34,37,39,49,55,61,62,63,68,69,73,75
56511;18.09.2026 13:27;12,13,16,18,25,28,29,30,31,34,35,38,45,46,60,65,66,75,76,78
56512;18.09.2026 13:32;7,12,15,17,18,22,23,31,32,34,36,39,42,60,63,66,72,73,78,79
56513;18.09.2026 13:37;2,6,8,9,23,24,25,27,29,30,32,42,43,44,50,53,59,68,73,75
56514;18.09.2026 13:42;3,7,8,10,12,22,23,25,29,31,39,40,43,51,55,59,72,75,78,80
56515;18.09.2026 13:47;1,5,12,18,23,25,27,40,41,47,50,53,54,59,61,63,66,70,71,77
56516;18.09.2026 13:52;6,8,9,18,19,24,30,35,43,47,48,55,62,63,65,70,71,74,77,78
56517;18.09.2026 13:57;1,5,6,8,13,15,16,18,24,26,31,34,41,63,64,67,70,73,74,76
56518;18.09.2026 14:02;10,13,16,17,24,25,30,34,39,42,45,50,51,53,54,58,60,64,66,70
56519;18.09.2026 14:07;1,7,9,11,19,24,25,29,33,38,42,48,51,53,58,60,66,68,71,80
56520;18.09.2026 14:12;1,6,8,11,14,17,25,31,35,39,40,41,43,44,46,57,64,74,78,80
56521;18.09.2026 14:17;7,15,22,31,33,37,41,42,49,51,57,58,61,62,64,65,70,74,79,80
56522;18.09.2026 14:22;3,12,15,19,26,39,43,53,54,57,60,63,64,66,67,68,72,73,79,80
56523;18.09.2026 14:27;3,6,7,12,16,17,20,25,29,34,39,41,48,49,51,53,64,65,70,71
56524;18.09.2026 14:32;5,8,14,16,21,23,26,30,31,40,41,45,50,53,60,61,63,64,68,79
56525;18.09.2026 14:37;11,12,15,20,23,29,30,39,40,45,46,49,51,55,59,60,69,71,77,79
56526;18.09.2026 14:42;4,8,10,16,20,23,28,30,34,41,44,47,55,63,64,65,66,68,72,75
56527;18.09.2026 14:47;2,5,10,12,20,23,27,37,39,42,44,45,48,61,65,69,73,74,75,78
56528;18.09.2026 14:52;2,3,11,17,18,29,32,33,36,39,40,46,52,59,65,71,72,73,77,80
56529;18.09.2026 14:57;6,8,10,17,19,20,24,27,30,39,42,43,57,59,60,62,67,70,71,73
56530;18.09.2026 15:02;1,3,6,9,16,21,27,31,40,52,59,61,65,66,68,69,72,75,79,80
56531;18.09.2026 15:07;3,6,7,10,21,25,27,31,40,44,47,48,51,53,55,65,66,74,77,78
56532;18.09.2026 15:12;4,5,7,8,22,24,25,29,34,36,38,46,52,57,59,60,61,64,66,70
56533;18.09.2026 15:17;4,7,17,18,25,29,30,33,41,42,43,48,52,60,62,64,68,69,71,72
56534;18.09.2026 15:22;1,5,6,8,13,15,21,24,28,31,32,38,43,47,53,66,73,75,78,79
56535;18.09.2026 15:27;1,2,4,9,13,19,24,27,32,34,41,60,61,65,66,70,75,77,78,80
56536;18.09.2026 15:32;2,8,15,20,25,27,35,42,48,49,51,56,60,63,65,68,69,70,73,78
56537;18.09.2026 15:37;3,5,7,8,14,17,23,27,29,31,41,44,47,49,50,52,55,70,72,80
56538;18.09.2026 15:42;5,10,20,21,24,27,30,37,42,43,53,58,60,61,63,64,69,74,75,79
56539;18.09.2026 15:47;6,8,9,10,13,17,23,24,30,31,44,45,50,54,55,62,65,70,75,78
56540;18.09.2026 15:52;1,2,13,14,15,19,23,24,28,32,35,41,42,44,48,49,50,57,64,75
56541;18.09.2026 15:57;2,4,5,6,11,17,20,22,25,26,28,29,34,43,44,51,60,62,66,74
56542;18.09.2026 16:02;2,6,7,11,12,14,17,20,25,29,31,32,41,46,49,58,62,64,73,76
56543;18.09.2026 16:07;14,20,23,33,34,35,36,39,40,42,43,45,57,58,62,65,67,69,77,78
56544;18.09.2026 16:12;2,5,7,9,17,28,32,34,39,41,42,51,53,56,62,64,65,69,74,79
56545;18.09.2026 16:17;3,5,9,11,13,15,22,23,27,34,35,44,49,50,53,56,58,62,65,71
56546;18.09.2026 16:22;5,6,8,14,22,25,27,29,37,43,44,45,47,61,62,64,70,71,72,76
56547;18.09.2026 16:27;2,3,7,12,14,19,25,28,30,35,36,39,40,44,47,51,60,76,77,79
56548;18.09.2026 16:32;1,10,19,22,23,26,28,39,44,49,51,54,56,57,58,60,66,70,79,80
56549;18.09.2026 16:37;1,3,7,8,10,15,17,28,33,36,37,45,49,50,52,57,61,62,72,80
56550;18.09.2026 16:42;1,4,5,6,8,11,14,17,20,23,25,29,48,57,62,66,71,74,77,79
56551;18.09.2026 16:47;9,10,11,15,16,20,21,26,30,34,37,42,48,55,56,61,62,68,74,76
56552;18.09.2026 16:52;2,6,8,13,17,19,24,26,34,36,42,51,53,58,61,62,63,74,77,79
56553;18.09.2026 16:57;3,6,10,11,20,25,28,31,32,37,40,46,49,53,57,62,64,65,72,76
56554;18.09.2026 17:02;1,2,6,8,15,21,24,25,27,31,32,36,37,42,44,49,60,66,68,71
56555;18.09.2026 17:07;5,6,11,12,14,20,21,25,33,34,35,38,43,49,50,56,65,68,70,72
56556;18.09.2026 17:12;5,7,11,14,20,22,31,39,40,55,66,69,70,71,72,73,74,76,77,79
56557;18.09.2026 17:17;1,9,15,22,24,25,32,35,37,38,42,47,51,56,63,64,67,73,79,80
56558;18.09.2026 17:22;3,13,15,20,23,25,28,29,31,33,41,43,51,60,62,65,66,67,70,75
56559;18.09.2026 17:27;2,5,6,7,14,19,21,26,28,31,35,38,45,49,52,53,54,76,77,80
56560;18.09.2026 17:32;3,9,10,11,12,16,22,24,25,26,28,35,47,57,66,69,73,75,76,77
56561;18.09.2026 17:37;12,24,27,29,34,35,36,38,43,45,46,55,56,57,59,61,71,74,76,79
56562;18.09.2026 17:42;8,12,14,19,27,28,29,30,31,33,38,50,59,60,63,64,71,72,73,74
56563;18.09.2026 17:47;4,6,8,18,23,25,26,34,41,43,52,54,55,56,58,61,62,63,64,70
56564;18.09.2026 17:52;4,6,7,10,13,15,21,22,24,28,30,36,41,47,54,59,60,66,75,78
56565;18.09.2026 17:57;4,7,8,10,12,15,17,24,28,29,32,38,46,47,49,66,74,75,77,79
56566;18.09.2026 18:02;2,5,6,8,9,20,23,24,25,26,32,33,37,43,48,55,57,60,63,73
56567;18.09.2026 18:07;4,11,13,17,19,20,22,27,29,30,38,45,47,48,51,57,62,76,77,79
56568;18.09.2026 18:12;6,7,10,14,36,40,45,47,48,49,50,54,58,59,66,72,73,74,78,79
56569;18.09.2026 18:17;4,7,8,9,16,21,22,25,28,32,35,41,43,45,54,59,60,62,72,79
56570;18.09.2026 18:22;7,9,13,16,26,31,33,36,38,46,51,54,56,61,64,69,74,78,79,80
56571;18.09.2026 18:27;2,5,8,12,21,24,25,27,29,34,35,38,41,48,54,57,67,69,78,79
56572;18.09.2026 18:32;3,9,10,12,24,33,41,42,43,46,49,56,57,63,64,66,69,75,77,79
56573;18.09.2026 18:37;5,11,14,22,24,31,38,40,41,50,53,55,57,59,61,62,67,70,73,79
56574;18.09.2026 18:42;3,10,11,18,19,21,22,25,26,30,32,38,43,50,58,63,70,77,78,80
56575;18.09.2026 18:47;2,7,14,18,33,36,39,40,43,44,45,57,59,61,63,70,71,72,74,78
56576;18.09.2026 18:52;2,7,8,9,25,26,27,28,38,39,42,45,46,49,51,59,64,73,76,80
56577;18.09.2026 18:57;3,11,13,16,17,23,25,28,29,31,40,42,47,55,56,67,68,69,73,78
56578;18.09.2026 19:02;4,8,13,15,30,41,42,43,44,45,46,49,53,57,58,64,65,66,68,76
56579;18.09.2026 19:07;2,5,16,19,21,28,29,32,36,40,48,53,54,57,59,63,73,77,78,79
56580;18.09.2026 19:12;7,19,27,28,34,35,36,37,42,45,48,50,51,53,56,59,70,71,72,73
56581;18.09.2026 19:17;2,6,17,20,23,27,31,32,33,40,42,44,47,51,52,62,63,65,67,75
56582;18.09.2026 19:22;3,5,6,8,12,16,19,22,23,36,38,40,43,53,54,60,62,66,73,77
56583;18.09.2026 19:27;3,7,11,16,25,42,45,46,47,50,52,56,57,61,64,66,67,68,69,70
56584;18.09.2026 19:32;3,7,11,12,13,14,21,22,32,39,44,49,51,55,57,63,65,70,75,80
56585;18.09.2026 19:37;1,3,9,16,21,24,28,29,31,35,37,39,40,44,47,54,55,62,71,76
56586;18.09.2026 19:42;1,2,3,5,6,11,14,30,31,33,34,37,39,40,45,48,52,67,74,78
56587;18.09.2026 19:47;5,7,8,13,16,18,19,20,26,31,41,43,46,56,58,61,66,68,70,78
56588;18.09.2026 19:52;3,8,9,13,22,23,28,39,43,51,53,55,58,64,68,69,71,74,77,80
56589;18.09.2026 19:57;2,4,8,16,19,31,36,38,40,42,47,48,50,54,55,62,63,68,74,77
56590;18.09.2026 20:02;3,4,7,8,21,22,30,32,33,43,48,53,59,61,62,64,68,69,74,79
56591;18.09.2026 20:07;2,3,10,16,18,25,28,34,39,47,52,54,58,64,65,68,69,76,78,79
56592;18.09.2026 20:12;2,8,17,26,28,31,32,38,42,49,50,51,54,55,58,68,69,70,77,80
56593;18.09.2026 20:17;2,3,5,19,23,37,38,43,45,47,50,51,52,57,61,63,71,72,74,78
56594;18.09.2026 20:22;1,5,7,8,12,22,29,32,36,43,45,46,52,58,60,64,66,68,76,77
56595;18.09.2026 20:27;2,3,4,9,23,25,27,31,37,40,44,45,47,50,52,61,68,76,77,78
56596;18.09.2026 20:32;1,5,15,18,23,25,26,27,38,41,42,51,52,61,67,68,74,75,78,79
56597;18.09.2026 20:37;8,25,26,30,32,34,39,40,46,50,52,53,55,56,62,65,67,69,72,73
56598;18.09.2026 20:42;3,8,10,14,16,21,31,35,37,38,41,42,43,47,55,57,68,73,75,80
56599;18.09.2026 20:47;6,9,12,14,19,22,24,25,29,31,34,36,39,51,57,58,65,66,67,68
56600;18.09.2026 20:52;1,3,4,14,18,23,25,28,29,30,38,39,42,47,52,53,55,68,70,73
56601;18.09.2026 20:57;4,7,8,10,18,23,27,30,32,44,46,47,49,53,54,56,57,60,61,70
56602;18.09.2026 21:02;1,4,8,17,22,25,29,30,31,33,35,37,39,43,47,50,53,54,55,75
56603;18.09.2026 21:07;3,4,16,17,18,21,22,34,38,46,48,51,53,55,61,62,64,65,68,73
56604;18.09.2026 21:12;4,7,8,11,15,16,18,23,28,29,31,40,42,48,50,52,61,63,65,73
56605;18.09.2026 21:17;2,5,6,9,10,11,18,20,31,38,39,41,43,52,58,62,69,71,74,80
56606;18.09.2026 21:22;4,9,16,22,29,30,33,35,37,42,46,49,53,57,59,69,70,72,77,79
56607;18.09.2026 21:27;2,4,13,17,22,24,25,30,34,35,36,40,48,53,61,66,76,77,78,79
56608;18.09.2026 21:32;1,4,7,10,12,29,32,33,34,36,42,43,46,49,60,65,68,77,78,80
56609;18.09.2026 21:37;8,10,12,13,14,17,20,22,24,27,28,29,37,38,42,51,52,55,59,80
56610;18.09.2026 21:42;2,9,16,20,22,27,35,39,41,45,47,49,57,59,60,62,66,67,68,78
56611;18.09.2026 21:47;1,2,3,5,7,11,15,16,18,19,25,28,30,35,41,43,68,76,78,80
56612;18.09.2026 21:52;2,3,5,8,11,13,14,16,17,26,30,34,40,44,49,50,59,71,77,80
56613;18.09.2026 21:57;3,4,11,12,16,19,21,25,27,39,43,48,49,51,60,68,70,73,78,80
56614;18.09.2026 22:02;6,10,11,14,18,22,34,39,41,47,48,50,52,53,57,58,68,73,75,77
56615;18.09.2026 22:07;2,7,14,21,27,29,30,31,34,44,46,47,55,59,63,65,68,70,71,77
56616;18.09.2026 22:12;1,5,9,21,29,38,43,48,51,52,60,61,62,64,66,68,69,72,75,78
56617;18.09.2026 22:17;2,3,4,20,21,22,24,40,45,48,50,53,54,60,61,64,65,68,74,76
56618;18.09.2026 22:22;9,17,18,19,23,32,33,35,38,40,49,51,54,57,64,66,68,72,73,79
56619;18.09.2026 22:27;11,18,23,30,34,40,52,55,56,57,58,61,62,64,70,71,72,73,76,78
56620;18.09.2026 22:32;2,3,7,12,19,23,25,38,45,49,51,52,53,57,58,62,69,74,78,80
56621;18.09.2026 22:37;4,12,13,14,17,20,21,27,28,34,35,40,41,43,45,53,57,61,62,67
56622;18.09.2026 22:42;3,4,12,15,17,20,21,26,32,37,42,43,50,51,52,57,59,66,78,80
56623;18.09.2026 22:47;4,6,19,23,26,29,31,32,37,41,48,53,54,55,57,62,66,69,75,77
56624;18.09.2026 22:52;7,8,11,14,17,18,32,36,46,47,49,50,55,62,67,72,74,75,78,80
56625;18.09.2026 22:57;1,10,19,23,32,34,37,39,41,42,44,45,47,52,56,61,62,65,66,70
56626;18.09.2026 23:02;1,6,9,11,14,17,35,36,37,41,43,49,50,51,59,64,68,69,73,75
56627;18.09.2026 23:07;6,18,19,22,24,25,26,28,30,37,41,46,47,49,50,58,61,63,72,77
56628;18.09.2026 23:12;2,9,10,12,14,16,20,25,33,37,41,52,55,61,64,67,68,73,78,80
56629;18.09.2026 23:17;1,2,5,10,16,19,21,23,24,26,27,36,40,47,48,58,64,71,77,79
56630;18.09.2026 23:22;1,3,5,7,9,12,13,27,35,37,42,44,47,57,63,65,66,67,68,71
56631;18.09.2026 23:27;18,21,23,27,30,32,33,36,44,47,50,53,57,60,65,67,69,71,77,79
56632;18.09.2026 23:32;2,9,12,14,19,22,28,31,32,33,34,51,55,62,64,67,69,74,75,78
56633;18.09.2026 23:37;4,8,9,11,15,17,20,21,40,46,48,63,65,66,67,71,74,75,77,78
56634;18.09.2026 23:42;2,4,9,10,11,12,14,15,17,21,23,28,29,30,32,42,44,51,53,65
56635;18.09.2026 23:47;1,4,6,8,11,16,17,24,25,27,29,33,36,40,51,52,61,62,79,80
56636;18.09.2026 23:52;2,7,8,17,19,23,24,25,28,31,37,41,44,45,47,54,61,67,73,74
56637;18.09.2026 23:57;1,7,8,9,13,21,23,27,29,31,36,46,49,53,57,60,62,66,76,80

===== 19.09.2026 | 217 ÇEKİLİŞ =====
56638;19.09.2026 00:02;10,11,15,21,22,23,29,31,42,46,48,53,54,56,57,59,65,67,73,76
56639;19.09.2026 00:07;2,3,5,7,10,13,15,16,17,27,29,31,33,41,44,53,65,75,76,78
56640;19.09.2026 00:12;3,4,9,10,15,18,20,24,25,28,35,36,39,43,44,48,54,68,70,80
56641;19.09.2026 00:17;5,6,8,11,13,21,25,31,33,44,48,56,58,59,60,62,66,68,70,72
56642;19.09.2026 00:22;2,5,10,14,15,20,24,28,29,31,34,37,42,48,49,50,54,61,72,78
56643;19.09.2026 00:27;3,4,13,24,25,28,30,31,32,35,37,39,42,46,55,56,59,60,69,77
56644;19.09.2026 00:32;15,16,20,33,41,45,47,49,50,51,54,55,59,66,67,68,73,75,78,79
56645;19.09.2026 00:37;3,17,19,25,28,29,33,35,39,41,42,46,47,50,51,57,71,73,74,78
56646;19.09.2026 00:42;4,5,22,24,25,26,27,32,33,40,48,49,52,54,55,62,69,76,78,79
56647;19.09.2026 00:47;1,12,15,18,27,30,34,37,41,44,49,53,54,55,58,62,72,74,76,80
56648;19.09.2026 00:52;5,7,9,12,13,24,29,34,35,36,43,44,50,52,57,64,65,74,76,80
56649;19.09.2026 00:57;4,6,23,29,31,36,39,40,42,44,51,56,60,65,67,68,70,74,76,79
56650;19.09.2026 01:02;5,7,8,13,19,20,23,26,27,31,35,42,53,56,62,66,68,70,77,78
56651;19.09.2026 07:02;8,9,13,19,20,21,29,35,38,39,40,42,47,48,49,56,57,61,64,69
56652;19.09.2026 07:07;2,6,9,11,13,17,21,23,32,34,40,42,44,48,54,62,63,68,69,72
56653;19.09.2026 07:12;4,10,19,22,31,32,40,43,45,47,48,54,62,63,65,67,69,73,75,77
56654;19.09.2026 07:17;1,5,14,17,20,26,28,30,32,34,37,43,46,50,53,57,70,71,73,77
56655;19.09.2026 07:22;2,5,10,14,24,25,27,29,46,50,54,55,58,64,66,67,69,72,73,75
56656;19.09.2026 07:27;7,15,16,17,31,34,35,36,41,43,49,52,54,56,63,67,69,70,79,80
56657;19.09.2026 07:32;4,8,10,11,20,23,28,32,33,36,42,48,56,57,59,60,67,69,72,77
56658;19.09.2026 07:37;4,9,12,13,17,25,28,30,43,47,48,49,50,59,60,69,71,73,78,80
56659;19.09.2026 07:42;2,6,8,16,19,26,28,31,36,40,41,47,49,50,51,60,66,67,69,70
56660;19.09.2026 07:47;5,7,9,10,19,24,31,32,41,42,44,46,53,55,56,57,65,67,72,74
56661;19.09.2026 07:52;3,7,17,18,24,25,35,37,40,42,43,47,50,52,58,64,66,74,76,79
56662;19.09.2026 07:57;17,18,20,24,27,36,41,42,44,50,54,56,57,61,64,65,69,73,75,78
56663;19.09.2026 08:02;3,5,8,14,22,24,25,28,34,35,38,39,52,54,58,59,61,75,76,79
56664;19.09.2026 08:07;1,4,5,8,15,20,24,33,35,36,37,39,42,51,52,55,58,59,67,76
56665;19.09.2026 08:12;1,3,8,10,15,16,21,24,26,27,31,32,34,36,47,59,62,64,68,74
56666;19.09.2026 08:17;9,12,18,19,23,24,25,26,29,42,51,54,55,63,64,66,69,78,79,80
56667;19.09.2026 08:22;5,6,16,21,30,31,34,35,36,39,44,47,48,52,55,58,61,62,74,78
56668;19.09.2026 08:27;9,13,21,25,36,42,44,45,47,52,59,60,61,63,65,71,75,77,78,80
56669;19.09.2026 08:32;4,17,22,23,32,33,35,39,42,43,46,48,51,53,58,60,65,66,73,78
56670;19.09.2026 08:37;7,14,15,19,21,22,23,27,30,31,36,42,52,53,56,68,71,72,75,80
56671;19.09.2026 08:42;2,3,4,11,14,20,21,29,31,32,38,39,40,43,55,59,64,68,71,75
56672;19.09.2026 08:47;2,10,13,16,18,21,24,27,31,34,37,39,46,47,48,50,53,62,68,73
56673;19.09.2026 08:52;1,7,8,11,13,18,29,35,36,37,41,43,44,47,55,65,67,68,71,75
56674;19.09.2026 08:57;2,8,11,12,24,30,33,36,39,49,50,51,55,56,57,70,74,75,78,80
56675;19.09.2026 09:02;2,7,8,9,10,14,25,26,27,37,38,43,46,55,64,65,68,72,77,79
56676;19.09.2026 09:07;6,10,13,15,19,20,22,25,26,33,35,44,52,58,63,68,73,76,77,79
56677;19.09.2026 09:12;1,5,10,17,31,33,36,48,50,51,52,53,60,61,62,65,67,70,71,80
56678;19.09.2026 09:17;5,10,13,18,24,25,40,45,47,50,57,58,60,65,69,73,76,77,78,80
56679;19.09.2026 09:22;1,12,14,17,23,24,30,31,32,36,37,38,43,46,50,67,68,74,75,80
56680;19.09.2026 09:27;6,10,12,17,18,19,24,31,35,39,48,49,50,53,55,56,60,68,69,78
56681;19.09.2026 09:32;1,7,15,17,25,26,28,30,36,42,49,53,56,60,62,69,71,72,73,77
56682;19.09.2026 09:37;1,4,5,6,9,11,16,27,29,32,33,37,42,45,55,60,63,72,77,79
56683;19.09.2026 09:42;7,9,13,16,20,21,22,28,30,36,37,38,40,47,50,56,60,67,74,76
56684;19.09.2026 09:47;3,4,11,15,27,40,42,45,50,51,53,61,65,66,69,70,72,74,76,78
56685;19.09.2026 09:52;5,9,13,15,20,28,29,30,38,41,42,43,51,53,54,57,67,68,69,74
56686;19.09.2026 09:57;1,6,7,9,11,14,15,23,28,29,39,41,51,64,65,66,69,73,76,78
56687;19.09.2026 10:02;2,6,9,11,17,19,33,40,43,47,49,50,51,54,56,59,68,69,73,80
56688;19.09.2026 10:07;3,5,11,17,20,22,30,42,47,51,57,58,62,64,66,67,69,71,73,78
56689;19.09.2026 10:12;2,6,15,17,18,23,26,27,28,33,39,40,41,42,43,50,53,67,77,79
56690;19.09.2026 10:17;3,4,7,8,14,19,21,22,23,32,33,36,37,39,44,47,49,62,64,69
56691;19.09.2026 10:22;3,8,23,28,32,33,38,39,45,47,50,51,53,59,64,65,66,74,75,78
56692;19.09.2026 10:27;5,10,11,12,13,23,25,28,29,30,31,34,41,43,44,57,62,66,70,74
56693;19.09.2026 10:32;1,6,10,12,15,16,17,19,40,41,53,55,62,65,66,67,69,70,75,76
56694;19.09.2026 10:37;1,10,13,16,19,21,22,40,43,46,52,56,57,58,61,64,65,69,74,79
56695;19.09.2026 10:42;5,9,11,12,13,20,22,23,25,29,35,42,49,50,55,56,62,70,71,75
56696;19.09.2026 10:47;3,4,9,13,17,24,28,31,34,39,40,42,50,56,59,61,62,76,77,80
56697;19.09.2026 10:52;3,7,8,15,20,21,23,24,39,40,41,45,48,52,59,64,70,72,73,80
56698;19.09.2026 10:57;1,4,6,9,13,21,25,26,27,28,29,30,32,33,36,42,46,48,56,75
56699;19.09.2026 11:02;3,4,11,21,27,28,30,34,35,38,48,55,56,58,61,67,71,72,76,77
56700;19.09.2026 11:07;5,6,8,10,12,15,20,23,26,28,39,41,49,52,61,64,69,72,73,76
56701;19.09.2026 11:12;1,7,16,19,22,23,24,26,27,33,41,46,48,54,56,63,64,65,71,75
56702;19.09.2026 11:17;6,13,20,25,26,27,32,34,36,43,47,54,56,57,59,61,63,66,67,69
56703;19.09.2026 11:22;1,8,12,15,26,28,29,31,33,36,43,45,48,50,60,61,64,68,71,75
56704;19.09.2026 11:27;5,6,8,10,11,18,24,33,35,36,40,43,47,54,55,56,58,72,76,77
56705;19.09.2026 11:32;2,8,12,26,28,30,32,36,44,47,48,49,56,58,61,65,67,75,76,80
56706;19.09.2026 11:37;3,4,5,12,17,21,22,25,29,34,39,44,45,48,50,54,66,68,73,74
56707;19.09.2026 11:42;8,9,10,12,14,19,24,26,35,36,44,58,61,65,66,67,69,70,75,80
56708;19.09.2026 11:47;13,16,20,23,26,27,28,34,35,40,41,51,53,61,65,68,75,76,77,80
56709;19.09.2026 11:52;1,3,5,16,24,29,32,39,41,46,47,48,52,53,54,63,67,70,71,78
56710;19.09.2026 11:57;5,8,18,20,21,22,25,28,31,36,38,39,45,55,57,60,62,67,71,73
56711;19.09.2026 12:02;1,11,13,18,24,26,28,30,33,36,42,47,49,50,57,60,65,68,75,76
56712;19.09.2026 12:07;2,3,19,21,23,24,28,30,39,41,46,49,51,53,62,63,67,74,76,78
56713;19.09.2026 12:12;4,9,11,16,34,36,42,45,46,47,48,52,53,54,57,67,68,71,76,79
56714;19.09.2026 12:17;2,4,8,14,16,23,28,30,33,34,37,42,46,49,51,55,57,58,66,80
56715;19.09.2026 12:22;2,5,6,8,14,19,20,22,24,31,44,49,50,52,55,56,57,63,73,79
56716;19.09.2026 12:27;5,9,10,15,17,21,22,26,36,42,45,57,63,68,70,71,74,76,77,80
56717;19.09.2026 12:32;3,13,16,20,30,31,35,38,41,45,46,52,55,56,57,60,61,64,71,78
56718;19.09.2026 12:37;1,7,9,13,20,21,25,33,36,38,39,41,47,59,60,64,65,68,75,79
56719;19.09.2026 12:42;4,8,15,16,19,20,23,32,38,40,41,45,50,54,57,68,69,70,72,74
56720;19.09.2026 12:47;1,3,15,16,25,26,27,31,33,34,35,36,38,57,61,66,67,70,73,76
56721;19.09.2026 12:52;2,3,5,10,16,23,26,27,31,34,37,49,51,59,62,63,65,71,74,78
56722;19.09.2026 12:57;4,6,8,11,21,34,38,40,41,46,47,48,52,53,54,58,61,73,74,75
56723;19.09.2026 13:02;6,7,11,18,19,20,24,33,36,38,41,47,56,61,63,69,73,75,77,79
56724;19.09.2026 13:07;8,13,15,24,26,27,30,32,34,44,45,51,53,59,66,69,73,74,75,77
56725;19.09.2026 13:12;3,4,8,16,17,18,25,26,29,42,44,45,49,51,54,61,63,66,73,79
56726;19.09.2026 13:17;1,4,5,11,14,20,24,36,49,50,52,53,55,57,59,62,63,64,70,76
56727;19.09.2026 13:22;4,10,12,17,20,21,26,29,34,37,51,54,55,58,64,71,75,76,77,79
56728;19.09.2026 13:27;2,9,11,12,13,15,26,32,37,41,42,45,49,53,55,61,64,67,70,72
56729;19.09.2026 13:32;3,7,15,17,18,20,25,26,31,33,39,41,44,45,47,52,59,69,72,74
56730;19.09.2026 13:37;6,9,19,21,24,27,30,34,41,43,44,45,46,47,52,59,73,74,76,79
56731;19.09.2026 13:42;7,9,10,11,16,20,22,24,27,35,37,39,43,49,58,62,63,76,78,80
56732;19.09.2026 13:47;1,2,3,4,5,16,22,31,34,39,40,41,43,53,56,62,74,77,79,80
56733;19.09.2026 13:52;1,2,4,5,9,14,34,37,38,40,44,49,50,52,54,56,57,58,69,75
56734;19.09.2026 13:57;10,12,14,19,21,23,25,26,28,29,30,42,43,47,56,58,62,67,70,72
56735;19.09.2026 14:02;9,11,12,14,15,17,25,32,35,38,40,41,42,54,59,66,68,71,78,79
56736;19.09.2026 14:07;2,5,7,11,13,17,19,23,25,28,29,31,39,40,50,52,53,58,67,68
56737;19.09.2026 14:12;4,7,10,12,15,17,21,24,26,27,33,37,39,40,51,59,68,69,70,72
56738;19.09.2026 14:17;1,2,3,5,6,13,17,38,39,43,45,46,51,52,56,70,72,73,76,77
56739;19.09.2026 14:22;1,10,14,18,21,23,24,25,29,31,34,39,40,51,59,64,66,71,76,78
56740;19.09.2026 14:27;13,18,21,28,29,33,34,35,36,39,45,46,48,54,60,64,68,72,75,80
56741;19.09.2026 14:32;3,8,15,17,22,23,24,27,37,38,39,41,45,48,54,62,65,66,68,80
56742;19.09.2026 14:37;6,8,10,19,20,26,30,31,32,33,36,46,47,51,53,64,73,74,77,78
56743;19.09.2026 14:42;2,3,4,14,18,21,27,29,35,44,49,51,53,54,59,60,63,66,77,80
56744;19.09.2026 14:47;13,14,21,22,27,30,31,32,33,35,42,43,44,52,53,55,64,65,77,79
56745;19.09.2026 14:52;5,6,10,11,16,18,19,21,26,27,28,30,33,44,48,57,63,68,74,78
56746;19.09.2026 14:57;5,13,20,21,29,30,43,45,46,54,55,60,61,63,68,69,71,72,73,79
56747;19.09.2026 15:02;7,9,12,14,20,24,32,39,41,42,49,50,54,55,57,65,68,72,75,80
56748;19.09.2026 15:07;1,3,7,9,10,18,22,31,35,44,45,48,49,50,51,53,62,68,71,73
56749;19.09.2026 15:12;1,3,4,5,7,15,22,26,42,48,49,50,58,59,64,68,74,76,78,80
56750;19.09.2026 15:17;1,8,19,24,28,29,33,36,37,39,43,44,46,47,53,54,59,63,68,69
56751;19.09.2026 15:22;5,9,10,13,15,19,23,29,30,32,34,36,37,40,43,50,51,68,71,75
56752;19.09.2026 15:27;2,8,12,13,19,24,25,27,31,44,46,50,56,65,66,69,70,74,75,78
56753;19.09.2026 15:32;2,4,5,18,19,20,26,36,42,48,57,58,62,64,66,69,72,76,78,79
56754;19.09.2026 15:37;4,6,7,10,20,23,24,25,26,35,36,38,42,46,65,67,73,76,78,79
56755;19.09.2026 15:42;4,9,10,12,15,18,21,25,27,32,39,51,52,57,59,64,68,69,70,75
56756;19.09.2026 15:47;3,5,6,7,12,16,18,20,26,27,28,34,44,48,55,56,59,60,66,71
56757;19.09.2026 15:52;9,11,12,18,22,25,29,30,34,40,45,47,51,55,57,60,61,65,68,72
56758;19.09.2026 15:57;5,7,9,15,19,20,22,24,25,26,34,35,36,45,46,49,65,69,73,74
56759;19.09.2026 16:02;2,6,9,15,21,22,25,29,37,39,43,44,51,54,55,58,65,70,76,77
56760;19.09.2026 16:07;8,11,21,25,26,28,29,30,31,32,33,39,43,45,46,53,57,66,72,74
56761;19.09.2026 16:12;3,5,11,16,19,23,27,31,32,34,35,41,46,48,53,54,57,60,64,65
56762;19.09.2026 16:17;4,6,10,11,15,17,18,35,36,47,48,49,55,58,59,63,66,68,74,76
56763;19.09.2026 16:22;2,3,5,7,15,16,19,26,28,29,35,42,48,55,63,64,66,73,74,78
56764;19.09.2026 16:27;1,4,7,10,20,22,23,31,36,37,40,43,46,48,52,61,62,67,69,74
56765;19.09.2026 16:32;5,12,16,17,25,26,30,33,35,39,41,46,48,54,58,62,68,69,73,77
56766;19.09.2026 16:37;1,2,13,22,24,30,33,42,43,44,49,51,52,57,60,66,71,74,78,79
56767;19.09.2026 16:42;5,12,19,20,23,27,30,35,38,41,44,45,54,57,64,67,73,74,76,80
56768;19.09.2026 16:47;1,3,7,11,15,16,17,20,24,28,31,36,43,48,51,60,64,66,69,78
56769;19.09.2026 16:52;16,23,37,38,40,41,43,45,46,48,49,52,55,58,59,61,67,69,74,75
56770;19.09.2026 16:57;8,13,17,22,24,27,32,35,36,41,46,51,53,57,64,70,71,73,74,75
56771;19.09.2026 17:02;1,5,10,14,23,33,37,38,39,40,44,54,57,58,59,60,61,72,76,77
56772;19.09.2026 17:07;8,10,12,20,21,23,41,43,47,48,55,60,63,64,65,67,71,73,75,79
56773;19.09.2026 17:12;1,2,5,6,7,9,13,14,23,24,27,30,32,34,36,44,52,61,75,76
56774;19.09.2026 17:17;2,9,10,22,31,32,35,37,38,41,50,53,54,59,61,69,71,73,74,80
56775;19.09.2026 17:22;16,26,30,31,35,39,40,42,49,52,55,58,60,62,65,68,72,75,76,77
56776;19.09.2026 17:27;1,8,13,15,17,18,22,24,38,39,46,47,49,52,58,60,68,71,72,74
56777;19.09.2026 17:32;3,4,15,18,19,20,25,29,35,36,44,47,51,63,66,68,69,70,71,75
56778;19.09.2026 17:37;3,5,19,25,31,33,34,35,38,42,43,46,55,57,58,61,72,74,76,78
56779;19.09.2026 17:42;5,6,7,15,19,20,21,23,24,25,32,48,50,55,59,61,69,73,77,78
56780;19.09.2026 17:47;2,9,10,12,14,26,27,29,30,47,49,57,58,60,61,62,65,68,70,75
56781;19.09.2026 17:52;2,8,9,20,29,30,32,37,40,41,49,51,57,60,62,64,69,72,73,75
56782;19.09.2026 17:57;7,14,15,24,25,26,27,28,31,33,34,38,39,42,43,44,46,58,71,72
56783;19.09.2026 18:02;5,6,9,16,21,23,24,29,32,38,40,43,46,49,51,65,69,71,73,80
56784;19.09.2026 18:07;5,7,8,9,15,16,17,31,35,41,42,43,44,60,62,70,73,74,76,77
56785;19.09.2026 18:12;3,4,6,7,11,12,22,27,32,33,37,38,45,54,59,61,66,67,75,79
56786;19.09.2026 18:17;13,14,21,23,26,27,29,30,37,38,40,42,55,56,59,63,67,71,73,77
56787;19.09.2026 18:22;7,10,15,25,31,32,33,34,35,37,39,41,42,44,53,58,74,75,76,77
56788;19.09.2026 18:27;3,10,15,18,24,35,40,41,42,43,47,50,54,62,67,68,71,72,74,79
56789;19.09.2026 18:32;4,23,39,40,43,45,47,48,49,52,56,57,65,68,71,73,75,76,78,79
56790;19.09.2026 18:37;2,4,7,8,18,26,30,36,37,39,44,49,50,51,58,61,67,74,76,78
56791;19.09.2026 18:42;1,4,9,14,18,20,25,27,28,37,39,42,47,52,57,65,66,67,71,74
56792;19.09.2026 18:47;5,15,16,23,25,28,31,36,45,46,54,61,62,63,64,65,66,71,74,80
56793;19.09.2026 18:52;1,4,8,12,14,32,34,38,39,43,46,49,50,53,60,62,65,67,73,77
56794;19.09.2026 18:57;4,10,16,17,18,22,23,28,29,35,43,52,54,57,62,63,64,66,69,80
56795;19.09.2026 19:02;1,2,3,12,13,18,26,30,32,34,35,36,44,47,58,59,67,72,76,77
56796;19.09.2026 19:07;4,7,9,13,26,27,29,32,37,38,42,47,54,57,58,61,63,66,76,80
56797;19.09.2026 19:12;13,14,18,20,27,29,31,32,39,40,45,50,57,59,61,62,68,71,72,74
56798;19.09.2026 19:17;3,5,7,8,16,17,34,37,38,41,45,46,57,58,68,70,73,76,78,80
56799;19.09.2026 19:22;6,9,13,15,17,26,34,35,36,38,40,49,52,56,58,60,66,67,70,74
56800;19.09.2026 19:27;9,10,12,13,15,22,25,26,28,33,34,36,37,42,44,72,74,75,78,80
56801;19.09.2026 19:32;2,3,8,11,13,14,19,27,30,31,38,41,42,44,45,53,63,65,67,73
56802;19.09.2026 19:37;5,17,20,25,26,28,29,31,40,44,48,57,58,64,65,66,71,75,77,80
56803;19.09.2026 19:42;4,9,14,15,16,18,21,22,24,29,30,32,39,45,59,61,64,73,74,79
56804;19.09.2026 19:47;1,5,16,17,20,21,22,33,35,42,50,51,54,56,57,58,62,65,72,74
56805;19.09.2026 19:52;1,4,6,8,12,24,25,26,27,33,35,37,39,50,67,68,69,77,78,79
56806;19.09.2026 19:57;1,2,11,13,15,21,23,28,31,35,41,48,49,54,65,66,67,71,74,76
56807;19.09.2026 20:02;3,9,14,18,22,35,36,37,44,45,48,50,51,55,60,64,65,69,72,75
56808;19.09.2026 20:07;2,3,7,12,14,18,21,25,29,31,33,34,36,45,54,55,62,64,67,79
56809;19.09.2026 20:12;4,5,8,9,13,18,22,29,35,36,44,45,53,54,55,60,66,72,74,79
56810;19.09.2026 20:17;5,7,11,19,20,22,23,29,33,36,37,39,49,53,61,65,71,72,73,75
56811;19.09.2026 20:22;3,7,13,23,26,27,35,43,45,47,48,50,52,57,65,68,69,73,74,78
56812;19.09.2026 20:27;8,10,24,25,26,28,29,34,42,44,46,50,54,57,63,64,66,69,72,76
56813;19.09.2026 20:32;6,7,11,15,16,18,19,22,25,31,32,35,36,44,50,63,65,68,73,80
56814;19.09.2026 20:37;2,9,13,18,20,27,29,39,40,43,48,50,55,59,61,62,64,67,71,73
56815;19.09.2026 20:42;5,8,9,10,12,14,18,26,29,38,40,48,49,51,55,62,63,64,69,74
56816;19.09.2026 20:47;3,4,6,8,11,17,26,29,32,33,47,48,51,53,54,55,65,71,74,78
56817;19.09.2026 20:52;2,15,17,19,27,28,31,34,38,41,43,44,45,46,52,58,59,60,76,78
56818;19.09.2026 20:57;2,4,5,7,9,13,17,23,26,31,39,41,44,51,53,59,62,63,68,72
56819;19.09.2026 21:02;2,6,11,13,23,28,31,38,44,51,54,59,60,65,69,70,73,74,75,78
56820;19.09.2026 21:07;3,7,10,18,32,34,36,37,41,42,43,48,50,54,63,69,71,72,79,80
56821;19.09.2026 21:12;2,4,7,12,19,26,28,31,33,35,36,43,44,54,63,68,70,73,74,80
56822;19.09.2026 21:17;3,7,17,18,20,24,25,31,32,34,35,37,38,39,40,49,55,74,76,80
56823;19.09.2026 21:22;3,4,10,11,14,16,23,28,30,32,33,35,37,45,58,64,66,69,70,74
56824;19.09.2026 21:27;5,7,8,11,15,18,24,33,35,36,45,46,48,51,53,57,65,66,70,71
56825;19.09.2026 21:32;1,9,14,25,26,31,38,42,47,48,49,51,56,57,62,63,66,68,75,78
56826;19.09.2026 21:37;5,6,7,10,18,20,22,24,25,30,31,38,44,45,60,66,70,71,76,77
56827;19.09.2026 21:42;13,16,19,22,30,31,34,40,48,49,50,54,55,60,63,67,71,75,78,80
56828;19.09.2026 21:47;3,7,9,12,16,19,26,36,38,40,42,47,48,50,55,62,68,70,72,78
56829;19.09.2026 21:52;1,3,4,9,10,17,18,19,27,28,29,34,36,42,49,52,57,69,75,80
56830;19.09.2026 21:57;1,8,17,18,23,28,30,31,39,41,42,44,47,48,50,59,69,72,74,75
56831;19.09.2026 22:02;2,11,19,21,23,27,28,31,37,38,40,41,43,49,50,54,71,73,76,77
56832;19.09.2026 22:07;2,3,16,24,28,29,31,36,42,52,53,58,62,64,68,70,73,76,78,80
56833;19.09.2026 22:12;2,3,13,15,16,25,26,35,40,41,48,55,58,60,63,71,73,74,79,80
56834;19.09.2026 22:17;4,8,9,10,13,17,18,30,31,32,41,45,51,57,61,63,64,73,76,80
56835;19.09.2026 22:22;2,3,9,14,20,22,37,46,47,48,50,51,52,53,57,58,60,63,67,74
56836;19.09.2026 22:27;6,10,12,18,21,29,32,36,37,47,51,53,57,58,59,64,73,75,76,77
56837;19.09.2026 22:32;3,8,11,24,42,44,45,46,47,55,56,58,60,63,66,70,71,72,79,80
56838;19.09.2026 22:37;3,4,11,17,21,27,31,32,35,38,42,47,54,57,61,62,68,69,75,76
56839;19.09.2026 22:42;3,4,7,14,17,22,23,26,28,31,33,39,43,44,45,50,66,74,77,78
56840;19.09.2026 22:47;2,3,14,16,18,24,25,28,38,40,41,47,50,51,54,55,59,65,70,77
56841;19.09.2026 22:52;5,9,12,20,23,28,38,42,45,46,50,51,54,55,56,57,62,63,64,75
56842;19.09.2026 22:57;1,2,6,10,12,15,25,26,29,31,33,42,43,52,53,60,62,64,70,71
56843;19.09.2026 23:02;6,9,15,22,23,26,28,33,36,45,51,53,59,62,67,72,74,76,77,79
56844;19.09.2026 23:07;2,4,5,9,13,16,18,19,20,30,34,44,45,51,55,59,62,68,71,74
56845;19.09.2026 23:12;8,15,18,25,26,29,32,39,46,47,50,51,53,54,62,64,67,71,75,80
56846;19.09.2026 23:17;4,9,15,18,29,30,33,36,38,40,47,52,55,57,59,64,76,77,79,80
56847;19.09.2026 23:22;6,10,13,14,15,19,25,27,34,37,43,47,52,53,54,60,61,64,70,73
56848;19.09.2026 23:27;4,13,16,22,31,32,33,35,36,45,47,50,59,61,64,67,68,74,75,80
56849;19.09.2026 23:32;1,5,17,24,25,27,31,40,45,48,51,52,53,56,58,59,72,73,77,80
56850;19.09.2026 23:37;7,12,15,19,22,24,28,33,43,44,45,47,49,50,53,68,72,75,79,80
56851;19.09.2026 23:42;7,13,17,26,27,32,34,41,44,46,52,54,59,61,62,64,69,70,74,75
56852;19.09.2026 23:47;6,11,20,21,27,28,30,34,46,48,52,53,55,59,61,67,68,70,73,77
56853;19.09.2026 23:52;13,16,17,21,23,27,29,33,38,45,47,48,51,56,59,70,72,74,78,79
56854;19.09.2026 23:57;1,3,11,12,18,20,24,25,31,34,35,39,41,44,47,55,57,61,67,77

===== 20.09.2026 | 217 ÇEKİLİŞ =====
56855;20.09.2026 00:02;3,10,15,22,23,32,35,36,41,42,46,48,54,58,65,66,68,69,75,78
56856;20.09.2026 00:07;1,4,5,9,11,29,30,39,41,44,45,49,51,56,57,59,63,64,69,79
56857;20.09.2026 00:12;1,2,4,5,8,9,12,20,21,26,30,38,39,40,41,45,48,51,56,72
56858;20.09.2026 00:17;4,5,6,18,19,20,27,29,35,41,47,53,56,61,64,67,68,70,73,75
56859;20.09.2026 00:22;5,7,12,15,20,26,30,31,33,45,49,55,56,58,62,70,71,74,77,79
56860;20.09.2026 00:27;4,7,8,10,16,26,28,36,37,42,44,46,49,54,55,60,64,68,70,78
56861;20.09.2026 00:32;2,15,16,18,21,22,31,33,37,38,40,42,43,46,55,58,63,67,77,80
56862;20.09.2026 00:37;3,7,8,9,13,14,17,20,21,25,30,35,41,49,58,65,68,71,74,77
56863;20.09.2026 00:42;2,11,17,18,26,28,30,31,33,44,46,51,54,60,64,69,73,74,76,79
56864;20.09.2026 00:47;2,6,8,13,16,18,19,26,28,30,39,44,58,62,65,71,73,75,77,80
56865;20.09.2026 00:52;1,5,10,12,21,34,35,43,45,47,48,50,52,53,54,56,67,72,76,78
56866;20.09.2026 00:57;11,12,18,20,30,31,33,34,43,49,50,51,52,53,59,62,64,69,70,72
56867;20.09.2026 01:02;1,8,14,15,18,19,21,23,27,28,31,35,40,46,52,56,69,71,74,80
56868;20.09.2026 07:02;5,7,8,9,20,22,24,29,37,42,50,51,54,59,63,73,74,76,77,80
56869;20.09.2026 07:07;1,2,4,5,7,17,22,23,30,35,36,37,44,46,48,49,76,77,79,80
56870;20.09.2026 07:12;2,4,6,15,19,22,27,29,31,33,34,46,52,53,58,60,62,64,65,74
56871;20.09.2026 07:17;1,12,19,20,28,31,37,38,43,49,53,54,57,58,60,64,66,67,70,78
56872;20.09.2026 07:22;17,28,36,37,38,39,40,45,47,49,54,56,60,63,70,71,72,73,76,79
56873;20.09.2026 07:27;8,10,13,17,19,20,26,30,31,33,40,41,43,48,55,61,67,75,77,78
56874;20.09.2026 07:32;6,9,10,14,16,18,27,31,35,39,41,42,43,55,56,57,67,74,76,78
56875;20.09.2026 07:37;7,12,14,18,19,24,27,29,30,32,33,34,41,43,48,53,59,60,69,70
56876;20.09.2026 07:42;5,6,7,9,10,12,15,24,26,28,29,41,43,47,53,56,62,65,71,73
56877;20.09.2026 07:47;1,4,7,12,22,27,30,35,37,38,43,44,50,55,57,58,63,64,73,78
56878;20.09.2026 07:52;2,11,13,14,15,19,27,30,40,42,46,48,55,57,58,62,63,67,70,75
56879;20.09.2026 07:57;3,5,8,9,14,15,22,28,29,32,42,43,46,47,48,56,61,62,68,75
56880;20.09.2026 08:02;1,5,11,19,21,23,28,29,37,47,48,56,60,62,63,66,69,75,76,77
56881;20.09.2026 08:07;1,6,8,9,10,19,20,24,26,31,32,36,44,50,53,58,65,68,70,77
56882;20.09.2026 08:12;1,5,6,11,16,17,20,27,30,33,37,41,42,43,45,51,52,57,60,70
56883;20.09.2026 08:17;4,13,21,22,26,31,35,37,40,42,43,44,51,59,64,68,69,72,75,80
56884;20.09.2026 08:22;8,13,17,18,20,23,26,28,41,43,47,48,51,54,57,60,61,66,77,79
56885;20.09.2026 08:27;1,5,7,17,30,35,37,38,39,45,47,52,53,59,65,70,73,74,76,79
56886;20.09.2026 08:32;3,4,5,7,11,14,17,19,21,22,47,52,58,60,69,70,72,76,77,78
56887;20.09.2026 08:37;7,9,13,20,31,33,35,47,48,51,58,63,64,69,70,71,74,76,79,80
56888;20.09.2026 08:42;1,2,4,9,12,13,15,32,35,36,48,56,57,58,59,60,61,70,74,77
56889;20.09.2026 08:47;7,11,12,13,19,20,21,27,30,38,41,42,44,51,61,66,68,71,77,79
56890;20.09.2026 08:52;13,17,20,24,26,28,36,40,42,43,46,50,52,55,57,70,73,76,77,80
56891;20.09.2026 08:57;6,9,10,17,19,24,25,32,33,41,42,51,58,59,62,65,67,68,74,76
56892;20.09.2026 09:02;1,3,7,9,12,14,24,29,41,43,50,52,54,58,59,66,70,77,78,79
56893;20.09.2026 09:07;3,5,28,30,31,32,38,42,43,46,50,53,61,62,63,66,67,69,70,80
56894;20.09.2026 09:12;2,3,7,8,10,15,19,25,31,36,38,42,44,58,60,65,68,73,79,80
56895;20.09.2026 09:17;1,2,3,5,7,9,12,19,22,28,30,37,39,40,53,54,56,64,73,77
56896;20.09.2026 09:22;3,4,11,22,29,33,34,40,41,48,50,57,61,63,65,71,72,74,77,79
56897;20.09.2026 09:27;4,5,12,15,18,32,33,36,37,39,41,46,47,49,51,59,64,65,68,71
56898;20.09.2026 09:32;1,6,7,10,16,33,34,38,43,49,52,55,58,62,67,68,69,70,71,74
56899;20.09.2026 09:37;1,3,10,19,20,25,31,32,33,35,36,42,49,51,59,70,71,74,76,78
56900;20.09.2026 09:42;1,7,10,11,12,13,16,24,28,30,37,47,48,49,50,57,61,64,70,77
56901;20.09.2026 09:47;5,6,7,17,25,33,36,38,39,40,41,43,46,52,54,56,64,69,74,75
56902;20.09.2026 09:52;4,6,8,10,12,13,14,24,29,39,44,51,54,55,58,59,62,63,67,68
56903;20.09.2026 09:57;1,2,3,4,9,14,17,18,27,29,38,44,49,50,52,69,73,75,76,77
56904;20.09.2026 10:02;1,3,4,6,9,10,14,16,27,28,30,31,42,45,65,67,68,69,71,72
56905;20.09.2026 10:07;2,6,15,17,18,19,23,25,32,35,37,39,42,50,56,59,65,69,75,78
56906;20.09.2026 10:12;1,5,8,12,18,25,31,34,36,40,46,48,51,52,60,68,70,72,73,79
56907;20.09.2026 10:17;1,4,6,9,19,24,29,35,37,40,41,51,58,61,62,64,68,75,76,77
56908;20.09.2026 10:22;6,7,11,13,14,16,18,20,29,30,41,43,45,51,54,60,61,63,69,74
56909;20.09.2026 10:27;5,9,13,14,23,24,25,28,29,32,37,48,52,53,56,58,61,67,78,79
56910;20.09.2026 10:32;4,12,15,23,25,27,31,37,40,44,47,49,55,56,57,60,61,63,68,69
56911;20.09.2026 10:37;3,5,8,10,12,18,19,20,21,22,25,27,30,47,48,52,57,59,66,79
56912;20.09.2026 10:42;10,14,15,19,28,31,34,35,36,42,48,50,51,55,59,60,63,72,75,78
56913;20.09.2026 10:47;3,4,5,7,14,21,25,30,34,37,40,42,43,51,52,53,54,57,62,76
56914;20.09.2026 10:52;5,7,10,12,14,15,18,23,24,25,26,32,34,37,38,43,57,69,71,80
56915;20.09.2026 10:57;12,14,16,17,27,33,35,36,39,40,50,52,55,58,62,63,66,70,74,76
56916;20.09.2026 11:02;6,8,9,12,15,17,19,21,25,33,34,44,48,52,53,55,62,63,66,69
56917;20.09.2026 11:07;15,16,25,26,31,35,41,42,46,47,49,50,51,57,58,60,61,62,68,78
56918;20.09.2026 11:12;4,13,14,21,22,23,38,42,45,48,50,55,57,61,62,67,68,69,73,78
56919;20.09.2026 11:17;6,11,12,18,19,21,25,27,29,30,38,39,49,50,53,62,67,69,77,79
56920;20.09.2026 11:22;7,11,13,15,21,25,31,34,35,37,42,43,48,55,59,61,68,69,74,79
56921;20.09.2026 11:27;3,4,13,15,28,31,33,35,37,38,40,41,48,49,52,63,69,70,75,77
56922;20.09.2026 11:32;1,6,7,11,15,26,32,34,35,44,50,52,57,64,65,66,70,76,78,80
56923;20.09.2026 11:37;3,20,21,22,24,31,34,37,45,48,51,57,60,62,63,66,70,72,73,78
56924;20.09.2026 11:42;3,4,5,6,8,13,21,25,35,38,40,47,51,53,55,60,64,69,77,78
56925;20.09.2026 11:47;3,9,13,19,20,24,32,40,44,47,50,52,57,60,61,62,64,67,74,79
56926;20.09.2026 11:52;4,7,10,13,16,17,20,25,27,28,33,38,46,47,55,62,71,74,75,77
56927;20.09.2026 11:57;6,8,12,20,22,23,26,28,29,30,35,37,42,53,63,65,69,73,76,80
56928;20.09.2026 12:02;9,16,17,18,20,22,24,25,28,39,40,44,47,50,52,67,69,70,74,78
56929;20.09.2026 12:07;3,4,6,9,10,13,26,33,34,37,42,45,46,48,50,52,53,55,68,70
56930;20.09.2026 12:12;5,7,8,9,15,18,32,37,38,39,42,43,47,49,54,57,60,66,78,80
56931;20.09.2026 12:17;12,19,33,36,37,41,43,45,48,52,57,60,62,63,66,67,70,73,75,79
56932;20.09.2026 12:22;3,5,12,14,16,18,26,28,29,31,32,34,39,41,49,54,56,60,61,69
56933;20.09.2026 12:27;1,3,6,12,15,20,22,25,37,44,46,48,53,56,60,61,62,67,71,76
56934;20.09.2026 12:32;11,14,19,20,31,35,40,42,43,45,53,56,60,64,70,71,74,76,77,80
56935;20.09.2026 12:37;4,13,15,18,23,24,27,29,49,52,55,57,58,59,70,74,75,76,77,78
56936;20.09.2026 12:42;3,9,12,14,30,31,33,42,43,45,46,50,51,55,56,59,60,67,70,79
56937;20.09.2026 12:47;7,10,22,24,30,32,33,37,38,39,41,45,53,55,57,60,65,69,71,75
56938;20.09.2026 12:52;1,4,10,17,29,33,35,39,44,45,52,54,56,58,66,67,68,71,75,77
56939;20.09.2026 12:57;2,7,12,17,18,26,29,30,42,49,52,55,61,62,66,68,69,75,78,80
56940;20.09.2026 13:02;4,6,8,10,16,22,29,30,45,48,50,52,54,57,60,63,68,70,74,76
56941;20.09.2026 13:07;4,5,7,12,14,20,21,27,30,32,38,42,46,47,48,50,51,54,69,76
56942;20.09.2026 13:12;8,11,12,14,15,16,21,23,32,35,39,44,49,51,54,56,66,68,72,79
56943;20.09.2026 13:17;2,6,14,18,20,21,23,24,26,29,34,38,54,58,61,62,64,66,77,80
56944;20.09.2026 13:22;10,11,15,20,23,27,28,30,33,35,37,42,47,49,50,58,59,64,67,69
56945;20.09.2026 13:27;2,3,5,11,17,23,30,31,36,37,42,47,51,53,60,62,67,69,72,73
56946;20.09.2026 13:32;7,9,11,12,17,18,19,23,25,31,43,45,47,50,55,66,69,77,78,79
56947;20.09.2026 13:37;4,6,22,26,29,30,37,38,42,44,47,48,49,50,54,63,68,74,77,78
56948;20.09.2026 13:42;8,9,11,12,18,24,26,35,36,37,40,41,46,55,58,61,73,76,79,80
56949;20.09.2026 13:47;4,6,7,15,17,19,26,28,37,38,39,47,50,54,55,70,71,74,79,80
56950;20.09.2026 13:52;6,12,17,24,25,34,36,40,47,48,52,55,60,63,64,66,71,73,78,79
56951;20.09.2026 13:57;2,5,8,14,15,18,20,25,26,39,47,48,50,52,59,62,63,65,70,78
56952;20.09.2026 14:02;3,8,10,14,16,19,27,37,39,43,45,59,60,66,68,69,70,71,76,77
56953;20.09.2026 14:07;2,12,16,22,23,29,30,33,34,36,40,42,49,51,52,57,59,70,74,78
56954;20.09.2026 14:12;2,3,8,15,19,22,28,30,32,43,44,45,46,47,49,54,56,69,76,78
56955;20.09.2026 14:17;1,7,16,17,19,20,24,29,30,34,38,42,51,55,58,65,66,76,77,80
56956;20.09.2026 14:22;9,10,13,15,20,26,33,39,43,44,46,47,49,50,55,62,64,67,75,76
56957;20.09.2026 14:27;8,11,12,13,26,35,40,48,51,55,56,58,60,61,63,67,70,74,75,77
56958;20.09.2026 14:32;10,13,14,15,16,30,37,39,40,42,44,45,47,54,56,70,71,72,73,78
56959;20.09.2026 14:37;2,5,7,10,15,16,22,27,40,42,44,50,55,59,60,67,72,73,76,80
56960;20.09.2026 14:42;5,6,11,14,15,24,25,30,34,36,38,40,49,52,54,61,70,71,72,79
56961;20.09.2026 14:47;3,4,7,13,16,19,31,35,40,43,45,51,54,57,58,65,67,70,73,77
56962;20.09.2026 14:52;1,4,11,13,19,20,30,31,32,33,34,36,37,38,51,52,59,63,66,71
56963;20.09.2026 14:57;1,8,9,11,12,16,19,23,24,33,36,45,49,55,58,60,61,72,73,75
56964;20.09.2026 15:02;3,6,7,9,13,14,17,19,25,29,38,44,45,46,48,50,55,59,72,77
56965;20.09.2026 15:07;4,5,9,13,14,25,30,34,36,42,45,47,53,54,56,63,64,68,69,70
56966;20.09.2026 15:12;3,6,11,16,21,24,44,45,49,50,53,56,58,65,66,68,71,74,76,77
56967;20.09.2026 15:17;4,13,18,29,32,37,44,47,50,51,55,57,58,65,67,69,72,73,74,76
56968;20.09.2026 15:22;2,6,7,10,11,15,16,19,28,36,52,54,58,61,63,66,69,73,76,79
56969;20.09.2026 15:27;4,5,6,9,11,12,16,19,26,44,51,54,55,57,58,59,62,70,75,76
56970;20.09.2026 15:32;4,11,12,16,21,30,32,36,49,51,52,54,58,60,63,64,65,69,75,78
56971;20.09.2026 15:37;2,6,9,10,11,20,24,27,31,34,36,38,49,50,56,59,66,71,74,75
56972;20.09.2026 15:42;1,3,24,31,32,33,34,38,47,49,51,61,62,66,68,69,76,78,79,80
56973;20.09.2026 15:47;3,7,9,19,30,32,33,39,40,43,44,47,51,55,60,65,66,69,74,80
56974;20.09.2026 15:52;2,5,16,21,28,33,35,41,44,46,47,50,54,56,60,62,69,70,78,80
56975;20.09.2026 15:57;11,13,22,25,28,33,35,37,45,48,49,59,62,64,67,70,73,74,78,80
56976;20.09.2026 16:02;3,6,13,23,25,26,41,45,46,48,50,52,55,61,65,67,68,69,76,80
56977;20.09.2026 16:07;6,9,10,16,18,24,25,26,31,36,50,54,57,59,64,65,70,73,74,80
56978;20.09.2026 16:12;1,4,10,11,18,21,35,41,43,47,49,54,56,59,60,66,70,71,77,78
56979;20.09.2026 16:17;2,5,6,7,13,18,19,28,30,34,36,37,39,41,49,56,57,61,66,79
56980;20.09.2026 16:22;3,5,14,15,22,25,27,28,36,40,42,49,50,53,56,64,66,69,74,75
56981;20.09.2026 16:27;3,4,7,9,11,12,14,17,25,27,28,29,35,46,49,54,55,66,71,78
56982;20.09.2026 16:32;1,5,6,8,9,10,19,23,28,29,32,37,41,49,52,58,61,71,74,75
56983;20.09.2026 16:37;1,4,5,6,8,11,14,16,17,21,38,54,55,58,59,65,68,73,74,79
56984;20.09.2026 16:42;1,2,5,6,8,13,16,17,19,24,30,35,39,41,48,52,56,61,67,70
56985;20.09.2026 16:47;2,4,5,8,14,16,23,24,25,33,36,40,48,49,52,58,70,76,78,80
56986;20.09.2026 16:52;9,14,17,19,22,28,31,37,45,49,57,60,61,62,66,70,72,75,77,79
56987;20.09.2026 16:57;5,6,9,12,19,21,29,32,40,41,43,50,54,56,63,67,70,78,79,80
56988;20.09.2026 17:02;8,9,10,12,16,17,20,29,36,38,40,41,45,57,58,60,65,71,73,78
56989;20.09.2026 17:07;7,10,13,16,19,21,22,33,36,38,47,50,54,55,57,59,68,70,76,79
56990;20.09.2026 17:12;2,5,6,13,28,30,32,35,46,48,52,57,59,67,68,69,71,72,73,74
56991;20.09.2026 17:17;3,11,12,18,22,25,27,29,33,37,43,48,60,64,72,74,76,77,78,79
56992;20.09.2026 17:22;6,12,14,15,27,29,30,31,53,54,56,58,59,64,65,66,67,68,74,75
56993;20.09.2026 17:27;2,8,9,10,13,19,24,25,34,35,38,39,41,60,61,63,64,70,74,79
56994;20.09.2026 17:32;1,2,7,16,18,19,20,22,26,31,38,39,41,46,48,54,56,67,74,78
56995;20.09.2026 17:37;2,4,5,7,10,11,18,24,36,44,49,64,67,68,70,71,74,77,79,80
56996;20.09.2026 17:42;3,7,8,9,15,16,20,25,29,33,37,40,46,47,52,53,59,60,63,73
56997;20.09.2026 17:47;1,8,12,14,15,17,18,25,26,29,38,42,49,55,64,65,66,70,75,80
56998;20.09.2026 17:52;3,4,12,14,27,31,39,40,42,44,45,49,50,51,54,58,66,69,72,78
56999;20.09.2026 17:57;3,4,12,20,27,28,32,34,35,41,44,46,48,52,58,60,64,68,74,78
57000;20.09.2026 18:02;3,5,8,11,19,21,22,24,25,27,28,46,49,50,52,53,54,58,67,78
57001;20.09.2026 18:07;12,13,19,20,23,24,32,33,42,53,54,57,59,62,64,70,71,74,75,77
57002;20.09.2026 18:12;1,8,9,13,18,26,29,39,42,49,50,51,53,54,62,63,65,69,72,75
57003;20.09.2026 18:17;1,4,5,9,12,15,21,22,28,37,42,47,49,54,58,60,64,71,72,74
57004;20.09.2026 18:22;1,2,5,6,7,14,18,21,33,39,43,45,48,51,59,72,74,75,76,80
57005;20.09.2026 18:27;19,21,22,30,33,36,39,43,45,46,49,50,51,57,58,60,65,69,73,76
57006;20.09.2026 18:32;2,3,12,14,18,22,28,29,31,34,44,45,53,54,64,70,73,74,75,79
57007;20.09.2026 18:37;1,2,14,20,21,27,28,33,42,47,48,49,54,61,65,66,69,70,75,76
57008;20.09.2026 18:42;7,11,14,22,23,29,32,40,41,44,49,51,52,57,60,61,62,70,72,75
57009;20.09.2026 18:47;3,9,16,23,25,35,37,38,40,42,45,46,50,54,55,56,59,67,78,80
57010;20.09.2026 18:52;1,3,5,9,14,26,27,32,36,38,40,47,48,50,52,58,66,70,75,76
57011;20.09.2026 18:57;1,2,5,6,11,16,17,18,25,27,39,44,47,51,56,57,60,69,71,80
57012;20.09.2026 19:02;3,8,15,24,28,40,43,44,46,49,53,66,68,71,72,73,74,75,76,79
57013;20.09.2026 19:07;14,25,35,36,37,40,44,47,48,49,54,59,61,62,69,71,73,74,76,79
57014;20.09.2026 19:12;8,10,14,17,21,29,31,40,42,43,46,47,48,51,53,63,64,70,72,74
57015;20.09.2026 19:17;19,26,28,37,38,39,40,46,48,50,55,59,61,65,66,68,71,76,77,79
57016;20.09.2026 19:22;4,7,9,15,20,24,30,33,35,38,39,51,54,57,63,65,67,70,75,76
57017;20.09.2026 19:27;1,5,9,11,20,26,27,28,30,34,35,37,42,48,52,62,63,66,71,75
57018;20.09.2026 19:32;2,6,15,23,25,30,34,37,38,43,46,49,50,61,62,64,69,73,75,76
57019;20.09.2026 19:37;4,5,8,10,20,26,37,38,39,43,45,50,54,61,64,66,73,75,77,79
57020;20.09.2026 19:42;3,8,17,22,23,29,30,32,38,42,51,52,53,55,56,58,59,60,77,79
57021;20.09.2026 19:47;3,4,7,10,13,16,23,27,35,39,52,53,54,55,64,65,68,72,73,78
57022;20.09.2026 19:52;1,3,4,11,12,13,20,23,24,25,32,33,36,42,49,66,72,74,78,79
57023;20.09.2026 19:57;9,16,17,18,27,28,29,31,37,42,47,49,50,51,53,56,57,61,67,70
57024;20.09.2026 20:02;2,8,9,11,16,24,26,27,32,37,39,42,48,53,55,68,69,72,73,79
57025;20.09.2026 20:07;5,6,10,13,14,15,31,35,37,41,43,44,52,53,61,66,67,73,76,77
57026;20.09.2026 20:12;2,9,12,19,20,22,30,36,37,42,43,49,56,61,63,68,73,74,76,77
57027;20.09.2026 20:17;1,5,6,10,15,18,19,25,26,29,32,35,44,47,55,56,64,65,73,75
57028;20.09.2026 20:22;3,10,14,20,21,29,30,32,37,39,42,54,55,56,61,66,68,69,70,74
57029;20.09.2026 20:27;1,6,9,12,15,35,37,38,40,41,49,58,62,64,66,71,74,75,76,77
57030;20.09.2026 20:32;3,4,6,7,11,12,23,25,34,42,46,47,49,52,56,61,65,69,77,78
57031;20.09.2026 20:37;4,11,14,19,20,26,29,30,31,33,38,39,44,51,52,53,59,73,75,78
57032;20.09.2026 20:42;13,14,15,22,26,34,35,38,42,46,50,51,52,56,62,67,69,74,75,77
57033;20.09.2026 20:47;3,5,7,8,11,16,19,20,22,39,42,43,49,50,51,52,53,61,75,79
57034;20.09.2026 20:52;2,4,5,12,23,25,26,30,31,33,36,37,38,52,56,59,66,71,72,73
57035;20.09.2026 20:57;2,3,6,12,20,21,26,27,39,41,43,44,45,48,50,52,57,68,74,76
57036;20.09.2026 21:02;11,12,21,26,29,30,33,34,41,44,47,53,56,68,70,72,73,76,79,80
57037;20.09.2026 21:07;6,7,10,13,14,20,24,27,41,44,48,49,56,58,60,61,62,68,76,77
57038;20.09.2026 21:12;5,13,14,16,18,19,20,23,29,33,38,39,42,44,47,52,53,56,60,78
57039;20.09.2026 21:17;6,8,18,20,21,25,28,39,42,49,51,52,55,57,58,60,62,64,73,78
57040;20.09.2026 21:22;11,12,17,34,35,38,40,43,44,46,47,52,55,60,65,69,71,73,76,79
57041;20.09.2026 21:27;8,9,13,16,17,19,22,29,35,38,42,43,44,50,51,53,62,70,73,79
57042;20.09.2026 21:32;2,4,8,13,16,18,23,26,27,34,39,44,47,50,51,55,59,65,66,68
57043;20.09.2026 21:37;2,7,9,12,13,17,18,31,37,38,45,47,52,53,62,68,69,71,73,80
57044;20.09.2026 21:42;1,3,4,5,14,15,17,33,34,38,40,43,44,45,48,50,53,67,72,79
57045;20.09.2026 21:47;4,15,19,21,23,30,39,50,51,52,54,58,59,61,63,66,67,68,75,77
57046;20.09.2026 21:52;2,5,7,8,17,28,34,37,39,40,42,47,48,53,57,65,68,76,78,79
57047;20.09.2026 21:57;8,12,13,15,19,21,25,26,27,31,32,45,51,52,56,62,66,75,77,80
57048;20.09.2026 22:02;1,2,4,6,8,11,24,25,30,35,38,45,46,50,52,58,59,61,62,75
57049;20.09.2026 22:07;2,4,6,8,22,23,25,26,27,28,29,37,40,41,51,57,61,62,74,75
57050;20.09.2026 22:12;3,4,7,8,10,15,16,26,35,37,40,43,44,50,53,54,68,73,74,79
57051;20.09.2026 22:17;7,15,28,31,38,40,43,46,48,49,50,52,60,63,64,67,69,70,72,76
57052;20.09.2026 22:22;2,4,11,18,25,27,30,37,39,41,44,45,50,56,57,59,60,68,76,79
57053;20.09.2026 22:27;6,9,10,18,21,27,29,33,39,41,50,53,55,60,62,68,74,75,78,80
57054;20.09.2026 22:32;3,5,7,9,12,25,28,33,43,44,45,49,54,59,65,66,70,73,75,78
57055;20.09.2026 22:37;3,6,10,14,18,21,23,25,29,30,31,48,49,54,58,59,63,70,73,80
57056;20.09.2026 22:42;1,10,16,17,18,19,27,28,31,33,38,46,47,50,58,59,61,66,73,79
57057;20.09.2026 22:47;7,12,22,25,28,35,36,39,41,45,48,49,51,52,59,62,69,70,71,75
57058;20.09.2026 22:52;1,10,11,12,13,17,19,23,28,40,46,47,53,56,62,64,68,72,75,79
57059;20.09.2026 22:57;1,5,10,14,17,18,22,23,24,46,48,50,61,63,66,67,69,70,75,80
57060;20.09.2026 23:02;3,9,11,17,21,22,24,25,26,27,32,33,35,37,46,48,51,64,68,69
57061;20.09.2026 23:07;1,9,11,22,25,30,31,35,41,47,55,60,61,62,63,65,72,74,75,76
57062;20.09.2026 23:12;1,2,18,19,23,24,25,26,29,33,43,48,49,50,51,57,63,64,72,76
57063;20.09.2026 23:17;9,10,14,17,24,32,34,40,44,45,50,52,54,63,65,68,69,73,77,80
57064;20.09.2026 23:22;2,9,11,13,15,23,25,29,31,40,42,43,55,56,61,63,65,68,72,80
57065;20.09.2026 23:27;13,14,26,27,30,32,34,35,38,40,41,44,52,53,56,62,70,75,76,78
57066;20.09.2026 23:32;1,13,17,18,19,20,23,26,27,28,30,36,46,47,52,57,62,65,68,79
57067;20.09.2026 23:37;2,16,19,21,28,30,36,40,44,47,50,54,55,57,59,61,62,67,71,73
57068;20.09.2026 23:42;8,15,17,20,22,25,28,29,39,41,43,50,52,54,55,56,68,72,78,79
57069;20.09.2026 23:47;2,5,12,13,18,20,26,28,31,33,37,38,39,44,48,52,65,66,67,76
57070;20.09.2026 23:52;2,3,11,14,16,22,25,29,30,34,36,42,46,51,52,55,75,76,77,78
57071;20.09.2026 23:57;7,8,15,19,27,34,35,38,54,55,57,61,64,65,66,67,69,70,72,79

===== 21.09.2026 | 217 ÇEKİLİŞ =====
57072;21.09.2026 00:02;6,11,14,15,17,21,25,26,30,39,40,46,55,57,62,76,77,78,79,80
57073;21.09.2026 00:07;9,11,13,19,31,32,35,44,47,49,50,53,57,58,70,71,72,76,77,80
57074;21.09.2026 00:12;13,16,30,31,33,34,37,39,42,53,54,57,61,63,67,71,75,77,78,80
57075;21.09.2026 00:17;5,6,8,13,24,25,34,35,36,38,40,46,52,53,55,56,57,67,71,73
57076;21.09.2026 00:22;1,5,9,10,13,14,25,30,33,34,41,45,49,50,52,65,68,71,73,77
57077;21.09.2026 00:27;1,5,11,14,20,21,23,26,34,44,45,47,50,53,57,58,67,73,77,79
57078;21.09.2026 00:32;2,3,6,7,8,10,16,19,20,23,25,28,29,51,56,57,65,70,72,79
57079;21.09.2026 00:37;4,5,10,11,18,19,25,32,34,35,37,40,42,44,53,60,61,71,72,74
57080;21.09.2026 00:42;2,5,8,9,11,13,17,19,25,27,34,45,48,53,57,62,63,64,65,79
57081;21.09.2026 00:47;1,7,8,20,22,24,26,33,44,45,48,52,54,57,65,66,75,76,77,79
57082;21.09.2026 00:52;4,12,13,23,24,28,29,39,40,47,52,54,55,60,68,69,70,74,76,78
57083;21.09.2026 00:57;1,3,4,10,14,17,21,27,29,32,34,35,39,51,52,53,55,57,66,67
57084;21.09.2026 01:02;5,8,16,24,25,26,35,40,46,50,59,61,62,64,66,67,72,73,74,75
57085;21.09.2026 07:02;1,2,3,4,7,13,24,29,47,50,51,58,59,60,61,65,68,73,75,77
57086;21.09.2026 07:07;3,6,9,10,11,13,17,19,21,22,23,25,33,35,37,54,63,66,67,70
57087;21.09.2026 07:12;12,13,29,30,31,33,35,38,39,40,45,48,50,52,55,56,63,64,76,80
57088;21.09.2026 07:17;1,3,4,5,11,13,15,18,24,33,34,35,41,42,47,65,73,74,78,79
57089;21.09.2026 07:22;2,15,17,25,27,33,37,40,41,44,46,48,49,56,58,59,60,63,67,78
57090;21.09.2026 07:27;1,7,9,11,14,15,16,17,18,21,23,26,31,36,38,42,49,53,61,71
57091;21.09.2026 07:32;5,11,12,16,22,26,32,37,40,41,46,49,51,52,56,59,61,62,63,77
57092;21.09.2026 07:37;4,6,7,11,13,16,22,23,24,30,31,33,40,48,53,61,62,68,69,78
57093;21.09.2026 07:42;2,8,11,13,16,18,21,22,28,33,42,44,49,50,55,59,61,63,71,76
57094;21.09.2026 07:47;1,2,3,4,5,7,16,21,25,28,30,41,42,48,58,62,69,70,72,73
57095;21.09.2026 07:52;2,6,7,9,10,22,31,33,37,38,41,44,47,49,50,55,64,66,79,80
57096;21.09.2026 07:57;3,4,7,9,13,15,18,23,27,29,48,51,53,55,56,61,65,73,75,76
57097;21.09.2026 08:02;3,5,10,11,12,15,18,21,23,25,30,33,39,61,64,65,68,74,79,80
57098;21.09.2026 08:07;1,4,6,7,8,12,17,22,25,27,28,36,38,40,44,51,53,56,60,72
57099;21.09.2026 08:12;2,8,9,13,15,21,24,27,33,34,35,42,43,46,49,57,62,71,73,77
57100;21.09.2026 08:17;2,9,12,15,16,17,21,22,27,29,30,36,42,43,51,61,62,64,77,79
57101;21.09.2026 08:22;8,17,19,20,21,25,28,34,35,38,42,57,58,59,61,63,68,72,74,79
57102;21.09.2026 08:27;1,7,10,12,14,23,27,33,37,38,39,41,43,45,46,56,57,59,68,70
57103;21.09.2026 08:32;2,10,13,18,29,32,33,36,40,43,44,49,55,56,57,61,66,77,78,79
57104;21.09.2026 08:37;12,13,15,16,18,23,26,29,30,35,41,42,51,53,56,62,69,70,73,80
57105;21.09.2026 08:42;3,6,18,20,21,30,35,37,38,41,42,44,53,57,58,61,64,65,69,79
57106;21.09.2026 08:47;15,16,17,19,20,22,36,42,44,47,48,54,59,60,61,68,71,72,77,79
57107;21.09.2026 08:52;4,10,15,16,17,26,28,32,42,45,46,51,54,55,58,67,68,71,77,79
57108;21.09.2026 08:57;1,8,10,12,15,19,27,37,43,45,50,51,53,54,55,57,64,70,75,76
57109;21.09.2026 09:02;3,7,15,16,26,32,34,36,41,45,46,58,59,62,67,72,73,75,78,80
57110;21.09.2026 09:07;1,11,22,25,27,28,30,37,39,42,44,48,49,53,56,59,62,68,73,77
57111;21.09.2026 09:12;2,6,16,18,19,20,21,29,37,38,39,40,41,46,49,54,58,65,66,74
57112;21.09.2026 09:17;3,7,11,12,18,20,28,34,36,38,41,44,46,49,58,64,65,67,68,78
57113;21.09.2026 09:22;3,4,8,10,11,12,13,16,20,32,44,50,52,57,58,60,61,69,74,79
57114;21.09.2026 09:27;2,3,7,11,14,16,17,18,20,30,34,35,37,41,50,51,54,57,77,79
57115;21.09.2026 09:32;2,7,8,11,15,18,22,23,24,28,37,44,47,49,52,54,64,71,72,75
57116;21.09.2026 09:37;1,10,11,14,16,26,30,31,35,39,43,48,49,53,54,62,64,68,78,79
57117;21.09.2026 09:42;1,4,5,6,12,13,17,19,21,22,27,36,37,38,39,40,55,66,70,72
57118;21.09.2026 09:47;2,4,8,11,17,18,26,29,31,36,38,44,50,56,62,70,76,78,79,80
57119;21.09.2026 09:52;3,10,13,22,25,26,27,37,38,39,42,43,46,52,55,58,67,68,69,80
57120;21.09.2026 09:57;1,4,7,8,9,10,13,19,20,21,25,27,36,46,47,52,53,62,66,77
57121;21.09.2026 10:02;1,11,13,15,20,22,30,36,37,39,46,50,57,58,60,64,65,68,78,80
57122;21.09.2026 10:07;4,6,8,10,11,13,15,16,17,31,32,41,42,45,50,66,68,69,74,77
57123;21.09.2026 10:12;2,4,9,18,21,27,28,29,30,33,39,41,45,49,52,53,76,77,78,80
57124;21.09.2026 10:17;2,8,9,11,16,17,18,19,24,26,30,36,51,56,57,59,64,70,72,73
57125;21.09.2026 10:22;1,6,7,16,17,18,26,29,30,31,35,36,48,51,59,64,74,75,77,79
57126;21.09.2026 10:27;2,3,6,14,19,27,33,34,35,39,42,45,48,50,51,66,71,72,78,80
57127;21.09.2026 10:32;5,6,11,24,25,27,31,32,36,40,42,44,52,54,59,60,62,70,75,76
57128;21.09.2026 10:37;2,3,4,10,17,19,20,23,24,26,32,35,37,40,66,67,69,74,75,80
57129;21.09.2026 10:42;3,5,8,12,22,30,32,34,35,36,44,48,55,56,57,59,66,67,77,80
57130;21.09.2026 10:47;8,15,16,18,19,21,30,33,36,37,38,54,55,58,59,61,62,66,70,71
57131;21.09.2026 10:52;3,4,5,6,7,10,22,33,38,40,43,45,49,56,63,66,67,69,70,74
57132;21.09.2026 10:57;1,4,9,12,13,22,23,30,32,34,52,58,64,65,66,70,71,72,73,75
57133;21.09.2026 11:02;6,7,14,22,24,25,28,32,33,41,46,54,59,61,64,65,70,72,75,78
57134;21.09.2026 11:07;5,6,7,16,17,25,27,29,33,40,44,48,51,54,62,64,66,75,76,78
57135;21.09.2026 11:12;6,7,9,12,13,21,27,29,31,33,35,40,45,52,57,59,65,70,74,80
57136;21.09.2026 11:17;2,4,5,6,8,21,24,27,29,30,33,34,45,46,47,50,52,74,75,80
57137;21.09.2026 11:22;5,7,10,12,20,24,31,36,38,39,41,42,43,46,52,57,67,73,79,80
57138;21.09.2026 11:27;1,3,13,15,17,18,19,21,23,27,28,29,34,39,41,43,48,72,76,79
57139;21.09.2026 11:32;3,6,14,17,20,22,32,34,35,40,46,48,58,59,60,63,64,72,74,77
57140;21.09.2026 11:37;3,5,13,17,24,25,26,29,32,33,34,37,48,49,51,53,57,65,66,78
57141;21.09.2026 11:42;5,8,14,16,27,31,34,36,45,46,54,59,62,64,65,66,74,75,78,79
57142;21.09.2026 11:47;1,12,14,18,23,25,27,30,32,44,54,55,60,62,66,67,69,74,75,80
57143;21.09.2026 11:52;4,6,7,8,9,12,13,15,16,26,40,41,45,51,54,58,61,64,69,73
57144;21.09.2026 11:57;1,10,15,16,21,24,32,38,46,47,48,50,56,60,68,71,75,76,77,78
57145;21.09.2026 12:02;1,4,9,10,13,24,25,31,33,38,41,42,47,51,53,54,55,62,69,70
57146;21.09.2026 12:07;3,4,5,6,9,11,24,27,28,35,36,39,41,44,54,57,58,63,69,70
57147;21.09.2026 12:12;2,7,11,15,16,18,24,28,32,36,41,45,47,51,52,53,58,60,73,78
57148;21.09.2026 12:17;3,5,8,11,20,22,30,32,34,39,42,43,51,53,54,57,65,74,77,78
57149;21.09.2026 12:22;1,2,4,12,13,16,20,22,25,26,38,41,43,46,47,51,60,68,69,71
57150;21.09.2026 12:27;1,3,15,19,22,26,27,32,36,37,42,43,49,57,64,67,69,76,77,78
57151;21.09.2026 12:32;3,6,19,23,30,35,40,42,47,52,54,55,56,57,63,64,67,75,79,80
57152;21.09.2026 12:37;5,12,19,22,32,33,34,35,42,43,44,51,52,53,60,61,62,70,71,73
57153;21.09.2026 12:42;2,6,7,8,13,21,23,24,29,33,42,43,46,54,58,61,64,67,68,75
57154;21.09.2026 12:47;13,14,16,19,26,27,28,29,31,33,39,45,46,48,66,68,69,71,74,78
57155;21.09.2026 12:52;8,13,18,21,24,26,28,30,32,33,36,50,54,57,60,62,65,68,71,79
57156;21.09.2026 12:57;1,3,10,11,13,16,18,21,27,46,47,51,59,68,69,70,73,75,79,80
57157;21.09.2026 13:02;2,12,17,18,19,21,23,27,31,32,39,40,49,56,61,72,75,78,79,80
57158;21.09.2026 13:07;1,6,10,18,19,27,29,31,32,33,45,51,53,55,56,60,63,73,77,78
57159;21.09.2026 13:12;1,6,8,9,10,17,25,27,28,34,35,41,46,58,62,67,70,71,72,76
57160;21.09.2026 13:17;11,20,21,27,28,34,40,41,44,50,51,54,56,59,61,63,69,73,79,80
57161;21.09.2026 13:22;1,5,9,19,20,21,22,23,38,40,41,49,50,51,53,59,63,68,74,79
57162;21.09.2026 13:27;5,6,7,8,11,13,16,20,23,25,29,30,32,43,49,54,57,64,75,76
57163;21.09.2026 13:32;2,6,22,26,30,34,36,39,41,42,44,48,49,59,61,63,64,66,70,79
57164;21.09.2026 13:37;5,6,8,10,17,23,25,33,37,40,41,43,47,50,55,58,66,72,74,77
57165;21.09.2026 13:42;4,5,6,15,17,20,28,36,43,51,55,56,62,65,69,70,72,76,77,79
57166;21.09.2026 13:47;4,15,17,18,21,25,30,37,41,44,49,53,55,57,59,65,71,72,76,79
57167;21.09.2026 13:52;2,8,9,12,16,20,21,27,32,36,37,39,40,43,49,53,55,65,66,68
57168;21.09.2026 13:57;5,8,17,20,24,26,28,29,37,38,40,45,49,53,54,57,69,71,76,77
57169;21.09.2026 14:02;3,5,10,11,12,15,16,20,21,29,32,33,34,35,40,46,56,63,66,74
57170;21.09.2026 14:07;2,5,6,8,13,15,17,18,23,26,31,37,40,47,48,52,54,57,64,76
57171;21.09.2026 14:12;2,13,15,18,19,20,26,30,31,33,35,36,43,45,49,53,60,62,77,80
57172;21.09.2026 14:17;2,11,12,19,28,31,36,37,40,43,49,53,58,59,60,65,71,72,75,79
57173;21.09.2026 14:22;2,9,17,21,23,27,29,32,41,42,48,52,54,56,58,64,66,67,69,76
57174;21.09.2026 14:27;1,3,5,20,21,23,24,26,28,30,34,37,39,49,53,54,56,59,64,74
57175;21.09.2026 14:32;4,14,16,19,20,21,25,32,35,36,37,41,42,46,54,55,57,69,70,77
57176;21.09.2026 14:37;1,9,13,15,24,26,30,34,48,49,53,59,61,62,63,65,66,67,75,77
57177;21.09.2026 14:42;9,10,12,20,22,23,27,34,38,39,42,43,45,53,60,66,72,76,77,79
57178;21.09.2026 14:47;1,3,10,11,13,15,20,23,28,37,43,50,51,57,59,65,69,72,78,79
57179;21.09.2026 14:52;8,11,12,20,21,31,37,40,42,43,49,50,51,52,58,62,67,74,78,80
57180;21.09.2026 14:57;2,4,6,14,16,23,25,27,33,39,40,44,64,65,66,67,71,73,76,78
57181;21.09.2026 15:02;1,3,9,15,33,38,42,46,48,50,58,66,67,69,70,74,75,76,78,80
57182;21.09.2026 15:07;3,4,12,16,17,28,29,30,35,40,43,45,50,61,64,72,73,77,79,80
57183;21.09.2026 15:12;2,3,16,19,23,27,28,29,35,39,40,48,49,52,56,65,67,70,71,79
57184;21.09.2026 15:17;1,13,14,17,18,22,23,25,26,31,33,37,40,50,58,62,66,67,76,78
57185;21.09.2026 15:22;8,10,13,14,17,20,22,25,26,29,33,35,42,47,48,52,56,57,60,70
57186;21.09.2026 15:27;3,6,9,11,12,13,18,19,21,23,32,48,50,54,57,59,64,70,72,76
57187;21.09.2026 15:32;10,11,13,26,32,33,35,42,43,50,51,53,56,59,62,63,64,66,67,76
57188;21.09.2026 15:37;6,12,14,16,18,19,26,29,36,38,40,43,51,52,59,63,68,69,70,75
57189;21.09.2026 15:42;2,3,10,13,16,17,21,26,29,31,38,39,44,48,49,50,54,73,77,80
57190;21.09.2026 15:47;11,13,14,16,19,24,31,34,38,41,43,44,46,51,53,66,68,69,71,74
57191;21.09.2026 15:52;1,3,9,11,12,15,23,30,37,38,39,40,43,49,54,57,65,72,75,79
57192;21.09.2026 15:57;8,10,17,19,21,22,26,27,33,39,40,43,44,45,48,63,66,67,77,79
57193;21.09.2026 16:02;1,3,10,19,22,24,28,36,39,40,41,43,47,49,52,53,54,58,73,78
57194;21.09.2026 16:07;1,4,5,6,11,12,14,20,21,23,28,29,31,32,34,40,44,45,57,64
57195;21.09.2026 16:12;1,4,6,7,8,15,24,35,36,37,39,43,49,55,56,59,62,63,64,75
57196;21.09.2026 16:17;17,18,20,22,31,43,53,54,58,59,60,61,62,63,66,72,75,76,77,80
57197;21.09.2026 16:22;3,5,10,15,17,18,20,22,29,30,32,37,40,42,43,61,67,68,72,79
57198;21.09.2026 16:27;3,4,11,12,13,17,18,19,31,32,33,39,40,48,49,62,68,77,78,80
57199;21.09.2026 16:32;3,4,5,15,17,24,38,40,46,50,51,53,60,62,64,70,74,75,78,80
57200;21.09.2026 16:37;3,4,6,15,16,19,20,21,30,31,42,43,46,50,54,63,68,70,72,73
57201;21.09.2026 16:42;2,5,7,8,15,18,21,23,27,30,37,42,43,44,54,56,59,62,68,80
57202;21.09.2026 16:47;5,8,15,17,18,19,20,28,32,35,39,42,43,47,55,65,66,69,72,79
57203;21.09.2026 16:52;1,2,3,13,17,18,24,29,30,39,40,41,45,49,56,58,70,71,77,79
57204;21.09.2026 16:57;5,7,8,13,23,25,27,29,30,37,45,51,52,56,66,71,72,76,78,79
57205;21.09.2026 17:02;4,7,8,10,12,20,23,24,35,36,37,46,52,53,56,57,60,67,68,72
57206;21.09.2026 17:07;5,15,20,27,28,30,32,35,44,46,50,52,53,58,59,62,65,67,76,79
57207;21.09.2026 17:12;3,11,14,15,17,21,26,36,37,38,46,47,53,56,66,71,75,77,79,80
57208;21.09.2026 17:17;7,11,12,15,20,28,30,34,36,39,47,52,56,57,66,68,69,74,76,78
57209;21.09.2026 17:22;1,2,8,10,15,22,25,31,32,34,38,43,47,48,55,57,75,77,79,80
57210;21.09.2026 17:27;8,18,28,30,31,33,34,36,38,42,45,52,59,60,63,66,67,68,76,77
57211;21.09.2026 17:32;12,21,23,25,26,27,33,35,40,44,45,46,50,60,62,64,66,67,74,78
57212;21.09.2026 17:37;3,8,11,12,14,15,16,22,24,30,31,36,44,46,48,55,56,59,62,69
57213;21.09.2026 17:42;5,8,26,38,40,41,46,47,50,51,54,55,57,60,63,67,71,77,78,80
57214;21.09.2026 17:47;12,18,19,20,24,25,27,29,31,36,40,43,45,46,48,50,55,56,66,80
57215;21.09.2026 17:52;1,2,7,12,13,16,24,31,34,38,41,48,51,60,64,67,68,69,71,76
57216;21.09.2026 17:57;1,4,13,17,20,22,31,34,35,44,47,48,50,55,60,66,72,73,75,80
57217;21.09.2026 18:02;2,3,5,10,13,14,16,33,38,41,48,51,53,61,63,67,69,72,77,78
57218;21.09.2026 18:07;2,7,17,18,21,31,34,35,41,42,47,51,58,61,65,68,71,75,76,78
57219;21.09.2026 18:12;4,5,6,9,10,18,25,26,27,28,30,31,32,36,39,59,62,67,72,80
57220;21.09.2026 18:17;2,3,4,5,6,7,9,10,15,20,23,33,43,47,59,60,66,73,76,80
57221;21.09.2026 18:22;3,4,15,17,22,24,25,28,30,36,47,53,54,56,58,60,62,63,69,72
57222;21.09.2026 18:27;4,5,9,14,23,25,26,27,30,33,38,44,48,50,51,53,62,63,71,73
57223;21.09.2026 18:32;6,11,14,16,24,34,37,42,47,48,49,56,60,69,72,73,74,75,77,79
57224;21.09.2026 18:37;3,10,13,27,29,32,33,39,40,41,44,45,51,56,58,60,62,67,73,78
57225;21.09.2026 18:42;2,10,12,18,20,26,27,31,33,36,43,46,52,55,57,72,74,75,76,80
57226;21.09.2026 18:47;1,5,6,11,12,13,14,15,20,21,24,26,34,37,49,52,58,60,63,72
57227;21.09.2026 18:52;8,9,12,20,22,25,27,29,34,41,49,53,56,61,65,67,70,71,74,79
57228;21.09.2026 18:57;3,9,10,16,19,24,34,35,36,39,49,50,51,53,54,57,58,64,69,72
57229;21.09.2026 19:02;6,8,14,16,19,23,25,35,37,39,40,41,43,45,49,50,71,75,77,80
57230;21.09.2026 19:07;6,7,8,13,21,24,25,28,30,37,39,43,44,45,59,62,69,71,78,80
57231;21.09.2026 19:12;5,6,15,18,31,34,35,39,40,49,59,64,65,68,69,70,71,72,73,78
57232;21.09.2026 19:17;2,10,12,20,24,25,29,30,32,33,36,43,47,59,60,62,63,71,77,79
57233;21.09.2026 19:22;1,2,3,4,6,8,10,13,17,24,32,35,39,43,47,53,59,62,64,75
57234;21.09.2026 19:27;6,7,16,17,26,30,38,45,47,53,54,56,58,59,60,64,69,71,72,77
57235;21.09.2026 19:32;1,9,14,19,21,25,31,33,35,40,42,45,48,53,54,55,67,76,78,79
57236;21.09.2026 19:37;5,7,23,24,26,32,34,35,42,43,44,48,51,57,61,62,66,71,74,78
57237;21.09.2026 19:42;1,7,11,16,23,24,25,26,27,32,35,43,47,52,55,59,61,69,73,80
57238;21.09.2026 19:47;3,6,12,15,20,21,23,25,34,39,40,43,46,49,55,63,65,66,74,77
57239;21.09.2026 19:52;3,9,13,14,16,17,22,28,30,32,33,46,47,61,62,63,64,66,73,80
57240;21.09.2026 19:57;9,10,14,18,20,33,34,35,36,41,54,58,61,65,66,67,71,76,77,80
57241;21.09.2026 20:02;3,14,16,19,24,28,33,37,41,42,43,50,52,56,63,68,73,76,77,79
57242;21.09.2026 20:07;1,5,12,24,27,29,34,37,39,46,47,49,50,53,55,59,64,70,72,77
57243;21.09.2026 20:12;3,4,11,12,16,21,22,29,30,33,36,39,44,49,50,53,57,58,63,67
57244;21.09.2026 20:17;3,8,13,23,24,26,27,28,38,40,42,47,48,52,55,61,62,63,70,79
57245;21.09.2026 20:22;5,6,7,14,31,32,34,35,36,39,40,42,43,48,61,65,68,72,73,80
57246;21.09.2026 20:27;1,8,11,18,21,28,33,35,38,41,43,50,56,58,60,63,66,67,68,75
57247;21.09.2026 20:32;5,6,12,16,19,24,28,33,35,39,49,53,63,65,66,69,71,74,75,76
57248;21.09.2026 20:37;1,2,3,7,9,12,14,18,26,31,34,47,52,57,58,63,64,67,72,80
57249;21.09.2026 20:42;1,2,4,5,7,12,27,31,37,39,40,47,48,53,54,57,60,68,74,75
57250;21.09.2026 20:47;8,9,12,27,32,35,37,40,46,48,49,51,56,61,63,67,68,75,78,80
57251;21.09.2026 20:52;4,7,20,23,32,33,37,39,42,46,50,54,57,63,66,68,70,71,74,78
57252;21.09.2026 20:57;3,5,15,19,27,30,33,36,37,39,43,51,59,64,67,71,73,74,77,80
57253;21.09.2026 21:02;8,9,11,13,15,16,18,19,24,28,29,33,43,46,55,60,64,68,72,80
57254;21.09.2026 21:07;1,3,9,14,23,26,29,30,31,32,38,39,40,43,55,66,67,69,75,76
57255;21.09.2026 21:12;4,8,19,20,29,30,31,33,36,42,45,46,56,62,63,64,66,68,70,77
57256;21.09.2026 21:17;8,9,12,13,17,25,27,28,29,35,37,45,46,49,53,55,59,62,69,79
57257;21.09.2026 21:22;4,13,18,23,24,26,29,33,36,39,40,42,51,52,58,69,70,75,76,78
57258;21.09.2026 21:27;3,6,10,11,16,21,32,33,38,39,45,48,52,55,60,67,68,69,75,77
57259;21.09.2026 21:32;11,14,19,21,23,28,38,40,45,47,56,61,66,67,69,71,74,77,78,79
57260;21.09.2026 21:37;4,11,14,19,20,23,28,32,38,39,42,44,45,46,47,62,65,66,79,80
57261;21.09.2026 21:42;1,6,7,10,13,22,30,39,44,48,49,53,54,56,62,69,70,72,78,79
57262;21.09.2026 21:47;2,4,5,6,13,17,18,22,26,31,46,49,53,63,65,66,67,70,76,80
57263;21.09.2026 21:52;3,16,21,22,29,39,42,48,49,50,51,53,55,60,64,66,68,72,74,77
57264;21.09.2026 21:57;2,4,19,25,31,32,41,42,45,55,56,62,66,68,69,72,73,74,77,78
57265;21.09.2026 22:02;13,15,17,21,22,23,25,31,36,46,48,49,51,54,57,62,65,66,68,76
57266;21.09.2026 22:07;1,2,13,19,20,27,28,35,41,47,53,54,55,58,59,67,69,70,79,80
57267;21.09.2026 22:12;2,7,9,16,20,22,23,31,37,41,45,48,57,59,65,68,73,77,78,80
57268;21.09.2026 22:17;4,7,18,34,37,38,40,49,52,55,56,64,65,66,68,69,71,72,73,80
57269;21.09.2026 22:22;1,3,5,6,9,15,16,17,22,32,38,41,44,47,48,49,53,54,68,80
57270;21.09.2026 22:27;8,12,15,16,18,19,22,26,29,31,43,44,51,54,55,61,62,63,64,78
57271;21.09.2026 22:32;3,20,21,30,35,38,42,43,45,46,50,51,56,57,59,63,66,69,72,78
57272;21.09.2026 22:37;2,10,13,21,22,26,33,39,40,45,48,52,53,60,62,66,67,69,72,78
57273;21.09.2026 22:42;4,8,9,14,17,25,27,31,32,35,36,45,47,57,58,60,62,64,65,79
57274;21.09.2026 22:47;1,4,9,11,16,23,27,30,39,40,44,48,52,53,56,61,62,67,76,77
57275;21.09.2026 22:52;1,4,6,8,14,26,27,29,30,46,52,55,58,59,61,63,65,70,76,79
57276;21.09.2026 22:57;2,5,6,9,11,19,22,24,25,26,30,33,34,41,43,47,55,57,69,76
57277;21.09.2026 23:02;1,5,7,11,19,21,23,27,40,44,49,53,57,59,61,64,65,69,73,77
57278;21.09.2026 23:07;5,8,9,14,21,29,30,42,44,48,53,54,55,60,62,64,68,71,72,79
57279;21.09.2026 23:12;3,5,7,8,11,17,23,24,26,31,35,39,43,51,56,58,59,61,66,77
57280;21.09.2026 23:17;1,3,6,11,14,15,16,19,20,21,35,46,48,50,54,63,65,68,70,76
57281;21.09.2026 23:22;2,5,11,12,14,18,26,27,31,40,52,53,58,62,67,68,69,74,76,79
57282;21.09.2026 23:27;5,9,12,13,14,18,19,28,33,34,38,41,43,45,48,58,63,64,70,80
57283;21.09.2026 23:32;2,5,7,9,10,12,14,26,27,30,34,35,36,41,50,57,59,60,61,69
57284;21.09.2026 23:37;3,8,10,18,19,23,32,35,36,40,47,48,50,51,54,56,59,64,75,79
57285;21.09.2026 23:42;5,8,13,14,18,19,21,23,25,31,32,35,38,39,44,46,50,65,67,74
57286;21.09.2026 23:47;3,5,11,14,16,20,22,26,29,33,39,46,48,60,61,63,64,67,69,78
57287;21.09.2026 23:52;3,4,6,11,12,19,20,30,31,33,38,45,48,51,52,55,58,66,74,80
57288;21.09.2026 23:57;6,13,20,30,32,35,45,46,47,51,53,55,61,64,65,67,69,70,71,79

===== 22.09.2026 | 217 ÇEKİLİŞ =====
57289;22.09.2026 00:02;4,6,9,21,26,28,30,32,37,42,46,49,55,59,62,67,73,77,78,80
57290;22.09.2026 00:07;1,2,6,7,10,11,16,21,28,35,40,43,50,60,61,63,65,66,71,74
57291;22.09.2026 00:12;1,6,9,11,15,17,20,21,25,26,27,35,36,48,64,66,72,74,77,79
57292;22.09.2026 00:17;3,5,7,8,9,10,13,15,18,31,38,42,51,52,53,59,60,64,77,80
57293;22.09.2026 00:22;11,13,18,20,24,32,42,43,45,55,57,59,61,65,69,70,74,76,78,79
57294;22.09.2026 00:27;6,8,9,14,20,24,27,36,39,48,49,50,54,57,64,66,67,72,73,76
57295;22.09.2026 00:32;1,2,8,17,26,27,32,33,34,40,41,44,49,57,58,60,66,72,74,79
57296;22.09.2026 00:37;2,9,12,13,19,20,21,24,31,37,45,46,47,58,59,61,69,70,77,78
57297;22.09.2026 00:42;1,11,12,13,14,17,21,24,26,28,31,34,37,42,47,61,64,68,74,77
57298;22.09.2026 00:47;2,10,20,21,24,26,28,40,44,45,52,53,57,58,59,61,66,67,68,80
57299;22.09.2026 00:52;2,5,15,17,19,22,23,26,29,31,45,55,58,61,64,65,68,71,74,78
57300;22.09.2026 00:57;3,7,13,14,18,21,24,26,35,38,48,50,52,54,58,66,72,74,78,79
57301;22.09.2026 01:02;1,8,18,24,29,31,33,36,47,51,52,56,59,60,64,68,74,75,77,79
57302;22.09.2026 07:02;8,9,10,12,18,21,29,31,32,34,36,48,49,52,53,59,61,66,67,80
57303;22.09.2026 07:07;4,11,12,15,17,26,29,37,38,44,53,56,57,60,61,64,65,66,69,79
57304;22.09.2026 07:12;4,12,24,25,26,29,38,42,44,48,51,53,58,65,67,69,71,76,78,79
57305;22.09.2026 07:17;9,10,14,16,22,23,24,33,36,37,38,39,41,49,52,60,63,70,76,79
57306;22.09.2026 07:22;1,4,12,18,20,26,27,39,40,41,42,44,47,60,62,64,66,69,74,76
57307;22.09.2026 07:27;4,5,6,7,9,21,23,44,46,49,50,52,54,59,63,64,65,67,68,76
57308;22.09.2026 07:32;4,6,10,12,13,14,15,20,31,37,39,46,49,52,53,54,67,69,73,79
57309;22.09.2026 07:37;1,10,12,13,19,25,29,33,34,45,49,52,53,57,66,69,71,72,73,79
57310;22.09.2026 07:42;16,31,32,34,35,39,42,48,54,56,58,60,61,66,68,69,73,75,76,79
57311;22.09.2026 07:47;9,14,17,20,23,30,34,36,37,38,43,46,49,57,61,72,73,74,78,79
57312;22.09.2026 07:52;4,10,14,17,21,23,27,28,30,32,41,42,44,52,53,54,60,65,74,77
57313;22.09.2026 07:57;1,3,6,10,15,19,20,24,28,33,39,40,48,52,57,58,59,67,69,73
57314;22.09.2026 08:02;3,5,6,8,10,11,12,27,30,39,50,57,58,61,63,67,74,76,77,78
57315;22.09.2026 08:07;1,3,9,12,15,17,35,41,44,45,46,49,56,58,59,66,68,75,76,78
57316;22.09.2026 08:12;7,9,16,21,22,28,35,36,38,40,45,46,49,54,61,64,66,75,77,80
57317;22.09.2026 08:17;1,2,3,5,7,8,9,23,25,26,28,37,41,44,46,50,56,62,63,79
57318;22.09.2026 08:22;6,18,22,23,24,28,29,31,38,41,47,48,50,56,57,62,67,73,74,80
57319;22.09.2026 08:27;5,8,9,11,12,16,21,25,29,30,33,35,36,41,46,54,61,63,69,79
57320;22.09.2026 08:32;1,3,9,12,26,27,31,32,35,36,37,42,55,60,65,68,71,73,75,77
57321;22.09.2026 08:37;3,9,11,12,13,14,24,33,42,46,51,53,55,61,63,64,66,69,76,77
57322;22.09.2026 08:42;4,7,10,12,19,21,28,31,41,45,46,56,58,59,63,66,70,71,72,79
57323;22.09.2026 08:47;1,2,6,9,10,11,17,21,24,40,49,53,60,61,69,71,74,75,76,80
57324;22.09.2026 08:52;2,3,4,6,15,17,19,21,27,28,35,40,45,48,54,58,67,70,72,74
57325;22.09.2026 08:57;4,8,11,12,22,24,26,30,32,33,34,35,37,40,50,57,60,62,67,72
57326;22.09.2026 09:02;4,10,20,25,28,29,40,43,45,52,56,59,61,66,69,72,73,76,77,80
57327;22.09.2026 09:07;1,2,6,7,9,11,17,19,21,45,46,50,55,56,57,58,60,65,66,67
57328;22.09.2026 09:12;2,6,7,18,21,23,24,27,35,38,39,44,45,48,54,64,66,77,78,79
57329;22.09.2026 09:17;4,16,18,20,22,23,25,28,38,39,42,45,48,53,59,68,72,73,75,77
57330;22.09.2026 09:22;2,8,9,12,16,19,23,24,26,37,45,46,47,58,63,65,68,72,73,80
57331;22.09.2026 09:27;5,6,7,11,23,26,27,29,31,36,39,49,56,59,60,61,64,69,71,73
57332;22.09.2026 09:32;14,15,20,23,25,26,27,36,39,43,44,50,53,54,55,62,67,74,75,77
57333;22.09.2026 09:37;1,2,3,7,10,16,18,28,32,38,41,43,49,50,57,58,63,66,73,80
57334;22.09.2026 09:42;12,17,23,24,25,28,29,30,31,37,45,48,50,53,56,65,66,68,72,75
57335;22.09.2026 09:47;2,6,10,17,26,27,28,36,37,41,44,53,57,60,63,65,72,74,76,80
57336;22.09.2026 09:52;2,4,10,11,18,21,22,24,28,29,39,40,41,47,56,57,62,66,68,80
57337;22.09.2026 09:57;1,2,16,19,23,25,27,37,39,41,45,48,49,53,54,57,63,65,69,77
57338;22.09.2026 10:02;5,10,12,19,21,23,28,32,34,43,45,47,49,55,58,59,68,71,73,80
57339;22.09.2026 10:07;1,3,5,8,11,17,26,32,37,38,45,52,59,60,64,66,71,73,75,79
57340;22.09.2026 10:12;2,13,14,18,19,23,28,30,33,34,36,43,49,56,69,70,72,73,75,79
57341;22.09.2026 10:17;2,7,14,16,18,24,25,26,33,34,39,41,42,45,47,56,61,71,73,80
57342;22.09.2026 10:22;3,17,22,24,27,28,29,31,40,41,42,49,62,64,67,69,73,74,77,78
57343;22.09.2026 10:27;16,19,29,32,35,36,41,45,47,48,53,54,60,65,68,70,71,73,76,80
57344;22.09.2026 10:32;3,10,18,27,31,33,37,39,40,41,42,44,56,61,62,66,68,72,74,78
57345;22.09.2026 10:37;1,5,9,10,15,19,26,29,31,33,44,45,46,47,48,49,57,61,64,77
57346;22.09.2026 10:42;4,11,17,18,20,22,23,25,29,35,36,51,53,63,66,67,75,78,79,80
57347;22.09.2026 10:47;2,6,11,13,17,25,28,29,32,34,35,36,39,40,43,63,65,73,76,80
57348;22.09.2026 10:52;1,2,3,7,35,37,38,41,43,47,51,55,57,58,61,69,72,73,78,80
57349;22.09.2026 10:57;4,5,8,10,16,29,35,44,51,60,62,63,67,68,69,73,74,75,77,80
57350;22.09.2026 11:02;1,5,12,15,26,32,40,41,43,46,49,52,53,58,60,62,64,66,68,80
57351;22.09.2026 11:07;3,4,8,11,12,13,15,20,29,30,31,32,34,39,40,44,52,73,77,80
57352;22.09.2026 11:12;1,2,5,9,15,16,23,24,27,32,36,44,57,60,63,66,68,71,73,79
57353;22.09.2026 11:17;3,5,10,20,21,22,24,28,29,33,34,37,42,44,45,51,58,69,73,76
57354;22.09.2026 11:22;1,4,7,8,13,16,27,28,29,31,33,35,45,46,49,57,65,67,70,80
57355;22.09.2026 11:27;3,12,13,21,26,30,33,38,43,45,47,48,52,60,61,63,65,68,73,77
57356;22.09.2026 11:32;3,12,14,15,19,22,25,26,29,32,33,35,39,41,42,52,57,60,69,72
57357;22.09.2026 11:37;4,11,14,29,31,35,36,44,45,50,56,57,60,61,69,70,72,73,74,76
57358;22.09.2026 11:42;2,4,6,7,12,14,17,19,25,26,30,40,43,46,49,54,58,59,67,80
57359;22.09.2026 11:47;3,5,7,9,16,24,25,32,46,47,48,53,54,56,58,59,67,73,78,80
57360;22.09.2026 11:52;1,3,14,17,21,26,31,32,33,35,36,41,42,44,46,53,59,66,69,76
57361;22.09.2026 11:57;1,4,7,11,15,16,23,27,31,32,35,36,47,50,56,62,63,68,70,71
57362;22.09.2026 12:02;3,4,8,11,14,17,21,23,29,37,38,39,44,50,53,55,63,68,70,78
57363;22.09.2026 12:07;7,12,15,17,19,20,21,22,27,31,37,38,44,49,54,57,59,61,68,77
57364;22.09.2026 12:12;5,8,14,24,27,28,36,37,41,43,44,50,54,56,57,60,76,77,78,79
57365;22.09.2026 12:17;6,8,9,10,15,16,21,25,31,42,44,55,58,60,72,73,74,76,77,80
57366;22.09.2026 12:22;6,9,10,11,16,20,26,27,28,29,36,38,50,52,55,59,60,62,65,72
57367;22.09.2026 12:27;7,9,10,16,19,23,24,27,30,32,38,42,46,54,60,67,70,73,74,78
57368;22.09.2026 12:32;8,11,24,25,27,41,42,43,44,50,53,60,62,64,65,67,74,76,78,80
57369;22.09.2026 12:37;9,12,17,18,23,25,30,31,37,38,39,41,50,52,58,60,65,69,71,76
57370;22.09.2026 12:42;4,8,15,16,26,29,40,43,49,50,52,55,60,63,64,69,71,74,76,78
57371;22.09.2026 12:47;1,4,12,17,24,27,29,34,35,38,42,43,46,50,53,63,65,69,73,77
57372;22.09.2026 12:52;1,2,5,9,13,19,25,32,44,45,57,59,60,62,66,68,70,72,76,77
57373;22.09.2026 12:57;2,6,7,9,10,17,24,30,31,33,39,41,45,49,52,54,55,65,69,74
57374;22.09.2026 13:02;3,4,5,9,11,19,20,22,33,36,37,40,41,46,52,53,59,61,64,73
57375;22.09.2026 13:07;9,10,15,20,25,26,27,34,36,44,48,56,58,60,62,64,66,67,74,75
57376;22.09.2026 13:12;7,27,37,45,46,47,48,50,52,53,54,55,63,64,65,67,71,73,74,76
57377;22.09.2026 13:17;5,11,16,17,18,22,28,35,39,40,44,55,57,59,60,62,71,76,78,80
57378;22.09.2026 13:22;11,16,17,24,30,37,46,47,49,51,53,55,60,62,63,64,69,74,76,80
57379;22.09.2026 13:27;4,5,9,12,14,27,33,35,39,42,45,46,48,49,61,62,63,72,73,75
57380;22.09.2026 13:32;2,3,4,9,10,11,17,21,22,23,29,31,48,50,54,64,73,74,77,80
57381;22.09.2026 13:37;1,8,10,12,14,17,27,30,32,33,43,46,48,54,58,72,73,74,78,79
57382;22.09.2026 13:42;7,9,10,15,20,22,26,28,32,37,39,40,44,48,53,56,59,61,62,75
57383;22.09.2026 13:47;1,6,7,18,19,22,28,32,36,37,42,45,51,52,55,60,64,66,67,78
57384;22.09.2026 13:52;9,20,21,25,29,32,35,36,42,45,47,48,52,57,58,65,70,73,78,79
57385;22.09.2026 13:57;5,8,9,10,11,14,20,22,23,24,27,36,38,45,48,49,50,66,68,73
57386;22.09.2026 14:02;13,20,24,29,33,34,36,37,41,48,51,54,56,57,60,65,67,70,76,78
57387;22.09.2026 14:07;6,7,13,14,19,26,37,40,45,47,51,55,60,66,68,69,73,78,79,80
57388;22.09.2026 14:12;1,3,13,15,24,25,28,33,40,41,49,53,54,63,64,65,67,74,75,76
57389;22.09.2026 14:17;2,6,7,13,19,21,26,27,29,34,47,49,56,62,63,64,68,69,72,77
57390;22.09.2026 14:22;5,10,11,16,27,30,31,34,44,46,61,62,63,65,67,68,69,74,75,76
57391;22.09.2026 14:27;4,9,15,17,28,32,39,42,49,51,52,55,58,62,65,66,67,69,71,80
57392;22.09.2026 14:32;7,11,12,15,19,26,28,30,33,34,53,54,55,56,57,62,64,73,76,77
57393;22.09.2026 14:37;6,15,19,22,26,29,30,37,39,40,42,43,44,50,51,52,54,68,69,72
57394;22.09.2026 14:42;4,5,16,19,21,24,25,37,38,39,41,44,47,63,64,65,68,72,73,77
57395;22.09.2026 14:47;6,8,14,17,23,30,31,34,35,38,41,44,54,57,63,64,67,68,72,79
57396;22.09.2026 14:52;11,12,13,16,17,21,24,27,30,36,40,44,47,48,55,61,62,68,71,77
57397;22.09.2026 14:57;16,18,25,27,39,47,50,53,57,60,63,65,66,68,69,71,76,77,79,80
57398;22.09.2026 15:02;1,2,4,9,14,15,16,22,24,29,32,36,40,42,43,49,65,68,70,76
57399;22.09.2026 15:07;2,8,9,13,14,17,32,40,45,46,48,59,60,61,63,64,65,66,68,70
57400;22.09.2026 15:12;12,16,24,26,32,38,39,41,46,47,48,49,54,56,68,70,71,72,73,79
57401;22.09.2026 15:17;2,6,11,14,16,18,20,21,22,27,30,33,37,40,42,43,65,67,78,80
57402;22.09.2026 15:22;10,13,14,21,22,24,27,32,33,34,35,40,44,47,53,55,60,67,76,78
57403;22.09.2026 15:27;2,3,5,18,20,24,25,28,29,31,32,33,36,37,38,43,55,61,65,70
57404;22.09.2026 15:32;1,3,5,15,17,18,23,28,31,33,41,50,52,53,62,67,73,77,79,80
57405;22.09.2026 15:37;2,7,8,12,13,14,15,18,20,22,24,26,44,49,52,53,57,58,60,76
57406;22.09.2026 15:42;3,7,9,13,14,16,17,19,25,31,32,38,42,43,44,49,54,60,68,71
57407;22.09.2026 15:47;10,12,19,20,22,23,24,34,38,40,44,46,49,56,57,62,67,74,79,80
57408;22.09.2026 15:52;2,3,4,8,10,15,17,24,32,35,47,50,51,52,57,64,67,69,75,78
57409;22.09.2026 15:57;3,6,8,16,21,30,31,36,38,41,42,47,52,60,65,66,67,70,75,79
57410;22.09.2026 16:02;2,5,12,18,30,33,34,40,42,43,47,49,53,54,56,57,59,61,72,80
57411;22.09.2026 16:07;2,3,6,8,12,16,22,24,32,36,40,43,44,57,58,64,70,73,79,80
57412;22.09.2026 16:12;10,11,12,17,18,19,25,27,28,30,34,40,54,56,60,61,62,63,70,78
57413;22.09.2026 16:17;7,10,11,13,15,17,18,21,24,30,34,35,40,44,48,57,60,72,78,79
57414;22.09.2026 16:22;7,9,14,16,18,19,21,30,33,38,39,43,48,49,58,59,64,71,76,77
57415;22.09.2026 16:27;9,11,13,16,19,32,35,43,47,48,55,56,60,66,67,68,72,74,76,78
57416;22.09.2026 16:32;5,11,12,19,21,28,36,38,39,43,47,54,57,65,66,72,73,74,77,80
57417;22.09.2026 16:37;2,14,24,25,34,42,43,45,48,49,54,55,56,58,59,65,67,69,78,79
57418;22.09.2026 16:42;10,17,18,20,21,23,30,33,37,39,44,48,49,54,55,58,67,70,72,80
57419;22.09.2026 16:47;1,2,3,6,9,10,13,14,16,21,27,29,34,36,58,61,66,70,73,76
57420;22.09.2026 16:52;5,6,8,9,10,19,23,27,31,37,38,46,48,51,54,55,57,61,65,80
57421;22.09.2026 16:57;2,3,10,12,13,15,18,20,23,30,38,39,44,49,53,57,59,64,65,69
57422;22.09.2026 17:02;15,20,21,22,26,28,29,33,35,42,44,45,47,54,55,59,60,66,69,79
57423;22.09.2026 17:07;3,12,14,17,20,22,27,41,45,50,53,58,61,63,66,69,70,72,75,79
57424;22.09.2026 17:12;2,6,7,9,12,15,23,26,30,33,38,52,53,55,61,70,72,75,78,79
57425;22.09.2026 17:17;6,8,9,10,15,23,26,34,35,38,41,52,57,58,60,61,62,65,69,77
57426;22.09.2026 17:22;7,10,13,17,19,25,29,33,41,47,52,54,61,68,69,70,71,73,74,77
57427;22.09.2026 17:27;1,11,13,15,16,20,23,27,29,31,43,48,53,54,57,64,65,67,70,74
57428;22.09.2026 17:32;5,14,19,20,21,25,26,29,32,37,49,51,54,60,66,67,68,69,73,77
57429;22.09.2026 17:37;3,5,8,11,12,15,18,20,23,26,37,44,48,49,53,57,65,67,74,78
57430;22.09.2026 17:42;2,5,6,13,17,20,21,28,29,31,33,35,36,43,49,56,61,76,78,80
57431;22.09.2026 17:47;4,6,7,22,23,28,29,33,44,46,49,50,51,56,64,65,66,69,75,79
57432;22.09.2026 17:52;8,9,11,14,15,18,21,31,40,41,45,50,59,60,61,71,74,75,76,80
57433;22.09.2026 17:57;10,18,21,25,28,32,34,38,51,52,57,58,59,60,66,68,69,73,75,80
57434;22.09.2026 18:02;1,9,10,12,13,23,24,27,31,34,40,44,46,53,55,58,59,69,77,78
57435;22.09.2026 18:07;3,5,10,13,17,23,26,27,35,39,41,45,47,58,62,64,67,74,76,80
57436;22.09.2026 18:12;5,9,10,13,14,15,16,22,29,31,37,41,43,51,65,72,73,74,79,80
57437;22.09.2026 18:17;1,11,15,18,19,21,25,32,33,37,39,40,47,48,52,55,56,59,68,80
57438;22.09.2026 18:22;5,9,16,17,20,21,24,25,26,29,30,32,38,42,46,54,57,59,60,61
57439;22.09.2026 18:27;2,8,12,13,18,19,24,26,27,32,37,44,47,48,50,55,59,65,69,76
57440;22.09.2026 18:32;1,6,12,15,27,31,37,38,42,45,51,52,53,60,62,71,72,76,78,79
57441;22.09.2026 18:37;5,6,7,11,13,23,25,26,30,33,34,36,39,49,56,57,63,70,76,79
57442;22.09.2026 18:42;5,6,7,9,10,17,28,29,32,35,36,42,44,48,49,50,54,56,65,70
57443;22.09.2026 18:47;3,6,7,14,16,22,29,34,47,48,53,60,63,64,65,66,70,71,72,75
57444;22.09.2026 18:52;3,4,6,7,11,15,24,30,31,37,38,39,40,43,46,48,49,50,51,76
57445;22.09.2026 18:57;5,6,7,10,11,12,20,22,35,38,43,49,54,58,63,67,71,75,78,79
57446;22.09.2026 19:02;2,5,11,17,35,36,37,40,43,45,46,50,55,56,60,63,64,72,78,79
57447;22.09.2026 19:07;4,5,7,11,13,15,19,23,28,29,34,43,45,46,52,61,62,69,75,76
57448;22.09.2026 19:12;2,7,9,14,16,21,30,35,41,45,46,47,50,56,62,64,66,71,73,75
57449;22.09.2026 19:17;6,8,11,12,13,16,17,18,23,24,32,37,43,51,52,54,55,66,70,73
57450;22.09.2026 19:22;2,10,13,15,19,22,23,27,31,33,34,40,43,48,55,64,70,73,77,79
57451;22.09.2026 19:27;3,5,6,11,12,16,21,25,27,31,34,40,44,52,58,59,66,67,77,79
57452;22.09.2026 19:32;1,2,3,6,15,18,28,34,35,37,38,39,44,58,64,66,69,70,71,76
57453;22.09.2026 19:37;5,7,9,11,12,14,15,28,29,31,40,44,48,53,56,57,64,72,74,78
57454;22.09.2026 19:42;4,7,12,17,20,25,30,33,34,38,46,53,56,57,62,63,67,69,77,79
57455;22.09.2026 19:47;1,3,6,12,19,27,29,30,32,34,41,43,44,51,59,60,64,65,67,73
57456;22.09.2026 19:52;1,6,12,13,22,25,29,30,34,39,41,47,50,51,52,53,62,75,76,79
57457;22.09.2026 19:57;8,14,15,16,21,23,26,29,33,36,39,43,44,48,58,60,67,71,72,73
57458;22.09.2026 20:02;2,6,12,13,14,22,32,33,34,42,45,47,48,53,59,61,65,73,77,80
57459;22.09.2026 20:07;1,10,12,23,32,35,36,37,40,44,45,52,55,56,62,63,65,66,75,76
57460;22.09.2026 20:12;2,4,7,14,15,20,26,29,32,33,34,35,36,38,39,48,52,61,68,73
57461;22.09.2026 20:17;13,17,18,20,25,27,29,35,37,47,54,57,59,62,67,70,71,72,73,76
57462;22.09.2026 20:22;1,4,5,12,23,25,28,34,44,45,47,50,55,59,60,63,64,71,74,77
57463;22.09.2026 20:27;1,3,6,7,12,13,17,19,23,27,37,39,41,50,60,61,68,70,75,76
57464;22.09.2026 20:32;2,5,11,22,23,26,33,37,44,46,49,53,54,57,60,67,70,75,77,80
57465;22.09.2026 20:37;3,12,14,17,22,26,27,30,34,42,43,44,45,47,48,50,53,60,62,65
57466;22.09.2026 20:42;1,5,7,27,29,32,38,41,42,50,51,53,54,61,64,66,70,73,76,80
57467;22.09.2026 20:47;11,13,24,33,35,36,38,40,42,50,53,55,60,61,65,66,71,72,78,80
57468;22.09.2026 20:52;3,5,6,10,17,19,24,25,30,34,36,40,43,56,57,60,62,65,66,75
57469;22.09.2026 20:57;12,13,18,19,23,28,29,31,32,34,40,42,43,46,51,52,63,67,68,72
57470;22.09.2026 21:02;9,22,23,24,25,27,32,34,39,42,44,45,46,49,50,56,60,63,68,76
57471;22.09.2026 21:07;1,4,7,12,15,29,32,36,41,45,48,50,51,52,62,66,70,73,75,80
57472;22.09.2026 21:12;1,3,5,7,14,16,17,21,22,25,26,28,31,35,43,44,54,56,58,67
57473;22.09.2026 21:17;2,6,10,11,12,13,23,24,29,40,47,51,52,54,62,64,67,70,73,78
57474;22.09.2026 21:22;3,4,9,10,14,16,18,23,27,33,34,51,54,55,56,62,69,74,75,78
57475;22.09.2026 21:27;1,4,10,15,18,23,27,28,33,36,43,48,50,52,69,70,72,76,77,79
57476;22.09.2026 21:32;1,2,7,9,15,19,23,28,29,34,46,51,52,55,59,61,63,67,76,77
57477;22.09.2026 21:37;7,9,12,14,21,22,27,33,41,42,44,46,47,48,53,55,62,66,67,70
57478;22.09.2026 21:42;4,7,11,14,16,18,20,25,27,29,33,35,37,40,42,49,59,62,68,75
57479;22.09.2026 21:47;2,7,8,9,16,17,18,21,22,24,33,43,47,50,51,56,58,59,68,73
57480;22.09.2026 21:52;5,8,10,11,20,21,29,31,38,39,45,46,47,52,61,63,64,65,66,76
57481;22.09.2026 21:57;1,4,7,8,11,13,14,21,26,33,36,46,51,56,57,58,66,72,75,78
57482;22.09.2026 22:02;1,4,6,7,10,13,14,15,23,26,31,32,37,38,46,47,56,66,77,79
57483;22.09.2026 22:07;1,6,9,11,14,18,19,21,23,25,28,35,40,42,45,73,74,75,76,77
57484;22.09.2026 22:12;1,2,10,11,12,23,24,25,28,30,34,35,39,52,54,60,62,64,70,72
57485;22.09.2026 22:17;1,3,8,16,18,19,24,27,29,37,43,54,55,58,59,63,66,69,77,79
57486;22.09.2026 22:22;5,12,14,16,17,18,24,30,35,41,42,58,59,61,66,68,69,72,73,76
57487;22.09.2026 22:27;2,4,16,18,21,27,30,40,41,42,53,59,60,61,62,65,66,67,68,78
57488;22.09.2026 22:32;2,3,6,15,17,23,25,27,32,39,40,47,50,51,59,63,65,74,78,79
57489;22.09.2026 22:37;4,6,21,22,25,26,30,34,36,41,48,49,55,58,60,64,67,74,75,76
57490;22.09.2026 22:42;2,7,17,19,20,21,27,35,37,41,43,45,47,49,55,57,60,61,65,70
57491;22.09.2026 22:47;6,11,12,14,21,24,25,28,47,48,54,58,60,61,62,64,65,70,75,77
57492;22.09.2026 22:52;2,4,5,6,9,11,14,15,17,22,28,29,39,48,52,58,67,70,71,76
57493;22.09.2026 22:57;22,23,33,43,44,45,47,48,51,57,60,62,65,68,69,70,73,75,76,78
57494;22.09.2026 23:02;1,11,13,20,21,28,33,38,45,49,54,59,61,63,65,66,67,68,71,72
57495;22.09.2026 23:07;1,3,14,17,21,24,32,33,38,45,47,49,50,54,58,67,71,73,78,80
57496;22.09.2026 23:12;4,5,10,13,15,21,28,37,40,41,49,50,51,56,61,64,68,71,72,79
57497;22.09.2026 23:17;1,14,16,17,19,23,27,47,50,51,52,53,58,61,62,72,73,75,77,79
57498;22.09.2026 23:22;2,5,6,13,20,21,24,25,27,30,41,48,49,50,53,54,61,62,73,80
57499;22.09.2026 23:27;2,7,8,14,17,18,24,31,40,45,50,52,54,61,66,67,73,75,77,80
57500;22.09.2026 23:32;8,9,16,17,20,23,26,29,30,34,37,40,41,46,48,53,60,67,70,76
57501;22.09.2026 23:37;4,12,14,15,17,18,21,22,25,33,40,42,49,51,52,58,63,70,75,80
57502;22.09.2026 23:42;2,7,15,18,21,23,26,28,29,31,32,44,45,47,54,61,67,68,77,79
57503;22.09.2026 23:47;3,7,11,18,25,27,39,41,45,48,50,51,54,55,62,63,72,73,76,79
57504;22.09.2026 23:52;3,6,8,9,14,17,22,26,28,30,33,38,40,46,50,58,61,72,74,75
57505;22.09.2026 23:57;3,6,15,18,21,23,24,29,32,42,49,52,56,57,61,63,66,71,74,79

===== 23.09.2026 | 217 ÇEKİLİŞ =====
57506;23.09.2026 00:02;1,2,5,6,7,15,19,27,33,34,36,39,42,47,54,60,66,68,72,77
57507;23.09.2026 00:07;2,8,9,15,17,20,21,22,23,36,39,42,43,46,52,61,62,63,67,74
57508;23.09.2026 00:12;2,4,8,17,18,23,28,30,31,39,40,43,47,49,51,58,63,75,76,78
57509;23.09.2026 00:17;5,6,7,9,16,19,29,30,39,44,51,54,55,63,65,69,71,75,76,78
57510;23.09.2026 00:22;3,4,6,11,12,18,19,23,25,30,32,36,50,54,60,62,67,69,74,78
57511;23.09.2026 00:27;2,4,10,15,17,19,21,31,36,37,38,47,51,59,61,62,66,70,73,74
57512;23.09.2026 00:32;2,10,20,21,22,32,34,38,39,40,41,42,51,52,56,64,69,76,77,80
57513;23.09.2026 00:37;6,9,12,18,22,23,26,36,44,45,51,53,55,66,67,70,72,74,76,77
57514;23.09.2026 00:42;1,7,8,9,10,12,15,16,17,21,33,46,47,53,60,71,72,74,75,76
57515;23.09.2026 00:47;2,8,11,13,14,16,18,33,36,37,38,40,41,42,52,55,66,69,74,76
57516;23.09.2026 00:52;2,8,16,22,23,25,28,32,34,40,43,51,57,61,67,68,70,73,74,77
57517;23.09.2026 00:57;6,7,14,16,20,22,23,24,27,31,42,47,48,52,58,65,66,72,74,80
57518;23.09.2026 01:02;1,5,6,21,23,29,31,33,35,37,50,51,53,55,56,58,67,71,75,80
57519;23.09.2026 07:02;5,6,12,13,14,17,20,21,22,27,31,34,35,37,47,48,53,56,68,75
57520;23.09.2026 07:07;4,7,10,13,14,16,19,20,30,31,46,50,52,56,59,64,65,73,79,80
57521;23.09.2026 07:12;1,4,6,8,12,14,15,17,26,28,31,32,39,45,47,61,63,76,78,80
57522;23.09.2026 07:17;2,7,10,16,17,21,24,27,35,42,45,47,53,55,60,64,66,67,72,78
57523;23.09.2026 07:22;3,5,10,14,16,18,24,30,36,37,41,46,50,51,55,72,74,78,79,80
57524;23.09.2026 07:27;5,16,32,33,35,36,39,40,41,43,47,48,49,51,52,60,67,68,69,71
57525;23.09.2026 07:32;10,20,21,22,32,41,43,44,47,52,58,61,62,66,67,69,70,74,75,77
57526;23.09.2026 07:37;2,3,5,17,20,28,30,36,39,40,48,49,55,56,59,62,63,64,65,75
57527;23.09.2026 07:42;3,14,16,17,23,30,31,38,42,43,44,51,54,57,59,61,62,69,72,75
57528;23.09.2026 07:47;6,7,12,18,21,23,24,25,30,37,39,43,45,46,51,54,62,64,65,69
57529;23.09.2026 07:52;1,2,10,14,24,39,43,45,48,50,54,57,58,66,67,68,71,74,75,77
57530;23.09.2026 07:57;6,7,17,23,24,28,32,34,35,39,40,42,47,51,52,54,65,67,75,80
57531;23.09.2026 08:02;1,8,10,12,24,26,28,40,44,49,55,56,57,58,59,64,66,67,74,77
57532;23.09.2026 08:07;2,4,7,8,11,21,23,24,28,38,39,40,50,51,58,60,62,71,76,79
57533;23.09.2026 08:12;4,5,17,18,20,22,25,26,30,31,39,42,43,47,52,53,55,61,69,76
57534;23.09.2026 08:17;3,6,7,9,17,18,27,33,40,41,45,49,53,55,58,59,65,67,70,74
57535;23.09.2026 08:22;6,9,11,13,17,20,22,23,25,30,33,34,37,38,41,46,49,52,62,72
57536;23.09.2026 08:27;3,7,8,10,12,16,20,24,28,30,31,36,52,53,57,60,62,64,70,73
57537;23.09.2026 08:32;1,2,5,11,16,17,19,23,25,27,30,31,34,52,56,58,67,68,73,78
57538;23.09.2026 08:37;1,8,10,14,21,22,30,31,33,35,40,46,48,53,55,57,68,71,74,75
57539;23.09.2026 08:42;4,6,8,13,25,37,48,50,51,52,55,57,61,63,67,74,75,78,79,80
57540;23.09.2026 08:47;1,3,5,10,14,16,21,22,23,28,31,35,36,37,51,52,53,64,68,76
57541;23.09.2026 08:52;1,12,17,20,33,34,39,43,46,47,58,59,60,61,63,66,67,72,76,79
57542;23.09.2026 08:57;4,7,12,14,18,21,23,25,26,37,38,43,45,51,52,59,61,62,63,75
57543;23.09.2026 09:02;3,4,5,8,10,11,17,19,23,24,28,31,34,43,45,59,66,73,78,79
57544;23.09.2026 09:07;4,11,14,18,20,28,34,38,43,59,63,65,66,67,68,69,70,74,76,79
57545;23.09.2026 09:12;5,8,10,15,17,27,34,36,37,43,44,46,48,50,63,67,69,70,71,76
57546;23.09.2026 09:17;4,6,9,12,14,17,18,20,22,25,31,42,44,45,49,51,60,64,76,80
57547;23.09.2026 09:22;12,15,32,34,39,40,42,45,47,55,57,58,59,64,65,68,69,71,74,77
57548;23.09.2026 09:27;4,6,11,15,24,30,36,46,50,51,53,59,63,64,65,68,71,72,75,78
57549;23.09.2026 09:32;3,5,10,11,15,16,17,23,36,39,41,43,53,54,55,56,59,72,75,80
57550;23.09.2026 09:37;6,8,12,13,15,27,38,39,43,45,46,50,51,52,53,54,61,62,63,80
57551;23.09.2026 09:42;5,7,8,12,16,18,26,28,29,38,43,45,49,54,56,61,62,66,71,72
57552;23.09.2026 09:47;4,9,15,22,24,27,30,34,37,42,43,45,47,50,54,60,64,67,71,80
57553;23.09.2026 09:52;2,5,9,14,15,18,19,21,24,25,39,40,44,45,48,63,69,71,77,78
57554;23.09.2026 09:57;4,7,8,9,13,19,21,23,25,30,33,36,48,52,56,66,68,71,75,76
57555;23.09.2026 10:02;2,4,15,19,21,24,28,36,40,41,43,45,46,48,55,60,67,69,79,80
57556;23.09.2026 10:07;3,10,24,26,28,29,30,38,44,45,54,56,58,59,70,71,72,73,76,80
57557;23.09.2026 10:12;5,6,8,13,21,23,24,27,31,40,41,50,61,62,64,66,67,69,78,80
57558;23.09.2026 10:17;6,8,9,10,13,17,18,24,29,39,51,52,56,60,61,70,71,72,75,78
57559;23.09.2026 10:22;2,5,18,20,23,24,28,33,34,36,38,42,47,52,58,66,69,72,76,78
57560;23.09.2026 10:27;7,8,13,15,16,17,26,29,30,31,34,43,45,46,54,58,62,66,73,75
57561;23.09.2026 10:32;1,13,20,21,23,28,33,34,42,45,51,52,58,62,66,67,68,73,76,77
57562;23.09.2026 10:37;1,6,8,10,16,19,20,24,26,40,42,43,44,47,49,58,61,71,72,73
57563;23.09.2026 10:42;4,13,14,19,21,23,26,32,34,40,42,50,52,55,58,62,66,71,76,77
57564;23.09.2026 10:47;8,12,13,16,19,32,33,36,37,38,55,57,64,66,67,72,76,77,78,80
57565;23.09.2026 10:52;1,3,11,13,18,27,28,32,36,38,39,44,45,51,61,62,70,73,79,80
57566;23.09.2026 10:57;3,8,11,16,18,26,30,31,33,35,41,45,49,50,52,57,61,64,66,70
57567;23.09.2026 11:02;4,11,19,23,24,26,29,32,33,35,41,45,49,57,58,60,61,62,72,79
57568;23.09.2026 11:07;4,5,8,9,13,19,25,35,39,40,41,48,50,51,56,59,63,65,68,79
57569;23.09.2026 11:12;3,8,17,20,22,23,25,26,27,32,34,36,44,46,50,52,55,57,61,63
57570;23.09.2026 11:17;1,8,10,11,13,19,23,26,28,33,35,41,47,49,59,62,64,69,70,80
57571;23.09.2026 11:22;2,5,7,12,16,21,23,24,28,30,31,36,39,52,55,56,64,65,71,76
57572;23.09.2026 11:27;2,3,4,9,12,21,22,28,30,41,42,47,54,57,62,63,68,70,76,78
57573;23.09.2026 11:32;4,8,13,17,29,31,37,40,47,49,55,58,61,62,64,66,71,74,75,77
57574;23.09.2026 11:37;1,3,4,6,10,11,15,19,22,24,26,28,33,40,51,61,63,64,75,76
57575;23.09.2026 11:42;8,9,10,12,14,18,19,26,32,35,42,44,46,47,59,61,62,68,71,73
57576;23.09.2026 11:47;2,3,6,7,11,13,17,24,25,26,27,33,37,39,45,60,63,69,72,77
57577;23.09.2026 11:52;2,10,12,20,25,28,33,40,51,55,58,64,65,66,71,72,73,75,76,80
57578;23.09.2026 11:57;2,6,16,20,26,28,29,32,33,36,38,44,45,49,52,53,60,63,68,72
57579;23.09.2026 12:02;3,10,13,15,21,24,25,29,33,37,43,46,49,50,60,61,64,69,70,78
57580;23.09.2026 12:07;1,9,14,15,23,39,41,44,45,46,47,48,52,58,62,63,64,65,73,79
57581;23.09.2026 12:12;5,18,19,22,28,29,30,31,35,36,41,47,51,52,56,62,68,71,73,75
57582;23.09.2026 12:17;1,6,7,23,24,26,29,30,35,42,44,50,56,57,59,63,65,70,75,76
57583;23.09.2026 12:22;1,7,8,9,22,24,31,35,36,42,43,48,55,57,58,61,65,71,73,80
57584;23.09.2026 12:27;4,11,15,22,27,29,36,45,48,49,50,53,55,58,60,69,72,77,79,80
57585;23.09.2026 12:32;1,5,11,18,21,23,25,29,33,34,37,44,46,48,53,61,71,72,76,79
57586;23.09.2026 12:37;6,7,11,17,20,21,23,29,33,34,35,36,39,40,42,53,55,58,60,68
57587;23.09.2026 12:42;13,15,18,23,41,45,47,48,49,53,56,57,61,62,65,66,71,74,78,80
57588;23.09.2026 12:47;4,11,13,14,15,17,22,27,36,39,44,48,55,60,61,62,73,75,76,78
57589;23.09.2026 12:52;1,9,15,17,18,21,23,28,30,33,41,46,51,52,54,55,62,69,75,76
57590;23.09.2026 12:57;7,8,10,14,21,26,28,30,35,37,40,42,48,58,59,66,69,70,78,80
57591;23.09.2026 13:02;10,13,14,15,16,21,24,25,27,37,41,49,53,55,57,61,71,76,78,79
57592;23.09.2026 13:07;6,9,14,23,24,25,31,32,35,36,37,40,49,52,53,54,64,66,71,76
57593;23.09.2026 13:12;2,3,9,24,26,27,34,38,42,46,55,56,60,62,63,66,67,69,75,76
57594;23.09.2026 13:17;2,4,8,12,13,16,18,21,33,36,37,44,47,55,58,64,71,74,78,79
57595;23.09.2026 13:22;1,5,10,15,17,27,30,31,39,40,42,53,54,55,60,63,66,70,71,72
57596;23.09.2026 13:27;4,6,12,17,21,23,24,34,37,40,42,44,48,51,59,61,63,66,73,77
57597;23.09.2026 13:32;1,2,5,9,17,22,29,30,31,38,39,42,44,46,51,56,60,70,76,78
57598;23.09.2026 13:37;1,2,4,5,10,22,27,30,33,39,43,44,46,56,57,59,60,66,73,80
57599;23.09.2026 13:42;1,8,14,22,26,32,35,36,37,46,47,52,56,63,64,66,74,76,77,79
57600;23.09.2026 13:47;2,3,4,9,14,18,26,29,40,42,43,46,52,53,56,60,61,67,72,74
57601;23.09.2026 13:52;7,10,11,17,25,26,27,28,35,40,46,48,54,58,59,62,70,72,74,78
57602;23.09.2026 13:57;3,5,8,10,16,22,26,30,32,38,39,41,44,48,51,55,65,69,74,76
57603;23.09.2026 14:02;3,9,12,13,14,20,22,32,34,36,45,48,49,51,54,58,60,70,71,80
57604;23.09.2026 14:07;8,9,12,18,19,20,27,29,34,36,38,44,52,54,55,62,66,67,69,70
57605;23.09.2026 14:12;6,7,9,16,18,20,22,23,29,35,41,43,46,47,53,55,57,61,63,74
57606;23.09.2026 14:17;9,12,16,23,25,28,32,34,36,41,49,51,53,55,56,64,66,69,73,76
57607;23.09.2026 14:22;2,4,11,14,17,20,22,25,30,32,35,38,43,46,59,64,67,68,73,78
57608;23.09.2026 14:27;3,5,15,21,22,24,28,34,38,39,43,45,47,52,53,55,60,65,70,78
57609;23.09.2026 14:32;5,9,20,21,24,30,31,40,45,48,49,52,54,55,60,61,64,65,71,72
57610;23.09.2026 14:37;2,6,8,12,22,31,33,35,38,40,42,45,47,60,61,68,70,72,73,76
57611;23.09.2026 14:42;2,7,9,11,13,14,25,26,27,32,34,36,37,39,44,48,55,58,70,80
57612;23.09.2026 14:47;1,2,5,6,8,14,17,18,24,29,30,31,34,40,41,44,52,53,78,79
57613;23.09.2026 14:52;2,3,5,6,9,14,20,26,33,37,40,41,49,51,56,57,64,67,74,80
57614;23.09.2026 14:57;15,17,22,23,24,27,33,37,38,42,46,49,50,55,60,65,72,73,74,78
57615;23.09.2026 15:02;4,6,14,17,22,26,29,30,32,35,43,49,54,57,62,70,72,73,75,78
57616;23.09.2026 15:07;1,2,10,11,14,18,19,20,25,29,31,32,45,49,57,60,66,71,76,79
57617;23.09.2026 15:12;5,9,10,12,17,18,20,22,24,25,32,33,38,51,52,54,56,69,70,79
57618;23.09.2026 15:17;3,4,7,8,14,15,16,23,24,27,30,36,42,48,57,58,61,63,65,75
57619;23.09.2026 15:22;4,16,18,21,22,26,27,32,33,36,40,53,60,61,67,70,71,76,79,80
57620;23.09.2026 15:27;2,3,12,16,17,24,26,33,41,44,55,58,60,61,66,68,73,76,79,80
57621;23.09.2026 15:32;3,8,16,25,26,27,32,33,41,45,50,51,54,55,63,65,70,72,78,80
57622;23.09.2026 15:37;2,4,7,10,11,13,21,25,29,30,33,35,38,39,41,42,46,49,59,74
57623;23.09.2026 15:42;4,7,9,16,17,23,26,29,30,40,41,42,47,49,53,54,58,62,65,67
57624;23.09.2026 15:47;1,11,19,23,24,30,33,37,38,39,48,49,54,63,66,70,74,75,78,79
57625;23.09.2026 15:52;5,9,14,15,18,25,27,28,29,30,34,35,39,44,45,49,50,51,64,71
57626;23.09.2026 15:57;6,9,10,14,16,26,32,40,41,42,44,45,49,50,51,53,59,69,70,71
57627;23.09.2026 16:02;1,2,9,12,17,19,30,34,35,38,39,40,48,62,64,65,68,73,76,78
57628;23.09.2026 16:07;1,4,5,7,8,9,10,15,22,28,45,56,60,61,63,65,69,71,73,78
57629;23.09.2026 16:12;1,8,9,10,16,17,25,38,44,45,46,49,54,59,61,64,66,67,69,79
57630;23.09.2026 16:17;7,11,14,25,29,31,34,36,37,39,40,45,47,48,50,55,65,68,74,79
57631;23.09.2026 16:22;2,9,10,11,14,16,17,22,34,35,40,41,44,49,58,60,62,65,73,78
57632;23.09.2026 16:27;8,9,10,13,17,27,29,32,36,37,41,43,54,58,61,63,72,73,77,79
57633;23.09.2026 16:32;4,5,8,13,14,20,25,30,31,33,43,50,53,60,61,64,70,72,74,80
57634;23.09.2026 16:37;2,11,14,20,23,25,42,45,49,50,55,60,63,67,71,73,75,76,77,80
57635;23.09.2026 16:42;8,10,14,21,30,32,33,38,45,46,48,49,51,53,54,56,57,59,60,62
57636;23.09.2026 16:47;1,5,6,11,16,25,26,31,36,40,42,49,54,55,58,62,66,67,72,78
57637;23.09.2026 16:52;3,10,11,13,21,23,34,35,37,44,46,56,59,61,62,64,74,75,78,79
57638;23.09.2026 16:57;8,11,12,27,32,33,35,39,42,51,55,56,57,58,59,63,72,75,77,80
57639;23.09.2026 17:02;2,7,16,18,22,23,24,28,31,32,34,35,41,48,60,65,68,71,72,78
57640;23.09.2026 17:07;5,8,19,22,28,30,32,33,40,43,44,47,49,51,61,69,75,78,79,80
57641;23.09.2026 17:12;1,5,14,18,19,24,31,35,38,42,45,54,56,57,62,72,73,75,77,79
57642;23.09.2026 17:17;4,12,15,23,24,31,34,35,43,45,48,49,50,51,56,57,61,67,70,74
57643;23.09.2026 17:22;8,17,19,24,30,34,38,42,45,47,50,51,53,62,64,65,70,73,74,78
57644;23.09.2026 17:27;1,2,3,11,12,19,20,29,30,34,37,38,43,53,54,61,63,65,75,78
57645;23.09.2026 17:32;1,6,21,23,26,27,30,32,35,38,42,47,48,57,62,65,67,70,71,72
57646;23.09.2026 17:37;12,13,18,19,26,33,35,36,50,53,55,57,58,62,71,72,74,75,78,79
57647;23.09.2026 17:42;1,5,10,11,12,13,17,20,26,27,39,40,44,62,67,71,72,73,75,79
57648;23.09.2026 17:47;1,2,13,18,19,25,27,33,34,40,44,47,52,54,57,61,64,71,74,75
57649;23.09.2026 17:52;1,11,13,21,25,27,28,30,32,38,43,44,50,59,63,66,67,68,70,73
57650;23.09.2026 17:57;1,5,7,9,17,25,26,31,33,39,47,53,54,57,58,60,62,70,71,78
57651;23.09.2026 18:02;6,7,9,10,11,22,28,30,31,35,38,48,50,52,55,64,66,69,78,80
57652;23.09.2026 18:07;1,6,9,11,17,18,20,22,30,32,37,43,47,48,52,68,70,72,74,75
57653;23.09.2026 18:12;8,16,27,32,33,36,42,49,54,55,57,62,63,64,65,67,71,72,75,76
57654;23.09.2026 18:17;1,3,7,13,15,17,21,23,31,40,43,44,48,51,54,55,65,75,77,79
57655;23.09.2026 18:22;4,8,12,13,19,22,26,27,32,34,35,39,42,53,57,58,64,65,68,73
57656;23.09.2026 18:27;7,8,12,18,19,22,24,27,29,35,36,49,50,60,65,71,74,75,78,79
57657;23.09.2026 18:32;10,12,21,23,26,31,32,34,36,37,45,46,49,62,63,65,66,69,73,80
57658;23.09.2026 18:37;1,3,6,10,15,22,23,26,34,41,45,46,53,54,57,61,69,70,74,79
57659;23.09.2026 18:42;2,5,6,8,10,11,13,16,21,24,28,29,36,39,40,41,42,61,73,78
57660;23.09.2026 18:47;5,9,14,17,22,23,26,28,30,31,37,39,52,53,54,64,65,66,75,78
57661;23.09.2026 18:52;1,3,6,10,11,14,20,24,26,33,35,38,42,44,45,50,56,62,70,73
57662;23.09.2026 18:57;3,8,11,14,20,22,23,24,32,39,40,41,43,45,47,51,57,59,63,66
57663;23.09.2026 19:02;3,8,10,12,13,14,20,21,22,25,39,41,43,46,48,60,72,73,76,78
57664;23.09.2026 19:07;7,17,19,22,23,24,27,28,32,36,38,42,48,49,58,63,73,76,78,80
57665;23.09.2026 19:12;5,9,15,30,34,35,38,40,41,43,52,53,54,61,62,72,74,75,78,80
57666;23.09.2026 19:17;1,8,9,12,13,21,22,30,31,33,37,40,42,43,50,51,61,68,73,76
57667;23.09.2026 19:22;1,7,8,9,18,23,33,38,39,40,46,47,49,52,56,67,70,71,73,77
57668;23.09.2026 19:27;17,20,21,23,24,25,26,27,31,33,34,39,56,57,61,63,68,70,71,72
57669;23.09.2026 19:32;2,8,12,20,25,30,38,49,51,52,54,59,61,62,68,69,72,73,78,79
57670;23.09.2026 19:37;1,4,12,22,23,28,29,31,34,49,50,54,57,59,64,71,75,76,77,78
57671;23.09.2026 19:42;1,4,13,18,23,24,25,31,35,36,41,43,44,50,57,62,63,68,69,72
57672;23.09.2026 19:47;7,10,11,13,20,28,39,43,46,48,49,55,59,61,62,64,69,74,78,80
57673;23.09.2026 19:52;2,5,10,14,16,20,34,44,45,46,47,48,50,51,54,56,66,69,76,77
57674;23.09.2026 19:57;5,9,11,16,19,21,24,27,28,30,33,34,41,47,56,60,62,63,69,79
57675;23.09.2026 20:02;7,9,11,13,17,18,21,31,32,36,37,40,41,47,51,57,62,70,71,79
57676;23.09.2026 20:07;3,12,13,20,24,29,33,44,46,47,52,53,55,56,58,66,73,74,77,80
57677;23.09.2026 20:12;10,12,16,18,22,25,26,34,39,40,42,47,49,50,51,60,61,62,77,78
57678;23.09.2026 20:17;5,10,12,16,17,20,22,28,31,33,34,39,45,52,53,54,60,63,73,76
57679;23.09.2026 20:22;11,14,15,20,22,23,24,25,27,29,39,44,49,54,57,62,67,69,72,77
57680;23.09.2026 20:27;11,12,13,14,21,22,25,27,30,36,37,49,58,59,61,64,66,76,79,80
57681;23.09.2026 20:32;6,7,18,23,24,25,26,33,34,40,55,59,60,61,64,65,67,74,78,80
57682;23.09.2026 20:37;8,9,11,12,15,19,28,31,39,41,43,48,50,57,58,60,62,72,77,78
57683;23.09.2026 20:42;10,15,16,20,22,23,32,33,35,36,40,41,55,56,59,60,61,62,70,80
57684;23.09.2026 20:47;1,4,10,13,14,15,17,20,33,40,44,47,49,51,54,58,62,69,71,78
57685;23.09.2026 20:52;6,12,27,31,36,37,40,42,45,46,49,51,60,61,62,65,67,71,74,76
57686;23.09.2026 20:57;2,3,7,8,9,10,19,22,24,25,27,34,41,48,51,52,53,61,69,79
57687;23.09.2026 21:02;2,4,20,22,23,31,33,35,36,39,40,50,55,57,61,62,64,71,73,78
57688;23.09.2026 21:07;4,5,6,7,15,17,25,26,27,31,39,42,43,52,54,58,70,71,74,75
57689;23.09.2026 21:12;2,6,8,15,18,25,28,31,32,34,36,39,43,45,53,55,62,63,65,79
57690;23.09.2026 21:17;1,2,3,6,16,21,24,27,29,33,45,47,51,54,59,61,63,65,66,78
57691;23.09.2026 21:22;3,13,16,21,24,26,27,34,36,47,48,50,51,54,59,60,64,65,67,72
57692;23.09.2026 21:27;5,6,14,18,28,31,32,33,38,40,45,46,53,54,58,61,73,78,79,80
57693;23.09.2026 21:32;3,6,16,19,20,24,25,29,31,34,36,40,45,54,55,64,70,72,74,77
57694;23.09.2026 21:37;1,2,14,18,20,28,31,34,38,50,53,61,63,67,73,74,76,78,79,80
57695;23.09.2026 21:42;12,14,18,22,23,25,28,29,30,31,32,34,38,40,43,46,52,67,75,79
57696;23.09.2026 21:47;4,5,9,18,19,20,21,33,42,43,45,49,50,53,57,68,69,70,77,80
57697;23.09.2026 21:52;5,12,16,17,21,23,28,37,39,43,53,55,56,57,58,65,66,67,70,75
57698;23.09.2026 21:57;2,8,11,17,21,26,28,35,44,46,53,59,68,70,74,75,76,77,78,79
57699;23.09.2026 22:02;1,2,3,21,25,29,31,32,34,35,36,40,41,46,54,62,69,72,73,77
57700;23.09.2026 22:07;2,5,10,20,22,23,25,26,27,30,48,49,51,54,59,65,69,71,72,76
57701;23.09.2026 22:12;3,7,8,21,27,28,31,33,35,45,55,56,64,69,73,74,76,77,78,80
57702;23.09.2026 22:17;6,10,12,13,18,20,23,33,35,37,38,43,49,54,57,59,62,64,76,79
57703;23.09.2026 22:22;1,2,7,10,12,22,24,25,31,39,42,51,60,62,65,67,72,73,76,80
57704;23.09.2026 22:27;7,9,12,22,24,26,36,38,43,45,46,54,56,57,58,59,61,73,76,78
57705;23.09.2026 22:32;5,6,9,12,13,20,22,26,27,31,36,48,49,59,60,62,64,65,70,77
57706;23.09.2026 22:37;8,16,21,25,27,40,41,42,48,54,56,57,60,64,66,67,71,72,75,77
57707;23.09.2026 22:42;11,14,16,21,29,31,33,39,45,53,54,61,66,68,71,72,74,75,77,79
57708;23.09.2026 22:47;7,9,13,20,21,22,25,32,33,36,43,52,56,58,59,63,64,70,79,80
57709;23.09.2026 22:52;6,7,10,13,24,25,27,32,38,42,51,52,54,56,59,61,67,68,70,77
57710;23.09.2026 22:57;6,9,10,11,16,18,26,33,38,40,41,43,44,52,56,69,70,72,75,78
57711;23.09.2026 23:02;2,6,8,9,10,14,19,21,22,25,34,35,40,51,52,57,63,66,70,80
57712;23.09.2026 23:07;6,8,11,13,16,20,21,22,29,31,35,38,41,50,51,56,63,69,70,73
57713;23.09.2026 23:12;4,13,17,21,29,34,37,39,42,43,50,53,56,57,59,62,65,68,78,80
57714;23.09.2026 23:17;15,16,29,31,33,34,35,37,41,45,46,47,49,54,55,56,59,67,75,77
57715;23.09.2026 23:22;2,3,5,6,10,13,16,23,24,32,33,34,40,41,44,46,54,65,78,80
57716;23.09.2026 23:27;3,10,15,19,20,22,25,26,34,41,42,44,47,49,51,53,64,72,76,78
57717;23.09.2026 23:32;8,11,13,16,23,24,25,28,42,44,53,54,59,61,63,67,68,74,75,78
57718;23.09.2026 23:37;1,7,10,15,18,23,26,31,34,45,47,51,52,60,61,67,68,73,77,78
57719;23.09.2026 23:42;4,6,7,10,16,17,18,19,20,21,31,37,40,41,45,58,65,70,75,77
57720;23.09.2026 23:47;7,10,28,29,30,34,37,40,45,53,57,58,63,64,65,67,73,77,79,80
57721;23.09.2026 23:52;2,11,13,16,19,21,24,27,33,34,36,38,46,56,61,67,68,75,76,79
57722;23.09.2026 23:57;7,19,24,27,31,32,37,39,41,42,43,45,46,48,56,65,71,78,79,80

===== 24.09.2026 | 217 ÇEKİLİŞ =====
57723;24.09.2026 00:02;2,8,10,14,16,17,21,26,29,31,40,52,58,64,66,68,72,77,79,80
57724;24.09.2026 00:07;1,4,8,9,10,13,15,19,25,31,44,52,55,56,57,61,66,69,77,78
57725;24.09.2026 00:12;2,9,14,15,16,19,24,25,27,32,33,35,44,45,48,49,55,57,60,66
57726;24.09.2026 00:17;1,5,14,15,17,22,24,29,30,33,35,36,45,49,58,61,67,70,75,78
57727;24.09.2026 00:22;6,7,12,20,21,23,25,35,41,42,52,53,57,61,62,64,65,70,72,78
57728;24.09.2026 00:27;2,5,6,12,13,21,22,27,30,38,41,48,52,53,54,55,59,74,76,77
57729;24.09.2026 00:32;1,5,14,17,18,25,26,28,31,32,35,41,42,44,46,57,63,71,72,74
57730;24.09.2026 00:37;7,15,20,22,31,32,33,38,42,48,50,57,60,63,65,68,73,74,77,80
57731;24.09.2026 00:42;1,10,24,27,28,32,33,34,37,42,47,51,53,55,59,67,69,71,78,79
57732;24.09.2026 00:47;7,15,18,24,28,30,33,35,36,41,43,46,49,50,51,53,57,59,61,74
57733;24.09.2026 00:52;13,21,22,23,24,25,29,30,35,37,41,42,45,46,53,66,68,72,77,78
57734;24.09.2026 00:57;4,5,7,10,13,19,21,27,28,30,31,35,51,55,56,62,63,66,72,79
57735;24.09.2026 01:02;5,8,14,18,20,21,24,26,29,32,35,43,46,50,58,62,65,71,72,73
57736;24.09.2026 07:02;2,8,10,13,14,16,24,27,30,31,32,34,36,45,49,50,62,70,73,79
57737;24.09.2026 07:07;6,7,11,15,17,20,25,32,37,44,45,52,55,59,64,68,70,78,79,80
57738;24.09.2026 07:12;2,5,9,11,15,19,22,23,24,27,30,36,40,41,43,48,60,63,64,74
57739;24.09.2026 07:17;3,4,5,24,25,27,29,30,31,41,49,50,52,53,55,67,69,73,77,79
57740;24.09.2026 07:22;2,20,27,35,37,38,42,45,49,54,55,56,57,59,69,70,75,77,78,80
57741;24.09.2026 07:27;1,4,9,12,17,26,29,36,37,41,42,46,51,56,58,60,61,63,71,77
57742;24.09.2026 07:32;4,6,17,22,24,25,26,29,31,38,40,43,51,55,58,59,66,69,76,78
57743;24.09.2026 07:37;1,6,10,19,22,26,30,40,44,47,49,53,56,62,63,64,68,70,71,77
57744;24.09.2026 07:42;7,16,19,24,27,28,29,34,39,42,47,49,51,53,54,64,72,73,74,77
57745;24.09.2026 07:47;1,11,19,20,24,28,37,38,43,45,50,54,55,56,57,66,69,72,74,76
57746;24.09.2026 07:52;2,6,11,13,14,20,26,40,42,43,44,52,53,59,61,62,66,67,69,72
57747;24.09.2026 07:57;5,9,15,27,31,33,34,36,37,43,46,47,48,49,51,52,53,55,56,78
57748;24.09.2026 08:02;2,8,9,13,14,15,18,22,25,32,38,47,50,57,64,68,71,72,75,76
57749;24.09.2026 08:07;2,5,9,13,14,18,34,37,38,40,44,48,54,60,64,66,69,71,73,77
57750;24.09.2026 08:12;3,4,11,17,19,26,36,40,41,47,51,53,57,59,60,62,72,73,75,80
57751;24.09.2026 08:17;3,6,9,10,16,18,21,23,30,35,36,40,41,45,47,50,56,64,67,72
57752;24.09.2026 08:22;5,7,9,14,16,18,19,25,27,34,38,41,59,60,62,64,65,67,69,71
57753;24.09.2026 08:27;4,9,13,26,27,28,30,31,34,35,37,46,48,57,59,64,70,73,77,78
57754;24.09.2026 08:32;1,7,13,33,36,37,39,40,46,49,51,54,55,59,62,66,69,76,77,80
57755;24.09.2026 08:37;1,3,6,10,15,17,19,20,31,32,35,43,45,52,60,63,65,68,69,74
57756;24.09.2026 08:42;2,6,8,12,17,19,26,30,31,37,38,49,56,61,62,64,66,76,78,79
57757;24.09.2026 08:47;4,6,9,11,16,23,25,29,36,42,46,47,51,52,55,56,68,74,75,80
57758;24.09.2026 08:52;3,4,12,13,21,23,26,28,29,32,37,49,55,63,64,68,71,73,78,80
57759;24.09.2026 08:57;3,4,5,8,12,13,21,26,27,28,29,40,41,50,51,65,67,69,72,76
57760;24.09.2026 09:02;5,7,9,11,15,20,22,29,32,42,49,50,52,54,59,67,68,72,76,80
57761;24.09.2026 09:07;5,9,11,16,20,23,24,31,32,37,41,43,44,51,55,56,59,60,69,74
57762;24.09.2026 09:12;1,6,9,14,16,21,22,34,36,37,38,41,51,54,62,64,65,69,72,76
57763;24.09.2026 09:17;2,5,14,18,22,23,27,33,36,39,41,45,48,51,56,63,64,65,70,78
57764;24.09.2026 09:22;3,6,9,12,17,21,22,25,26,27,29,33,57,59,64,66,68,71,76,77
57765;24.09.2026 09:27;3,7,11,12,13,16,17,21,24,29,38,41,43,50,54,59,61,63,71,77
57766;24.09.2026 09:32;1,2,4,8,11,12,13,19,22,41,44,45,46,50,54,58,69,71,78,80
57767;24.09.2026 09:37;1,4,8,15,26,35,37,39,43,48,51,54,55,65,66,68,71,73,74,77
57768;24.09.2026 09:42;3,6,9,14,18,19,21,26,31,33,34,38,44,52,54,55,59,68,73,80
57769;24.09.2026 09:47;4,12,14,18,22,24,29,30,32,40,52,53,55,56,57,61,71,76,77,80
57770;24.09.2026 09:52;1,7,12,13,31,35,40,42,43,45,48,51,53,55,57,60,68,76,78,79
57771;24.09.2026 09:57;3,5,6,9,10,12,18,19,33,35,40,51,52,57,58,68,72,73,75,77
57772;24.09.2026 10:02;9,15,20,22,26,28,30,37,39,42,44,45,47,59,60,62,69,70,71,72
57773;24.09.2026 10:07;2,3,4,5,7,16,25,28,29,31,40,41,47,54,56,58,67,68,78,79
57774;24.09.2026 10:12;4,8,10,17,21,28,34,47,48,49,51,54,59,61,63,65,68,69,70,79
57775;24.09.2026 10:17;15,17,19,22,23,24,28,30,36,37,38,51,55,58,63,65,67,68,69,70
57776;24.09.2026 10:22;2,10,15,16,18,30,31,39,44,49,52,54,57,58,65,68,71,73,77,80
57777;24.09.2026 10:27;3,4,13,14,15,22,23,33,35,36,39,41,45,53,57,60,64,67,69,71
57778;24.09.2026 10:32;4,5,11,13,15,19,23,24,32,39,46,51,54,59,62,64,66,67,68,70
57779;24.09.2026 10:37;1,8,9,20,21,27,34,38,39,43,46,47,48,53,54,55,59,71,72,74
57780;24.09.2026 10:42;3,5,11,12,14,19,21,34,35,37,44,47,51,56,63,64,65,66,74,75
57781;24.09.2026 10:47;4,11,13,14,18,20,23,26,27,30,33,38,40,46,50,55,64,65,68,74
57782;24.09.2026 10:52;1,2,16,22,23,30,35,37,40,41,49,51,55,60,63,65,66,71,73,75
57783;24.09.2026 10:57;1,4,5,6,7,10,12,15,23,27,32,41,44,46,48,49,51,54,57,65
57784;24.09.2026 11:02;7,9,13,17,19,24,26,33,35,42,44,45,47,49,52,56,68,71,74,80
57785;24.09.2026 11:07;2,7,13,16,18,21,24,30,35,36,39,40,46,56,61,64,69,77,79,80
57786;24.09.2026 11:12;10,23,31,32,33,34,35,36,38,39,45,55,56,63,64,66,68,69,75,80
57787;24.09.2026 11:17;3,14,15,20,23,25,26,27,28,38,39,43,45,52,55,68,69,76,77,79
57788;24.09.2026 11:22;1,4,6,11,14,16,18,19,22,23,28,48,52,53,55,64,69,71,72,80
57789;24.09.2026 11:27;1,8,12,15,20,26,27,33,41,49,55,57,58,63,66,70,75,76,77,79
57790;24.09.2026 11:32;3,4,7,16,17,21,24,25,27,30,31,47,49,51,53,57,60,66,67,74
57791;24.09.2026 11:37;6,7,11,13,27,35,36,38,39,44,48,55,58,59,62,66,67,69,72,80
57792;24.09.2026 11:42;5,11,13,16,18,26,32,33,37,42,43,52,53,56,57,58,62,63,77,80
57793;24.09.2026 11:47;2,4,5,13,20,24,26,29,30,39,45,49,52,59,60,62,63,64,71,80
57794;24.09.2026 11:52;2,8,10,12,14,16,17,19,21,38,52,53,58,59,61,62,68,75,78,79
57795;24.09.2026 11:57;2,6,7,23,28,31,32,33,34,35,36,37,39,49,51,64,65,67,70,73
57796;24.09.2026 12:02;4,6,7,15,23,27,28,29,33,36,37,43,53,54,55,57,60,67,77,80
57797;24.09.2026 12:07;4,11,14,20,23,26,28,31,37,43,47,51,52,53,58,65,72,75,79,80
57798;24.09.2026 12:12;4,5,10,11,14,16,19,22,26,27,29,34,35,42,43,54,68,73,75,79
57799;24.09.2026 12:17;2,3,4,7,10,11,15,17,24,25,29,35,36,41,42,44,50,56,62,79
57800;24.09.2026 12:22;6,10,14,15,17,19,28,33,34,45,48,51,52,54,56,60,61,62,69,78
57801;24.09.2026 12:27;1,5,6,7,9,12,16,17,18,19,27,40,44,45,48,54,55,68,70,75
57802;24.09.2026 12:32;1,2,4,5,7,24,30,31,34,44,45,46,52,53,62,63,65,73,77,80
57803;24.09.2026 12:37;5,10,14,20,21,34,35,39,49,60,61,62,63,64,68,69,74,78,79,80
57804;24.09.2026 12:42;17,21,22,25,28,32,34,36,40,49,50,51,52,53,55,56,59,67,74,80
57805;24.09.2026 12:47;5,7,11,13,16,24,27,28,29,39,41,46,48,52,66,67,74,76,77,80
57806;24.09.2026 12:52;2,9,13,15,19,20,23,38,49,50,51,56,57,62,64,70,71,73,75,78
57807;24.09.2026 12:57;1,2,3,4,11,20,27,29,33,34,36,37,38,40,42,49,51,61,68,76
57808;24.09.2026 13:02;10,16,17,20,27,33,35,39,43,44,56,58,60,64,65,66,68,69,71,73
57809;24.09.2026 13:07;10,16,18,24,25,26,34,36,39,41,45,49,50,54,61,65,69,75,78,80
57810;24.09.2026 13:12;2,6,7,9,14,18,21,27,29,31,32,50,52,58,59,60,68,71,73,75
57811;24.09.2026 13:17;8,14,16,17,21,22,23,37,40,43,47,51,55,60,69,70,73,74,75,78
57812;24.09.2026 13:22;1,10,14,16,18,24,26,30,39,41,42,45,51,53,54,64,65,68,69,79
57813;24.09.2026 13:27;1,8,14,21,29,34,40,42,43,44,45,52,53,57,59,62,63,67,70,73
57814;24.09.2026 13:32;2,5,8,10,16,19,25,46,47,50,57,59,61,63,66,72,74,75,77,79
57815;24.09.2026 13:37;3,6,19,22,24,31,33,35,36,37,41,46,52,53,54,62,65,72,73,80
57816;24.09.2026 13:42;4,5,10,13,17,19,22,25,31,38,40,41,51,53,56,58,61,67,72,74
57817;24.09.2026 13:47;1,5,10,11,13,17,18,21,26,30,35,39,43,50,52,60,63,67,69,79
57818;24.09.2026 13:52;2,8,10,12,20,28,34,38,41,55,59,60,61,62,66,67,68,69,72,75
57819;24.09.2026 13:57;2,4,13,18,20,23,29,42,46,47,48,50,52,54,58,63,64,69,73,80
57820;24.09.2026 14:02;1,7,9,15,17,18,21,26,27,30,35,45,47,49,52,69,71,76,77,78
57821;24.09.2026 14:07;5,7,13,17,23,25,35,37,38,45,54,56,57,62,65,66,70,74,75,78
57822;24.09.2026 14:12;3,17,23,25,37,38,39,41,42,51,52,55,58,60,63,66,73,74,75,79
57823;24.09.2026 14:17;1,2,6,8,13,17,19,21,26,29,37,38,47,50,54,57,64,66,71,80
57824;24.09.2026 14:22;1,6,9,17,19,26,28,38,40,53,54,55,56,59,61,66,69,73,79,80
57825;24.09.2026 14:27;1,2,8,12,14,17,23,27,34,38,39,42,46,49,57,59,61,71,76,78
57826;24.09.2026 14:32;6,8,9,13,21,22,24,25,29,32,35,38,41,46,50,52,56,58,60,62
57827;24.09.2026 14:37;2,7,8,11,16,20,25,32,34,38,39,42,53,56,62,64,68,73,75,79
57828;24.09.2026 14:42;1,9,13,16,18,19,22,35,38,40,46,52,54,55,58,60,61,62,74,80
57829;24.09.2026 14:47;9,14,15,17,18,31,36,37,40,43,50,54,55,59,60,67,69,70,73,79
57830;24.09.2026 14:52;1,2,4,8,13,21,31,35,40,45,47,50,51,55,60,63,65,74,77,79
57831;24.09.2026 14:57;4,22,23,26,33,39,41,44,47,52,53,54,56,61,68,70,72,73,78,79
57832;24.09.2026 15:02;3,5,12,14,18,21,23,25,29,31,34,44,48,49,66,68,70,73,78,79
57833;24.09.2026 15:07;2,3,13,16,19,21,25,28,31,33,34,37,45,57,61,62,68,70,74,79
57834;24.09.2026 15:12;7,11,17,18,20,24,31,35,37,44,51,54,55,56,57,60,65,67,69,75
57835;24.09.2026 15:17;4,6,11,15,16,30,31,34,37,38,40,46,50,51,57,63,67,68,72,75
57836;24.09.2026 15:22;1,8,13,19,23,24,26,31,34,37,40,43,44,54,57,67,68,71,73,75
57837;24.09.2026 15:27;3,5,6,7,15,26,29,30,33,35,38,41,45,46,47,51,52,54,60,63
57838;24.09.2026 15:32;1,2,4,5,13,15,19,30,32,38,43,44,45,46,54,59,64,73,79,80
57839;24.09.2026 15:37;4,8,15,17,20,21,29,30,32,37,38,45,46,48,55,57,62,75,79,80
57840;24.09.2026 15:42;2,4,12,24,26,30,32,39,40,42,45,47,48,50,56,59,61,63,73,77
57841;24.09.2026 15:47;9,18,21,24,29,30,33,36,39,44,54,57,60,62,63,65,68,70,73,74
57842;24.09.2026 15:52;12,14,23,26,37,45,49,57,60,61,62,64,65,67,69,70,73,77,78,80
57843;24.09.2026 15:57;1,3,9,13,19,25,28,29,42,44,46,51,57,58,59,64,67,68,71,78
57844;24.09.2026 16:02;11,13,15,20,27,39,40,41,46,48,52,53,56,65,70,72,75,77,78,80
57845;24.09.2026 16:07;2,4,10,17,18,22,25,30,35,40,46,47,48,51,57,58,68,76,79,80
57846;24.09.2026 16:12;4,5,8,13,14,18,25,32,33,35,37,44,48,51,52,54,64,71,72,80
57847;24.09.2026 16:17;3,5,14,20,23,26,31,35,36,41,44,54,58,60,62,67,72,77,78,79
57848;24.09.2026 16:22;1,5,8,14,15,25,28,43,48,51,52,55,57,61,63,67,68,70,72,78
57849;24.09.2026 16:27;7,11,21,28,29,31,33,39,43,44,47,59,60,64,66,69,71,75,78,79
57850;24.09.2026 16:32;1,9,16,17,19,20,24,30,32,33,38,42,45,46,48,50,60,63,72,75
57851;24.09.2026 16:37;1,6,8,15,16,18,22,24,25,33,40,41,46,50,51,61,71,72,75,77
57852;24.09.2026 16:42;4,5,9,14,16,18,23,31,32,39,42,48,50,51,52,56,57,60,61,77
57853;24.09.2026 16:47;7,11,16,17,23,27,28,30,37,40,44,49,50,52,58,69,71,75,78,79
57854;24.09.2026 16:52;3,9,17,18,21,22,24,25,26,30,35,39,42,48,52,54,70,73,74,79
57855;24.09.2026 16:57;1,2,3,6,8,15,17,26,27,28,29,36,41,46,57,58,60,63,71,72
57856;24.09.2026 17:02;2,6,7,20,27,30,42,47,48,56,57,58,63,64,66,72,74,76,77,78
57857;24.09.2026 17:07;2,3,6,10,13,15,17,20,23,31,32,36,48,51,54,57,58,62,64,79
57858;24.09.2026 17:12;12,20,26,27,29,31,32,34,39,40,41,46,58,59,62,67,72,75,78,80
57859;24.09.2026 17:17;1,3,6,7,11,13,15,22,34,35,36,44,51,52,55,69,75,77,78,80
57860;24.09.2026 17:22;8,9,14,18,33,34,35,38,39,42,50,54,60,62,66,72,73,77,78,80
57861;24.09.2026 17:27;6,10,12,19,21,22,25,28,29,35,38,44,52,53,54,55,56,72,76,77
57862;24.09.2026 17:32;9,12,13,15,20,24,26,28,30,35,47,51,57,63,67,69,70,72,74,77
57863;24.09.2026 17:37;1,3,10,12,13,15,19,24,32,33,35,36,40,52,58,59,62,63,68,80
57864;24.09.2026 17:42;3,5,14,20,23,30,32,33,36,37,39,41,42,52,54,56,63,65,72,80
57865;24.09.2026 17:47;1,4,7,13,20,22,24,27,34,38,41,46,53,54,55,56,60,61,69,77
57866;24.09.2026 17:52;2,10,16,18,35,37,40,45,46,47,50,54,57,59,67,68,72,74,75,78
57867;24.09.2026 17:57;3,4,7,10,15,23,27,28,38,43,45,46,52,54,55,57,58,63,69,77
57868;24.09.2026 18:02;3,7,8,13,14,27,33,34,40,44,51,56,61,63,67,71,72,73,74,80
57869;24.09.2026 18:07;1,6,7,11,13,16,18,29,32,36,40,44,47,48,49,55,60,61,65,72
57870;24.09.2026 18:12;6,11,17,18,23,28,29,42,43,46,52,59,62,66,68,69,70,72,74,76
57871;24.09.2026 18:17;5,12,16,21,25,31,32,35,39,44,53,55,56,64,67,69,71,72,76,77
57872;24.09.2026 18:22;5,15,16,25,30,33,34,35,38,44,48,54,55,57,59,61,68,70,73,75
57873;24.09.2026 18:27;10,11,13,15,19,23,24,26,28,30,38,41,44,45,48,49,50,59,73,79
57874;24.09.2026 18:32;18,24,27,30,33,35,41,42,43,47,51,59,63,64,66,67,68,72,73,77
57875;24.09.2026 18:37;10,11,12,14,20,21,31,32,35,37,38,43,44,51,62,63,68,72,73,75
57876;24.09.2026 18:42;4,5,18,21,23,24,27,32,33,34,36,39,40,43,47,49,51,59,67,68
57877;24.09.2026 18:47;1,12,13,26,29,34,40,42,44,49,54,55,58,60,69,70,71,72,74,75
57878;24.09.2026 18:52;2,5,13,17,21,28,29,41,43,50,52,54,59,62,66,69,70,73,75,76
57879;24.09.2026 18:57;4,8,12,14,19,25,30,32,39,42,45,47,48,50,52,60,69,70,72,74
57880;24.09.2026 19:02;5,7,8,10,21,24,26,28,30,31,36,40,49,56,65,66,72,74,76,78
57881;24.09.2026 19:07;1,5,6,7,13,16,17,25,40,43,46,47,52,54,55,56,68,72,73,76
57882;24.09.2026 19:12;3,15,20,21,24,28,29,31,35,36,37,42,52,53,63,64,65,68,70,80
57883;24.09.2026 19:17;1,2,9,10,12,13,15,16,17,22,25,27,29,31,41,45,54,55,70,75
57884;24.09.2026 19:22;6,10,20,21,22,23,32,35,36,44,45,46,49,50,53,59,63,71,72,73
57885;24.09.2026 19:27;4,8,11,12,15,18,19,22,31,40,46,49,50,54,56,59,60,62,70,74
57886;24.09.2026 19:32;3,6,9,16,21,23,27,34,35,39,40,42,44,48,53,54,57,60,62,79
57887;24.09.2026 19:37;6,15,17,20,24,25,33,37,38,39,44,45,47,51,56,63,70,72,73,78
57888;24.09.2026 19:42;2,3,9,13,20,31,32,33,35,39,42,45,49,56,58,62,69,70,73,79
57889;24.09.2026 19:47;1,2,7,8,13,14,21,25,30,33,34,35,41,48,50,51,53,66,69,74
57890;24.09.2026 19:52;2,6,7,8,11,15,21,23,30,31,40,45,50,54,55,56,60,61,62,73
57891;24.09.2026 19:57;1,2,3,10,11,14,15,19,27,30,41,43,45,48,58,59,62,64,65,77
57892;24.09.2026 20:02;4,5,9,10,28,29,31,41,46,47,48,50,52,64,67,69,70,72,74,80
57893;24.09.2026 20:07;11,12,17,18,21,28,29,30,31,37,55,56,58,59,61,64,71,72,75,76
57894;24.09.2026 20:12;2,7,23,25,26,29,34,37,38,39,43,49,51,55,59,60,61,64,67,77
57895;24.09.2026 20:17;3,5,10,12,15,19,24,29,31,35,36,41,44,48,50,51,54,73,77,78
57896;24.09.2026 20:22;6,7,9,11,14,15,17,21,29,35,38,41,42,53,58,60,62,72,73,77
57897;24.09.2026 20:27;6,9,11,13,17,19,25,27,30,34,37,40,45,47,48,51,57,63,67,76
57898;24.09.2026 20:32;1,2,3,4,12,20,22,24,25,27,29,33,37,39,40,42,48,57,75,80
57899;24.09.2026 20:37;7,12,13,14,20,25,29,31,33,34,37,44,47,49,55,59,61,68,76,80
57900;24.09.2026 20:42;7,10,12,16,19,25,32,41,45,48,51,54,59,62,64,66,69,70,75,76
57901;24.09.2026 20:47;1,27,28,29,38,40,41,47,49,51,54,55,58,59,64,69,72,76,78,80
57902;24.09.2026 20:52;1,5,9,11,14,15,16,18,19,22,38,40,43,52,59,67,70,75,77,80
57903;24.09.2026 20:57;7,9,10,14,19,21,26,29,33,35,45,49,51,58,62,64,67,68,74,78
57904;24.09.2026 21:02;5,6,10,19,20,21,22,25,28,29,33,36,40,45,46,47,55,56,59,79
57905;24.09.2026 21:07;8,14,15,16,38,40,41,48,49,53,55,57,58,61,64,67,69,72,76,77
57906;24.09.2026 21:12;3,5,6,7,10,11,24,30,35,39,45,52,54,56,57,59,61,76,78,79
57907;24.09.2026 21:17;1,4,5,6,11,30,31,33,39,41,42,46,47,52,55,60,62,64,66,77
57908;24.09.2026 21:22;2,3,7,17,18,22,23,28,36,37,40,46,49,50,61,62,63,64,69,77
57909;24.09.2026 21:27;6,8,12,16,24,29,32,39,44,47,52,55,57,61,62,66,67,76,77,80
57910;24.09.2026 21:32;4,6,9,13,16,19,20,22,26,30,31,40,41,42,57,60,63,65,67,80
57911;24.09.2026 21:37;6,8,13,16,22,26,33,34,35,42,43,45,48,53,57,59,68,72,74,79
57912;24.09.2026 21:42;5,11,13,18,19,27,28,29,30,36,40,42,44,52,55,57,58,69,72,76
57913;24.09.2026 21:47;2,3,4,9,16,17,18,23,24,37,43,44,47,53,62,66,72,75,76,77
57914;24.09.2026 21:52;1,3,5,8,11,18,21,25,38,39,41,42,56,60,64,70,71,74,75,77
57915;24.09.2026 21:57;2,6,7,9,16,24,26,38,40,43,45,54,58,59,60,62,67,70,74,79
57916;24.09.2026 22:02;4,6,9,15,19,21,30,31,39,40,47,48,52,53,56,61,63,64,68,71
57917;24.09.2026 22:07;2,4,5,11,14,23,26,34,36,37,40,41,47,48,50,53,64,69,70,74
57918;24.09.2026 22:12;1,2,4,13,33,36,37,39,42,43,44,57,62,65,70,73,76,77,78,79
57919;24.09.2026 22:17;8,9,10,13,15,17,28,35,37,40,41,45,53,57,60,63,66,70,72,74
57920;24.09.2026 22:22;1,7,10,15,16,22,24,25,28,30,32,44,46,48,57,59,61,67,69,77
57921;24.09.2026 22:27;4,6,7,13,18,26,36,37,38,42,44,47,52,58,60,62,65,68,77,78
57922;24.09.2026 22:32;1,3,5,8,10,13,26,34,42,46,55,62,64,65,68,69,72,73,74,79
57923;24.09.2026 22:37;5,8,11,19,23,24,28,30,32,33,34,36,40,41,43,48,49,64,74,75
57924;24.09.2026 22:42;8,10,14,20,22,32,34,36,38,48,49,50,51,54,59,65,69,74,75,79
57925;24.09.2026 22:47;1,7,8,9,17,19,20,23,26,27,34,35,38,41,43,45,50,56,63,75
57926;24.09.2026 22:52;10,14,15,18,19,24,27,28,35,38,41,42,47,50,52,58,61,64,75,80
57927;24.09.2026 22:57;4,7,14,18,19,20,21,23,30,33,38,42,45,61,64,66,68,70,75,78
57928;24.09.2026 23:02;4,10,12,23,33,36,41,42,43,51,52,54,58,61,64,67,68,70,75,80
57929;24.09.2026 23:07;2,3,11,14,20,27,35,36,53,56,58,60,62,65,66,71,73,78,79,80
57930;24.09.2026 23:12;6,8,14,17,20,29,31,38,39,43,46,51,55,62,63,65,72,73,77,78
57931;24.09.2026 23:17;1,10,18,19,21,29,30,35,36,40,42,44,58,61,67,69,70,71,75,79
57932;24.09.2026 23:22;1,3,4,12,13,14,23,31,32,36,43,45,49,56,60,64,65,74,75,77
57933;24.09.2026 23:27;3,4,6,12,14,28,31,32,37,40,46,47,48,52,58,59,61,62,72,75
57934;24.09.2026 23:32;1,8,10,11,14,15,18,30,37,40,43,44,46,50,51,52,67,72,73,74
57935;24.09.2026 23:37;5,10,13,19,21,32,34,36,38,42,47,50,55,60,61,64,68,72,76,80
57936;24.09.2026 23:42;1,6,11,14,20,28,30,31,47,50,58,64,65,66,69,70,71,74,75,77
57937;24.09.2026 23:47;5,7,8,9,11,12,24,26,29,37,40,43,47,48,54,60,63,68,78,80
57938;24.09.2026 23:52;3,7,10,14,17,19,20,21,36,41,42,43,47,53,57,62,70,71,75,76
57939;24.09.2026 23:57;5,15,17,20,26,29,35,37,38,40,41,44,48,56,61,62,65,67,70,77

===== 25.09.2026 | 217 ÇEKİLİŞ =====
57940;25.09.2026 00:02;8,12,15,27,28,30,32,35,38,39,44,45,46,49,54,64,69,74,75,77
57941;25.09.2026 00:07;1,2,5,9,14,24,30,37,40,42,47,48,53,57,64,66,70,74,79,80
57942;25.09.2026 00:12;1,3,7,9,16,26,27,33,36,37,47,55,58,61,62,71,73,75,76,79
57943;25.09.2026 00:17;1,2,5,7,11,19,23,24,33,41,44,46,51,52,56,58,64,69,70,75
57944;25.09.2026 00:22;8,11,12,17,23,24,39,42,44,48,50,51,52,56,57,58,61,62,67,75
57945;25.09.2026 00:27;1,12,16,22,28,35,37,39,44,45,47,48,52,53,60,64,66,75,76,77
57946;25.09.2026 00:32;7,10,11,16,20,26,30,33,36,40,41,42,44,47,53,54,56,64,67,76
57947;25.09.2026 00:37;5,13,21,24,27,29,32,33,44,51,55,57,60,62,66,70,73,74,78,80
57948;25.09.2026 00:42;8,9,10,19,23,24,27,32,33,36,39,40,48,53,55,58,62,69,74,75
57949;25.09.2026 00:47;6,8,9,12,14,17,21,22,25,28,40,48,51,55,63,64,65,67,70,74
57950;25.09.2026 00:52;1,4,13,15,18,23,35,37,38,59,60,61,64,66,67,69,71,73,75,80
57951;25.09.2026 00:57;1,2,6,8,11,12,16,17,21,42,43,49,50,54,55,63,66,71,75,80
57952;25.09.2026 01:02;1,4,5,7,11,15,17,20,24,26,34,35,38,44,48,56,61,62,75,80
57953;25.09.2026 07:02;4,7,8,12,14,21,22,25,26,27,39,41,42,55,56,65,67,71,72,75
57954;25.09.2026 07:07;5,13,15,20,25,27,30,31,33,34,42,46,48,53,55,60,62,68,75,77
57955;25.09.2026 07:12;2,4,5,7,9,13,15,22,26,28,29,35,38,59,64,65,66,70,72,75
57956;25.09.2026 07:17;2,4,5,6,9,10,13,24,27,30,42,43,44,49,55,56,57,58,73,75
57957;25.09.2026 07:22;2,3,4,9,10,12,13,14,20,29,32,34,35,41,42,44,45,46,70,75
57958;25.09.2026 07:27;7,8,9,14,18,23,24,25,33,36,38,42,49,54,56,58,59,65,78,79
57959;25.09.2026 07:32;6,9,12,15,17,18,20,22,29,36,45,47,48,49,50,52,63,70,74,79
57960;25.09.2026 07:37;4,8,10,26,29,30,34,35,38,41,45,54,63,67,68,73,74,77,78,80
57961;25.09.2026 07:42;1,3,15,18,20,23,24,25,27,38,40,45,47,49,61,63,66,67,72,77
57962;25.09.2026 07:47;2,3,6,10,11,12,19,25,38,42,43,50,59,60,63,64,65,66,69,78
57963;25.09.2026 07:52;5,7,8,16,21,28,35,36,41,43,46,48,53,58,62,63,64,65,72,74
57964;25.09.2026 07:57;3,5,10,11,12,15,21,24,26,28,30,31,38,40,43,44,52,61,63,65
57965;25.09.2026 08:02;4,7,8,18,21,23,32,37,38,39,47,51,52,63,67,72,73,76,77,78
57966;25.09.2026 08:07;6,8,11,16,17,19,20,22,25,30,34,35,41,46,62,63,66,69,74,77
57967;25.09.2026 08:12;3,6,13,19,25,26,28,29,30,38,39,41,51,58,59,61,67,70,78,80
57968;25.09.2026 08:17;4,9,12,17,18,19,21,22,24,25,27,30,39,51,57,61,62,64,70,72
57969;25.09.2026 08:22;2,3,7,9,11,13,26,27,28,32,33,40,42,45,53,54,59,61,76,80
57970;25.09.2026 08:27;2,3,4,6,15,16,24,31,41,43,46,49,53,55,60,69,71,77,78,79
57971;25.09.2026 08:32;5,9,13,18,24,29,30,33,41,42,46,49,50,52,65,66,69,73,76,78
57972;25.09.2026 08:37;3,9,10,14,24,30,33,42,46,49,51,52,54,56,58,60,61,64,73,80
57973;25.09.2026 08:42;4,6,20,23,24,26,27,28,40,41,42,48,52,53,54,56,57,58,70,71
57974;25.09.2026 08:47;3,4,6,7,9,10,12,14,15,16,25,27,34,43,44,58,62,70,72,77
57975;25.09.2026 08:52;12,18,19,20,21,28,32,34,37,38,42,46,47,51,62,63,69,72,74,77
57976;25.09.2026 08:57;3,10,14,20,22,24,35,36,39,44,48,49,52,56,59,66,67,68,74,75
57977;25.09.2026 09:02;3,10,11,13,15,20,22,23,24,40,41,44,45,50,51,53,64,65,72,79
57978;25.09.2026 09:07;1,3,14,25,32,34,35,41,42,48,51,52,53,57,58,61,63,70,72,73
57979;25.09.2026 09:12;4,5,8,11,12,14,16,17,18,22,25,30,31,33,38,53,64,65,66,75
57980;25.09.2026 09:17;1,3,4,14,21,23,32,37,40,42,45,48,49,58,66,68,70,72,77,78
57981;25.09.2026 09:22;4,10,13,24,25,26,27,39,40,41,45,47,54,58,62,64,66,73,79,80
57982;25.09.2026 09:27;7,8,10,17,18,19,25,42,43,44,48,55,57,64,65,70,72,73,74,76
57983;25.09.2026 09:32;7,10,18,20,23,27,29,31,33,35,42,44,45,49,51,57,60,62,69,72
57984;25.09.2026 09:37;3,6,7,11,14,15,19,20,22,30,34,38,47,53,62,65,69,71,72,73
57985;25.09.2026 09:42;2,3,4,10,18,21,24,25,29,33,34,55,56,64,69,70,74,75,76,80
57986;25.09.2026 09:47;7,8,10,12,14,20,28,29,31,33,34,36,37,38,56,62,65,70,71,72
57987;25.09.2026 09:52;3,4,6,7,16,18,20,21,33,36,45,47,52,54,55,64,67,69,76,77
57988;25.09.2026 09:57;1,3,8,14,21,28,31,32,36,38,41,48,54,55,56,58,64,65,69,78
57989;25.09.2026 10:02;4,11,12,24,25,26,32,35,37,41,44,45,49,50,65,67,69,71,72,76
57990;25.09.2026 10:07;5,6,7,14,21,24,25,26,28,37,38,39,49,55,57,67,73,74,75,77
57991;25.09.2026 10:12;3,6,12,19,22,27,28,30,31,36,40,41,44,46,47,57,60,70,73,75
57992;25.09.2026 10:17;7,12,13,15,16,21,23,26,30,35,39,41,54,56,64,66,71,74,75,76
57993;25.09.2026 10:22;2,7,10,17,20,27,31,34,47,52,55,56,57,59,62,65,66,70,75,79
57994;25.09.2026 10:27;1,3,12,15,16,18,29,31,35,43,47,55,59,62,67,72,73,76,79,80
57995;25.09.2026 10:32;7,11,14,16,21,22,24,25,33,36,50,52,53,58,60,61,68,71,76,80
57996;25.09.2026 10:37;10,14,16,17,18,22,26,31,38,46,52,58,59,62,65,68,69,70,72,77
57997;25.09.2026 10:42;4,6,19,23,28,30,31,33,35,41,42,43,44,46,51,61,68,74,77,79
57998;25.09.2026 10:47;6,11,15,16,21,28,30,32,38,40,42,48,53,57,61,69,70,71,74,75
57999;25.09.2026 10:52;2,6,23,28,29,30,35,38,46,50,51,54,57,58,59,60,64,74,75,80
58000;25.09.2026 10:57;4,5,7,8,15,16,17,19,21,26,32,34,39,53,55,61,64,71,74,77
58001;25.09.2026 11:02;3,4,5,17,19,20,25,28,30,31,40,41,43,53,58,61,66,67,70,80
58002;25.09.2026 11:07;3,8,9,12,13,16,18,19,22,37,39,43,45,46,48,55,57,62,65,80
58003;25.09.2026 11:12;2,4,6,9,14,22,24,25,30,32,38,41,42,46,47,58,63,69,73,76
58004;25.09.2026 11:17;5,8,13,16,19,27,31,34,35,36,40,42,45,51,52,53,59,63,65,74
58005;25.09.2026 11:22;3,19,24,34,35,36,37,40,42,45,46,48,49,51,55,60,62,65,68,69
58006;25.09.2026 11:27;2,4,9,11,15,24,29,32,38,44,47,49,55,61,62,63,67,71,78,79
58007;25.09.2026 11:32;2,8,10,13,14,16,23,24,26,31,35,36,38,46,47,53,60,62,65,75
58008;25.09.2026 11:37;4,6,7,10,21,25,26,27,28,30,38,43,46,53,60,64,65,67,72,75
58009;25.09.2026 11:42;1,2,4,8,9,12,25,30,42,46,48,49,53,55,56,57,61,71,78,79
58010;25.09.2026 11:47;3,5,6,18,27,33,39,48,49,50,52,55,56,62,63,64,66,67,74,77
58011;25.09.2026 11:52;4,5,7,15,18,26,33,34,44,45,46,50,55,58,62,64,65,66,71,78
58012;25.09.2026 11:57;1,4,5,11,12,29,33,35,38,41,44,45,48,49,50,51,60,61,62,64
58013;25.09.2026 12:02;7,8,9,18,29,34,35,44,46,49,54,59,61,62,63,65,68,71,75,79
58014;25.09.2026 12:07;2,9,12,14,20,22,29,33,35,38,39,40,43,45,49,55,61,67,70,75
58015;25.09.2026 12:12;1,3,6,10,17,26,27,28,32,35,39,46,49,50,51,55,56,57,58,64
58016;25.09.2026 12:17;6,8,9,10,12,14,23,24,25,27,29,32,38,39,50,56,64,65,71,78
58017;25.09.2026 12:22;17,27,29,32,33,34,37,40,41,43,46,50,52,56,67,68,70,75,77,78
58018;25.09.2026 12:27;2,3,11,15,16,19,23,26,31,36,39,43,49,52,56,58,67,69,72,74
58019;25.09.2026 12:32;2,4,7,9,16,24,26,29,30,32,43,46,50,54,56,59,60,68,71,79
58020;25.09.2026 12:37;1,13,15,17,27,33,34,36,39,43,45,47,50,55,58,59,61,65,67,80
58021;25.09.2026 12:42;3,4,6,8,14,19,25,27,31,33,34,45,52,53,55,57,59,62,74,77
58022;25.09.2026 12:47;2,3,10,11,22,26,27,35,36,38,46,50,55,56,61,63,65,66,69,73
58023;25.09.2026 12:52;10,15,18,28,31,32,37,41,43,44,47,48,53,55,56,66,71,74,78,80
58024;25.09.2026 12:57;11,16,20,22,31,42,44,46,47,51,52,53,63,64,67,68,71,73,77,79
58025;25.09.2026 13:02;7,20,21,22,25,26,28,29,32,36,51,54,60,62,66,69,71,73,74,80
58026;25.09.2026 13:07;8,11,13,14,17,32,33,34,41,42,47,48,51,68,69,70,72,75,76,80
58027;25.09.2026 13:12;3,10,11,21,27,29,30,34,40,42,46,48,51,52,54,66,70,72,73,76
58028;25.09.2026 13:17;2,7,11,13,20,21,26,30,37,38,43,45,50,56,60,71,74,75,78,80
58029;25.09.2026 13:22;5,14,16,22,23,26,32,35,37,48,49,51,53,54,55,61,62,68,74,78
58030;25.09.2026 13:27;1,5,6,11,15,18,21,26,33,48,49,51,54,57,64,70,72,77,78,80
58031;25.09.2026 13:32;1,2,3,7,12,14,15,16,17,25,29,45,46,48,65,69,70,73,75,78
58032;25.09.2026 13:37;1,5,10,14,17,25,26,37,40,46,56,61,63,64,67,68,69,71,73,74
58033;25.09.2026 13:42;9,10,17,21,26,31,43,50,52,57,59,60,61,63,70,72,74,75,76,80
58034;25.09.2026 13:47;4,5,10,18,19,24,29,31,33,34,44,48,54,63,65,72,73,76,77,79
58035;25.09.2026 13:52;1,4,9,12,17,19,20,23,24,35,38,45,48,49,52,61,64,67,72,76
58036;25.09.2026 13:57;6,7,23,24,30,32,33,42,45,50,55,56,58,59,62,64,65,66,67,78
58037;25.09.2026 14:02;2,3,5,7,9,14,16,20,30,41,44,46,48,57,63,64,70,71,73,74
58038;25.09.2026 14:07;3,6,9,19,23,24,29,35,39,42,50,51,52,58,59,62,63,68,69,76
58039;25.09.2026 14:12;10,11,15,16,19,22,36,38,43,46,47,51,53,54,56,58,64,69,72,78
58040;25.09.2026 14:17;2,3,9,15,16,18,23,26,28,37,46,55,56,63,64,67,68,71,73,77
58041;25.09.2026 14:22;5,12,15,16,17,20,22,24,27,28,44,47,56,60,67,68,72,77,78,80
58042;25.09.2026 14:27;10,18,19,26,28,32,35,37,41,42,46,48,58,60,61,62,68,73,74,80
58043;25.09.2026 14:32;6,10,12,13,19,27,28,30,36,44,46,51,52,57,58,63,68,73,75,80
58044;25.09.2026 14:37;8,10,12,14,16,18,20,22,29,31,36,39,40,44,45,47,65,70,74,76
58045;25.09.2026 14:42;7,13,21,23,25,30,33,34,47,48,54,55,56,61,64,65,76,77,78,79
58046;25.09.2026 14:47;2,10,11,13,15,19,24,25,30,38,40,45,50,57,58,66,70,73,75,80
58047;25.09.2026 14:52;1,7,8,11,16,20,21,22,35,39,43,47,49,56,63,65,66,74,77,78
58048;25.09.2026 14:57;5,6,10,16,20,30,33,35,37,39,41,43,45,54,56,57,58,61,74,78
58049;25.09.2026 15:02;2,3,6,9,11,20,21,28,33,35,44,47,54,55,62,66,69,70,72,76
58050;25.09.2026 15:07;5,7,10,13,14,33,40,43,44,46,48,54,55,62,65,67,71,77,78,80
58051;25.09.2026 15:12;12,15,18,19,23,26,27,30,36,42,46,47,50,57,61,65,72,73,78,80
58052;25.09.2026 15:17;3,5,7,12,13,23,29,39,40,42,43,44,48,49,53,60,61,63,69,80
58053;25.09.2026 15:22;12,13,14,15,22,24,25,30,35,37,43,47,49,56,60,61,66,72,73,75
58054;25.09.2026 15:27;2,3,4,10,11,19,25,27,32,35,46,50,52,54,63,64,70,71,74,75
58055;25.09.2026 15:32;5,6,7,9,11,22,24,25,27,38,39,48,49,53,54,59,63,66,69,70
58056;25.09.2026 15:37;3,7,10,17,19,23,34,40,41,43,46,47,48,51,52,54,55,59,61,63
58057;25.09.2026 15:42;5,6,9,11,18,26,34,35,41,44,45,48,49,51,53,56,57,66,71,73
58058;25.09.2026 15:47;3,6,9,13,21,28,32,42,44,47,49,53,54,56,57,59,60,62,74,78
58059;25.09.2026 15:52;11,19,20,24,25,26,32,36,40,44,50,52,53,58,59,63,64,67,68,71
58060;25.09.2026 15:57;2,4,6,9,19,20,24,29,34,42,44,46,49,58,64,67,73,75,76,77
58061;25.09.2026 16:02;1,12,14,16,30,34,37,39,44,45,46,48,49,51,62,68,72,74,76,77
58062;25.09.2026 16:07;2,5,8,9,11,19,23,30,33,47,54,56,58,59,67,69,70,71,72,76
58063;25.09.2026 16:12;8,10,16,21,22,23,29,31,36,41,46,49,52,54,55,63,65,77,79,80
58064;25.09.2026 16:17;5,8,9,18,21,22,27,30,31,36,40,44,47,49,52,60,63,65,74,78
58065;25.09.2026 16:22;10,12,14,15,18,24,26,38,42,43,49,57,59,67,68,69,72,73,74,78
58066;25.09.2026 16:27;1,7,12,18,28,34,39,40,44,46,49,55,58,62,65,67,68,77,79,80
58067;25.09.2026 16:32;3,6,8,12,17,20,21,25,29,30,34,36,37,38,44,46,55,68,77,78
58068;25.09.2026 16:37;1,5,10,15,19,29,30,39,44,46,52,54,61,64,66,69,70,71,75,79
58069;25.09.2026 16:42;1,9,20,22,26,31,34,36,40,42,45,51,56,59,60,66,68,73,74,80
58070;25.09.2026 16:47;1,4,5,6,15,16,17,18,20,37,39,45,55,57,58,61,68,69,74,80
58071;25.09.2026 16:52;9,10,14,18,19,28,30,44,45,47,50,54,56,57,58,59,67,70,73,79
58072;25.09.2026 16:57;1,9,11,17,19,22,25,26,28,34,38,45,47,52,61,62,64,75,77,78
58073;25.09.2026 17:02;2,6,7,9,11,14,25,26,27,30,31,36,37,40,42,47,58,62,64,73
58074;25.09.2026 17:07;7,10,11,12,16,19,20,24,26,28,31,36,38,42,46,53,57,62,74,75
58075;25.09.2026 17:12;6,7,11,12,17,21,22,25,26,30,32,41,45,49,58,59,64,69,70,74
58076;25.09.2026 17:17;4,8,10,14,22,30,33,37,39,44,49,50,54,59,61,62,63,73,75,80
58077;25.09.2026 17:22;2,4,7,9,10,25,27,30,38,41,43,47,49,50,57,58,62,71,74,80
58078;25.09.2026 17:27;2,4,6,8,9,15,17,20,25,26,33,35,42,48,51,62,63,65,66,73
58079;25.09.2026 17:32;3,11,15,24,26,30,31,39,42,44,48,49,50,56,62,63,67,69,70,80
58080;25.09.2026 17:37;3,6,9,10,14,22,24,33,34,38,40,42,52,53,57,59,61,63,77,78
58081;25.09.2026 17:42;9,15,23,26,27,31,38,40,47,48,51,52,54,57,61,63,69,72,73,77
58082;25.09.2026 17:47;1,2,7,13,15,25,26,32,33,34,43,47,48,55,62,63,64,70,76,78
58083;25.09.2026 17:52;2,6,7,12,13,14,24,28,29,33,34,35,36,38,39,50,51,55,57,77
58084;25.09.2026 17:57;3,5,8,9,15,18,22,31,32,35,39,40,42,48,50,55,65,67,69,76
58085;25.09.2026 18:02;5,7,10,13,16,19,21,22,27,29,41,45,47,54,55,58,63,65,70,71
58086;25.09.2026 18:07;4,9,11,12,18,23,26,32,37,38,40,43,45,47,61,63,65,68,70,74
58087;25.09.2026 18:12;3,8,15,16,17,20,25,27,36,38,39,50,59,61,63,68,73,76,77,80
58088;25.09.2026 18:17;5,6,9,10,12,16,17,20,29,40,41,47,52,63,66,69,75,76,77,78
58089;25.09.2026 18:22;1,2,7,11,12,16,22,26,32,34,46,47,55,58,61,65,69,72,76,80
58090;25.09.2026 18:27;6,7,9,12,20,24,26,28,29,30,37,50,51,60,72,74,75,76,78,80
58091;25.09.2026 18:32;5,11,19,20,21,26,29,38,40,44,45,48,50,51,52,55,61,66,67,80
58092;25.09.2026 18:37;7,8,14,17,18,20,21,22,28,30,36,42,46,48,55,58,63,66,75,77
58093;25.09.2026 18:42;3,4,14,21,23,26,27,28,30,32,35,45,48,50,59,60,64,66,70,78
58094;25.09.2026 18:47;1,2,3,14,16,24,27,28,29,30,38,39,44,46,47,51,55,58,69,80
58095;25.09.2026 18:52;2,7,8,9,12,19,21,22,23,30,32,36,37,55,58,60,66,67,68,79
58096;25.09.2026 18:57;4,7,12,23,32,34,36,41,43,49,50,52,57,58,60,65,66,67,70,79
58097;25.09.2026 19:02;4,10,17,20,23,30,37,40,47,48,50,52,56,59,61,63,66,68,69,73
58098;25.09.2026 19:07;1,11,13,18,29,34,35,42,43,45,46,48,52,53,56,57,62,64,77,78
58099;25.09.2026 19:12;5,7,14,16,22,24,26,31,34,38,42,52,54,60,63,68,69,76,77,78
58100;25.09.2026 19:17;6,7,11,14,17,27,31,32,36,37,46,50,58,59,61,66,73,75,79,80
58101;25.09.2026 19:22;1,13,21,33,35,39,41,48,50,54,56,59,67,68,70,71,77,78,79,80
58102;25.09.2026 19:27;1,2,5,7,11,12,13,16,19,30,35,37,38,41,44,47,51,54,58,60
58103;25.09.2026 19:32;3,4,5,7,9,30,31,40,48,51,57,58,62,67,70,74,75,77,79,80
58104;25.09.2026 19:37;2,14,20,34,35,37,38,39,43,46,52,53,55,60,67,71,73,74,77,78
58105;25.09.2026 19:42;1,2,3,16,22,24,26,28,32,42,47,50,55,66,67,68,69,72,74,79
58106;25.09.2026 19:47;3,6,10,13,20,23,25,32,35,39,40,46,49,50,54,56,61,65,72,76
58107;25.09.2026 19:52;5,8,11,17,18,23,25,32,36,40,50,51,58,59,60,66,71,72,74,78
58108;25.09.2026 19:57;4,8,10,13,18,25,26,27,29,34,35,36,44,54,65,67,72,74,77,79
58109;25.09.2026 20:02;6,7,13,18,26,27,28,29,34,37,38,41,43,56,58,59,65,70,75,76
58110;25.09.2026 20:07;6,7,9,11,14,18,19,22,34,35,36,41,46,56,59,60,63,68,71,73
58111;25.09.2026 20:12;5,6,9,17,21,23,25,30,35,36,40,45,48,49,52,53,57,61,65,71
58112;25.09.2026 20:17;2,3,5,6,8,9,13,19,25,28,30,32,38,48,49,50,64,68,74,79
58113;25.09.2026 20:22;4,5,15,19,20,21,24,33,43,47,49,51,52,53,59,62,66,69,71,80
58114;25.09.2026 20:27;2,9,10,14,15,16,17,18,19,20,37,42,61,64,65,67,77,78,79,80
58115;25.09.2026 20:32;7,13,15,21,24,27,30,34,38,39,46,47,50,51,64,67,69,71,73,77
58116;25.09.2026 20:37;2,20,24,29,33,34,39,42,44,45,49,50,51,52,57,61,62,71,73,75
58117;25.09.2026 20:42;1,10,14,15,35,37,39,40,41,42,48,49,52,53,55,64,69,74,77,78
58118;25.09.2026 20:47;2,6,7,11,12,19,24,25,28,31,35,40,41,44,47,62,66,71,77,79
58119;25.09.2026 20:52;7,14,27,30,31,32,33,36,39,48,50,53,55,59,63,68,70,71,72,80
58120;25.09.2026 20:57;1,3,6,8,12,19,21,22,28,32,33,39,44,47,49,51,57,66,71,79
58121;25.09.2026 21:02;4,15,25,32,33,34,35,36,39,44,46,47,51,56,65,68,71,72,74,78
58122;25.09.2026 21:07;2,11,13,27,28,29,31,34,36,38,39,40,44,46,49,51,60,72,75,80
58123;25.09.2026 21:12;2,4,6,14,15,20,23,29,35,39,47,57,58,67,69,71,72,73,74,78
58124;25.09.2026 21:17;1,3,7,11,15,16,20,21,22,30,39,43,47,56,59,67,70,72,77,78
58125;25.09.2026 21:22;3,4,11,12,14,15,26,43,46,47,51,58,62,65,68,71,73,77,78,80
58126;25.09.2026 21:27;11,12,13,16,19,26,27,28,30,31,33,34,41,43,44,53,59,68,69,79
58127;25.09.2026 21:32;6,17,18,24,32,33,36,38,42,47,48,49,57,58,59,66,68,72,73,80
58128;25.09.2026 21:37;1,4,5,13,18,20,23,34,38,42,45,49,50,52,56,58,62,65,66,74
58129;25.09.2026 21:42;3,17,19,20,25,30,33,36,39,42,43,46,48,50,54,55,66,73,77,80
58130;25.09.2026 21:47;10,11,17,22,24,25,26,31,32,46,47,55,57,58,61,62,64,65,66,76
58131;25.09.2026 21:52;1,2,9,21,25,33,40,47,58,59,60,63,65,67,71,73,74,75,77,78
58132;25.09.2026 21:57;2,3,5,13,16,18,22,26,32,36,41,45,46,47,48,51,58,65,68,71
58133;25.09.2026 22:02;1,13,14,18,19,25,28,38,49,53,54,59,63,64,66,68,72,73,79,80
58134;25.09.2026 22:07;4,6,12,15,22,26,30,32,37,44,45,51,55,58,67,70,72,74,78,80
58135;25.09.2026 22:12;9,12,17,26,29,30,31,42,45,47,50,51,52,53,62,64,69,73,75,76
58136;25.09.2026 22:17;1,3,5,6,9,11,15,30,38,43,44,52,55,56,59,61,65,67,73,74
58137;25.09.2026 22:22;4,8,12,13,14,20,21,32,34,37,39,48,50,52,53,58,60,65,67,73
58138;25.09.2026 22:27;2,3,7,8,11,14,17,23,24,27,31,35,37,42,44,58,67,72,75,79
58139;25.09.2026 22:32;4,7,9,12,17,18,23,25,26,36,38,41,42,46,47,48,50,56,60,70
58140;25.09.2026 22:37;6,13,19,21,22,29,33,34,36,37,39,45,48,51,58,59,61,63,70,73
58141;25.09.2026 22:42;2,3,7,14,16,17,18,24,33,35,36,37,41,54,63,69,71,72,78,79
58142;25.09.2026 22:47;4,12,14,15,29,30,32,33,36,39,46,49,53,56,57,60,66,69,73,78
58143;25.09.2026 22:52;3,6,8,18,19,20,24,25,28,29,34,49,52,56,61,62,70,73,76,77
58144;25.09.2026 22:57;1,2,4,6,17,26,31,35,36,45,46,50,53,55,56,57,61,69,71,73
58145;25.09.2026 23:02;6,7,14,16,17,20,22,23,35,43,44,49,56,57,58,59,66,69,70,72
58146;25.09.2026 23:07;2,5,9,13,16,19,23,25,35,36,39,40,43,44,48,49,63,66,69,78
58147;25.09.2026 23:12;1,4,5,6,8,15,18,22,29,35,37,38,39,40,43,47,48,51,54,59
58148;25.09.2026 23:17;2,4,6,7,8,13,16,18,20,21,22,25,28,42,44,50,52,72,73,77
58149;25.09.2026 23:22;2,3,8,10,16,19,21,28,30,31,38,42,48,49,51,52,53,58,63,74
58150;25.09.2026 23:27;4,7,10,11,14,15,16,18,27,43,45,47,50,52,56,63,67,69,73,74
58151;25.09.2026 23:32;4,5,8,11,25,26,27,31,37,38,40,41,44,45,53,57,63,65,72,78
58152;25.09.2026 23:37;1,2,11,12,13,16,20,27,30,36,37,42,54,56,58,68,70,74,77,80
58153;25.09.2026 23:42;3,13,15,16,20,21,34,36,37,46,57,61,63,64,66,69,70,73,74,76
58154;25.09.2026 23:47;3,4,12,14,17,21,22,29,36,39,46,48,53,54,56,58,62,70,71,79
58155;25.09.2026 23:52;5,6,18,19,25,27,28,43,45,46,49,50,54,55,60,62,64,70,77,79
58156;25.09.2026 23:57;1,8,9,11,14,21,26,27,31,34,37,38,46,49,54,55,64,72,73,78

===== 26.09.2026 | 217 ÇEKİLİŞ =====
58157;26.09.2026 00:02;1,2,5,6,7,9,10,11,12,14,16,17,37,50,51,55,57,59,64,65
58158;26.09.2026 00:07;3,11,22,25,27,29,30,33,41,43,49,51,56,59,61,65,71,78,79,80
58159;26.09.2026 00:12;9,10,22,23,26,28,30,31,33,35,44,45,48,50,54,62,67,71,73,76
58160;26.09.2026 00:17;2,3,5,8,9,10,15,16,23,25,26,28,31,55,57,58,61,63,69,75
58161;26.09.2026 00:22;4,13,22,25,27,29,30,32,33,36,37,38,43,53,54,56,61,69,78,79
58162;26.09.2026 00:27;2,24,33,36,38,40,41,42,44,46,47,52,53,55,56,58,63,64,67,77
58163;26.09.2026 00:32;1,5,9,16,19,24,26,31,32,41,44,50,51,52,56,58,72,73,74,78
58164;26.09.2026 00:37;5,14,18,23,29,30,32,33,38,44,45,50,54,56,61,63,73,75,76,79
58165;26.09.2026 00:42;3,5,8,11,12,17,18,20,24,27,30,38,45,51,57,61,66,69,70,74
58166;26.09.2026 00:47;1,8,15,16,19,21,25,26,30,32,36,37,45,49,50,57,68,69,75,77
58167;26.09.2026 00:52;2,3,13,18,23,28,31,33,38,44,45,47,49,53,56,60,63,66,73,74
58168;26.09.2026 00:57;3,11,17,21,23,27,29,30,37,43,45,46,52,57,60,61,73,75,77,80
58169;26.09.2026 01:02;2,3,8,10,18,23,26,28,31,35,48,51,56,60,69,73,75,76,79,80
58170;26.09.2026 07:02;2,7,14,16,18,31,32,34,35,36,37,38,39,48,54,57,63,76,77,78
58171;26.09.2026 07:07;1,2,3,10,15,16,17,23,25,27,35,43,44,47,48,52,54,64,72,75
58172;26.09.2026 07:12;15,20,25,27,31,35,42,47,51,53,54,58,61,64,66,70,73,75,76,79
58173;26.09.2026 07:17;6,7,8,9,10,11,15,16,17,20,21,23,24,36,37,58,60,68,70,74
58174;26.09.2026 07:22;10,19,20,28,30,31,33,37,38,39,42,49,50,54,58,60,62,63,74,78
58175;26.09.2026 07:27;3,6,10,21,22,24,25,29,36,40,43,44,46,55,59,69,72,75,76,79
58176;26.09.2026 07:32;3,4,8,16,19,20,22,30,31,34,40,45,49,51,56,57,61,65,75,79
58177;26.09.2026 07:37;3,5,6,22,27,36,39,40,41,44,49,50,51,58,59,61,63,70,74,78
58178;26.09.2026 07:42;4,7,11,13,19,25,26,31,32,34,35,37,38,46,61,63,66,67,68,77
58179;26.09.2026 07:47;1,2,3,5,7,12,16,23,28,31,39,44,50,57,59,63,64,65,73,74
58180;26.09.2026 07:52;1,4,9,16,17,21,22,29,34,36,42,48,50,59,63,66,70,73,77,80
58181;26.09.2026 07:57;5,7,13,17,24,25,27,30,33,36,47,48,54,58,62,64,67,68,72,80
58182;26.09.2026 08:02;5,7,8,11,18,29,33,39,40,42,45,48,60,62,67,69,75,76,78,79
58183;26.09.2026 08:07;5,9,13,19,21,28,36,41,49,59,60,63,66,67,71,73,74,75,76,77
58184;26.09.2026 08:12;1,3,7,9,10,11,17,21,23,28,44,46,49,60,62,65,66,71,74,78
58185;26.09.2026 08:17;3,17,20,29,35,36,39,42,44,49,57,58,60,66,68,69,71,72,75,77
58186;26.09.2026 08:22;1,6,10,13,15,17,22,26,33,38,41,44,45,46,47,48,52,73,74,75
58187;26.09.2026 08:27;4,7,9,11,14,15,28,30,35,47,53,55,56,59,61,62,63,74,77,80
58188;26.09.2026 08:32;4,6,15,19,20,23,29,35,44,45,47,52,53,55,57,58,62,63,71,77
58189;26.09.2026 08:37;10,16,18,19,21,22,25,26,27,28,40,41,50,51,60,64,67,73,74,79
58190;26.09.2026 08:42;1,3,21,22,29,35,38,41,44,46,48,49,53,63,66,69,70,71,72,73
58191;26.09.2026 08:47;7,8,9,13,17,19,23,28,30,32,39,42,52,53,56,58,60,65,72,74
58192;26.09.2026 08:52;3,4,8,11,14,15,21,22,24,26,28,29,30,46,50,55,58,70,72,77
58193;26.09.2026 08:57;12,17,20,22,36,38,41,44,47,52,53,54,60,62,68,71,73,74,75,78
58194;26.09.2026 09:02;3,8,9,10,16,22,31,34,38,39,42,46,47,51,61,69,72,73,75,76
58195;26.09.2026 09:07;5,6,10,13,17,18,19,22,24,25,28,34,36,44,45,49,58,63,68,79
58196;26.09.2026 09:12;5,10,22,25,31,35,37,41,44,48,61,62,64,66,68,71,75,76,77,78
58197;26.09.2026 09:17;8,9,12,16,17,29,30,33,34,38,51,53,54,57,58,59,67,70,73,76
58198;26.09.2026 09:22;4,7,9,13,15,17,19,21,28,36,38,41,46,54,56,61,64,73,74,76
58199;26.09.2026 09:27;3,7,12,24,28,30,33,35,36,37,42,50,52,53,54,59,61,65,71,76
58200;26.09.2026 09:32;6,10,13,14,21,25,26,29,31,39,46,47,50,52,53,63,76,77,78,80
58201;26.09.2026 09:37;7,8,13,15,17,19,21,31,34,37,40,43,44,50,51,53,55,60,78,79
58202;26.09.2026 09:42;2,4,5,13,22,29,33,34,38,42,45,51,53,54,56,60,65,69,79,80
58203;26.09.2026 09:47;4,6,10,20,23,32,33,35,41,48,50,52,54,56,59,69,72,74,78,79
58204;26.09.2026 09:52;5,8,9,15,16,25,28,33,35,40,44,49,55,57,62,70,73,74,77,79
58205;26.09.2026 09:57;1,6,8,18,21,23,24,28,29,35,40,48,54,55,60,61,70,74,77,80
58206;26.09.2026 10:02;1,8,16,18,25,26,30,33,35,39,40,43,53,55,56,61,65,71,72,78
58207;26.09.2026 10:07;3,6,7,9,11,13,18,19,22,23,24,26,35,50,70,71,73,75,77,78
58208;26.09.2026 10:12;4,9,10,13,14,21,22,25,27,39,40,43,45,51,56,59,65,66,73,76
58209;26.09.2026 10:17;2,8,9,10,13,16,18,25,28,30,34,36,40,43,51,69,73,74,75,77
58210;26.09.2026 10:22;1,2,3,9,14,23,26,29,32,34,46,47,49,52,61,62,63,66,71,74
58211;26.09.2026 10:27;4,5,14,21,24,30,33,36,37,43,45,46,49,54,55,56,60,62,74,76
58212;26.09.2026 10:32;2,3,8,22,24,25,36,38,42,45,54,61,64,65,71,72,73,74,76,79
58213;26.09.2026 10:37;7,11,20,21,23,26,27,42,47,52,58,59,61,62,65,69,74,75,78,79
58214;26.09.2026 10:42;1,2,5,7,12,13,17,26,29,31,35,38,40,42,49,53,55,56,61,69
58215;26.09.2026 10:47;1,4,6,8,9,14,17,18,20,21,24,34,40,41,43,59,62,64,71,76
58216;26.09.2026 10:52;3,9,15,17,21,24,29,37,44,46,50,51,54,57,59,65,69,77,78,79
58217;26.09.2026 10:57;2,7,13,16,19,20,28,35,38,39,41,46,49,51,55,67,72,76,77,79
58218;26.09.2026 11:02;1,5,12,14,15,21,32,36,37,40,53,57,58,61,66,69,75,77,79,80
58219;26.09.2026 11:07;2,10,11,12,20,23,26,31,39,40,46,47,54,55,56,63,69,70,72,76
58220;26.09.2026 11:12;2,3,4,7,8,12,21,23,24,34,38,44,46,47,51,61,63,65,67,69
58221;26.09.2026 11:17;6,8,11,19,24,26,28,35,37,42,46,53,55,58,61,63,69,73,77,78
58222;26.09.2026 11:22;4,6,10,15,18,20,22,30,32,42,47,51,54,61,65,66,67,75,76,79
58223;26.09.2026 11:27;4,7,13,20,22,26,27,37,38,40,42,47,56,57,58,59,61,64,65,72
58224;26.09.2026 11:32;1,4,5,7,8,9,10,16,17,20,23,26,49,51,55,58,64,71,72,77
58225;26.09.2026 11:37;2,8,15,19,28,47,48,49,50,55,56,59,61,62,63,64,66,70,72,73
58226;26.09.2026 11:42;4,5,6,7,10,12,13,15,20,30,39,41,42,46,49,55,66,68,73,74
58227;26.09.2026 11:47;5,16,28,33,37,38,41,44,48,53,55,59,61,63,66,67,73,76,78,79
58228;26.09.2026 11:52;3,5,7,10,16,18,19,21,26,31,38,42,46,47,48,53,54,55,61,72
58229;26.09.2026 11:57;5,22,23,26,27,36,37,38,41,42,50,53,57,58,61,64,68,71,72,75
58230;26.09.2026 12:02;8,13,14,15,17,18,20,23,26,27,28,37,38,40,46,63,67,69,71,79
58231;26.09.2026 12:07;2,3,6,13,15,21,22,33,36,37,45,47,48,55,56,72,73,74,78,80
58232;26.09.2026 12:12;2,8,13,24,25,31,32,34,35,36,39,41,43,56,62,63,68,69,77,80
58233;26.09.2026 12:17;5,7,14,16,20,26,29,33,38,39,41,43,45,52,53,61,62,64,67,76
58234;26.09.2026 12:22;3,5,7,15,22,23,39,40,43,44,45,46,50,55,59,64,68,70,76,80
58235;26.09.2026 12:27;1,7,9,20,22,34,35,38,40,45,47,48,52,53,54,55,58,68,79,80
58236;26.09.2026 12:32;1,2,3,8,11,16,21,22,35,37,45,51,52,54,55,59,60,70,73,80
58237;26.09.2026 12:37;1,2,5,6,10,13,14,27,31,33,41,46,47,51,52,57,61,71,73,74
58238;26.09.2026 12:42;4,7,8,9,10,19,21,22,26,27,36,38,42,50,56,67,77,78,79,80
58239;26.09.2026 12:47;8,9,12,15,19,26,31,41,42,46,48,52,65,69,70,71,73,74,78,80
58240;26.09.2026 12:52;2,3,7,8,11,18,30,32,34,38,48,50,53,55,59,64,65,68,70,76
58241;26.09.2026 12:57;3,6,20,23,29,32,33,39,46,48,50,53,56,63,65,69,75,76,78,80
58242;26.09.2026 13:02;3,7,12,15,19,20,21,22,32,34,37,53,54,59,60,61,67,70,73,76
58243;26.09.2026 13:07;2,6,7,13,18,20,21,22,23,25,28,29,34,41,43,46,60,61,68,73
58244;26.09.2026 13:12;7,9,19,23,24,27,30,34,35,36,38,39,43,44,55,59,70,74,76,78
58245;26.09.2026 13:17;1,2,6,10,11,18,20,24,29,31,35,36,41,48,61,64,69,74,75,79
58246;26.09.2026 13:22;4,9,14,19,23,24,25,33,35,37,39,47,50,51,52,60,62,63,76,79
58247;26.09.2026 13:27;1,7,10,11,16,18,31,32,36,38,39,49,58,61,63,68,70,73,78,79
58248;26.09.2026 13:32;3,6,11,13,18,21,23,35,36,39,40,44,50,54,59,64,66,71,73,75
58249;26.09.2026 13:37;6,8,11,12,14,23,30,38,42,44,52,56,60,61,62,63,68,70,73,78
58250;26.09.2026 13:42;2,3,4,5,8,11,15,16,17,26,29,37,43,44,50,55,59,60,65,71
58251;26.09.2026 13:47;4,8,15,18,23,24,26,27,31,32,35,45,47,52,60,63,65,75,77,79
58252;26.09.2026 13:52;2,7,12,20,23,27,28,32,33,34,48,49,53,54,55,56,57,76,79,80
58253;26.09.2026 13:57;15,20,36,38,39,43,44,45,47,50,51,53,57,61,62,64,66,70,72,75
58254;26.09.2026 14:02;2,8,9,18,23,27,28,30,34,37,38,41,59,60,66,72,74,77,78,79
58255;26.09.2026 14:07;1,3,8,14,20,21,23,24,25,26,43,45,48,59,62,71,73,76,77,78
58256;26.09.2026 14:12;2,18,19,20,21,22,23,30,34,40,48,54,56,58,59,61,62,67,69,79
58257;26.09.2026 14:17;4,6,10,12,13,16,22,26,32,42,49,58,59,66,68,69,70,71,73,75
58258;26.09.2026 14:22;5,9,13,15,16,26,31,36,40,43,47,52,53,60,62,63,69,73,74,79
58259;26.09.2026 14:27;1,6,9,12,13,19,33,36,38,43,46,47,48,50,52,54,57,59,62,64
58260;26.09.2026 14:32;2,4,8,21,23,27,34,43,44,46,48,58,60,64,66,67,77,78,79,80
58261;26.09.2026 14:37;10,12,14,16,23,26,27,33,34,35,40,46,49,53,54,57,60,61,67,69
58262;26.09.2026 14:42;1,7,8,14,15,23,26,27,29,30,46,50,53,61,62,64,71,72,75,79
58263;26.09.2026 14:47;5,12,13,16,20,21,23,25,28,37,40,41,42,47,53,57,61,66,68,72
58264;26.09.2026 14:52;3,6,8,9,10,13,14,15,20,22,28,32,38,46,47,51,59,65,74,79
58265;26.09.2026 14:57;3,4,13,14,26,28,37,46,49,52,55,59,62,63,68,69,70,71,74,77
58266;26.09.2026 15:02;9,10,12,13,17,19,22,23,32,33,36,48,50,55,56,58,64,66,77,79
58267;26.09.2026 15:07;4,8,13,16,19,20,29,30,33,36,39,45,50,55,57,58,59,71,76,80
58268;26.09.2026 15:12;17,20,22,23,30,33,40,41,44,46,51,53,55,56,62,63,64,67,73,78
58269;26.09.2026 15:17;2,3,4,9,15,17,20,21,25,32,36,43,49,50,56,58,60,61,67,73
58270;26.09.2026 15:22;12,16,22,24,31,33,34,37,38,40,42,45,50,52,58,59,64,65,78,79
58271;26.09.2026 15:27;3,7,11,17,21,23,24,26,28,30,33,37,39,55,59,63,64,69,75,78
58272;26.09.2026 15:32;3,4,6,7,8,11,20,21,22,29,32,34,39,42,51,52,61,62,70,79
58273;26.09.2026 15:37;1,2,3,4,6,7,11,20,26,43,49,53,54,60,63,64,65,67,69,78
58274;26.09.2026 15:42;1,2,9,11,14,17,19,22,27,33,37,38,40,43,48,52,56,59,61,77
58275;26.09.2026 15:47;1,3,8,10,20,25,26,27,29,30,33,39,41,43,48,49,55,61,68,76
58276;26.09.2026 15:52;4,7,9,11,16,21,29,32,41,45,51,54,55,56,64,65,69,73,76,80
58277;26.09.2026 15:57;6,13,20,25,27,29,32,36,38,45,47,53,56,64,69,71,72,75,77,78
58278;26.09.2026 16:02;3,9,13,37,38,39,44,47,48,50,51,52,57,59,62,63,69,76,78,80
58279;26.09.2026 16:07;7,24,29,31,34,36,42,44,48,49,59,61,62,64,66,67,73,75,76,80
58280;26.09.2026 16:12;6,8,10,15,16,18,28,37,40,42,44,45,46,51,55,60,64,65,70,77
58281;26.09.2026 16:17;3,4,7,8,10,11,23,30,31,32,34,42,43,57,60,64,67,68,73,78
58282;26.09.2026 16:22;1,7,8,9,12,22,28,31,33,35,36,44,49,51,54,61,63,70,73,74
58283;26.09.2026 16:27;4,6,10,12,13,15,16,17,21,26,32,37,41,46,48,52,56,61,63,69
58284;26.09.2026 16:32;3,10,15,17,20,26,32,35,40,41,43,52,54,58,60,62,64,67,70,74
58285;26.09.2026 16:37;4,10,13,15,24,26,35,36,38,39,40,41,46,47,51,57,68,70,77,78
58286;26.09.2026 16:42;1,3,5,12,13,15,22,24,31,39,40,41,48,51,56,57,59,61,72,76
58287;26.09.2026 16:47;1,8,19,20,21,25,31,32,34,37,46,48,54,55,58,61,69,77,78,79
58288;26.09.2026 16:52;2,3,13,18,22,23,24,25,32,35,41,45,47,49,54,61,67,69,78,80
58289;26.09.2026 16:57;4,5,10,11,13,15,17,23,26,30,36,37,38,47,62,64,75,76,78,79
58290;26.09.2026 17:02;1,4,5,10,26,31,44,46,48,50,52,55,61,64,69,70,73,76,77,78
58291;26.09.2026 17:07;1,6,8,10,13,20,21,25,27,29,31,32,40,51,55,56,57,66,76,78
58292;26.09.2026 17:12;1,4,9,13,18,19,21,22,27,45,47,48,49,52,55,58,63,70,73,76
58293;26.09.2026 17:17;1,6,9,17,22,29,32,38,40,41,43,49,58,61,66,70,73,74,75,76
58294;26.09.2026 17:22;5,7,9,16,19,20,21,24,25,26,34,35,45,47,54,55,58,59,69,70
58295;26.09.2026 17:27;4,5,12,15,16,25,31,32,35,38,43,47,48,57,62,63,68,71,75,77
58296;26.09.2026 17:32;3,6,9,13,17,19,22,31,32,34,37,39,50,51,56,65,68,77,79,80
58297;26.09.2026 17:37;5,7,8,12,16,35,36,39,42,47,48,49,50,51,62,66,69,76,78,79
58298;26.09.2026 17:42;3,4,5,13,16,29,32,34,39,42,48,54,56,60,61,62,66,73,77,78
58299;26.09.2026 17:47;1,2,3,7,10,11,20,29,34,37,45,49,50,51,65,67,71,74,75,77
58300;26.09.2026 17:52;2,4,8,16,17,21,22,27,35,40,42,43,45,47,55,56,65,73,78,79
58301;26.09.2026 17:57;4,7,10,11,14,15,20,22,24,30,38,48,49,51,56,58,62,64,72,74
58302;26.09.2026 18:02;1,2,5,9,15,22,28,39,41,42,43,45,57,59,66,67,68,71,75,80
58303;26.09.2026 18:07;3,4,19,24,25,26,34,35,36,49,50,55,58,59,65,66,70,75,78,79
58304;26.09.2026 18:12;2,4,11,12,14,19,20,29,36,39,51,57,59,62,66,71,72,73,75,80
58305;26.09.2026 18:17;1,3,5,6,10,11,25,26,31,35,39,40,43,50,53,58,62,64,66,79
58306;26.09.2026 18:22;6,11,20,25,27,31,32,35,36,38,47,53,63,67,68,69,70,76,77,79
58307;26.09.2026 18:27;3,10,13,16,20,22,26,27,28,29,31,45,46,57,58,62,65,67,68,76
58308;26.09.2026 18:32;1,14,18,19,21,27,34,41,45,46,48,49,50,52,54,57,62,64,71,72
58309;26.09.2026 18:37;4,6,13,16,23,26,36,38,45,46,48,51,61,63,66,72,73,76,77,78
58310;26.09.2026 18:42;5,7,11,17,18,22,24,27,32,34,37,38,39,41,46,51,58,63,65,67
58311;26.09.2026 18:47;5,10,12,18,23,24,27,31,32,35,36,44,50,54,56,63,65,66,69,79
58312;26.09.2026 18:52;4,8,13,17,23,34,35,36,41,42,44,45,48,54,55,64,69,70,72,79
58313;26.09.2026 18:57;6,10,11,12,17,20,22,23,24,37,39,47,52,53,55,56,63,64,66,72
58314;26.09.2026 19:02;4,13,17,22,27,30,37,40,41,42,46,47,52,54,63,65,68,71,72,75
58315;26.09.2026 19:07;1,4,9,12,13,17,28,30,43,44,45,46,54,59,67,69,72,74,76,78
58316;26.09.2026 19:12;9,10,23,24,29,42,44,45,50,52,55,57,59,64,67,68,69,70,73,79
58317;26.09.2026 19:17;14,17,18,19,27,28,31,32,37,42,43,45,47,54,59,64,70,75,76,79
58318;26.09.2026 19:22;2,12,13,20,24,25,28,43,51,53,54,57,61,65,68,70,73,75,77,79
58319;26.09.2026 19:27;2,5,10,13,22,24,28,29,32,38,43,47,48,51,52,57,65,75,77,80
58320;26.09.2026 19:32;8,16,19,21,25,26,29,30,33,36,37,43,45,64,65,67,72,73,76,79
58321;26.09.2026 19:37;5,7,12,16,24,33,35,42,43,45,48,49,54,58,64,65,67,68,74,78
58322;26.09.2026 19:42;4,6,13,16,20,23,24,25,26,28,31,32,39,42,48,51,61,69,78,80
58323;26.09.2026 19:47;1,3,4,17,18,22,27,29,33,43,48,51,58,61,62,63,69,70,77,78
58324;26.09.2026 19:52;1,3,5,8,9,14,17,34,38,41,42,46,47,51,61,62,63,74,77,78
58325;26.09.2026 19:57;3,10,11,18,19,23,24,27,29,32,42,43,47,53,57,63,64,66,71,73
58326;26.09.2026 20:02;8,16,21,28,33,36,38,39,42,43,45,48,49,62,63,64,68,70,71,73
58327;26.09.2026 20:07;1,3,6,7,8,10,13,15,24,26,40,43,49,55,56,57,60,62,64,78
58328;26.09.2026 20:12;8,9,13,16,20,22,25,28,29,47,49,51,54,63,65,66,68,71,73,78
58329;26.09.2026 20:17;4,13,17,18,22,25,30,31,33,35,39,41,45,47,50,55,56,58,69,71
58330;26.09.2026 20:22;4,5,8,20,21,25,31,38,44,50,52,54,59,64,66,67,74,76,77,78
58331;26.09.2026 20:27;2,3,4,5,10,11,16,24,28,32,36,40,43,46,49,51,64,65,66,69
58332;26.09.2026 20:32;1,18,28,30,31,33,35,40,45,50,51,52,54,57,60,65,67,74,77,78
58333;26.09.2026 20:37;1,2,3,11,12,15,16,19,20,21,30,31,48,52,58,63,74,76,77,78
58334;26.09.2026 20:42;1,9,25,29,31,37,38,43,48,51,52,56,59,60,63,65,67,72,77,79
58335;26.09.2026 20:47;2,6,7,9,10,14,16,17,19,25,28,31,37,44,46,56,58,64,69,74
58336;26.09.2026 20:52;2,17,20,21,22,24,26,30,32,33,41,43,48,51,59,68,69,72,78,80
58337;26.09.2026 20:57;2,6,7,17,29,34,36,40,43,44,48,49,53,54,67,69,72,76,78,80
58338;26.09.2026 21:02;4,7,11,29,32,36,39,41,46,49,50,52,55,59,63,65,68,71,72,74
58339;26.09.2026 21:07;3,6,7,15,16,17,19,25,27,36,39,47,51,53,59,65,69,77,79,80
58340;26.09.2026 21:12;6,9,12,16,17,18,20,33,40,44,45,46,53,54,57,58,59,67,71,78
58341;26.09.2026 21:17;3,4,6,18,21,24,25,27,30,32,35,38,40,50,53,56,60,67,71,78
58342;26.09.2026 21:22;1,4,10,15,16,17,19,21,22,27,28,31,35,39,41,44,48,53,54,64
58343;26.09.2026 21:27;5,6,7,12,13,14,20,23,40,47,48,50,53,60,61,62,65,70,74,78
58344;26.09.2026 21:32;12,13,14,19,24,25,26,30,35,37,41,42,51,53,54,55,59,67,71,73
58345;26.09.2026 21:37;5,6,8,10,14,15,22,29,39,46,48,49,56,58,65,66,72,77,78,80
58346;26.09.2026 21:42;1,5,6,9,11,16,23,24,31,34,47,59,63,65,67,68,73,78,79,80
58347;26.09.2026 21:47;3,20,21,22,23,24,25,29,30,36,37,44,45,52,55,58,61,66,69,70
58348;26.09.2026 21:52;1,2,9,10,11,16,17,31,42,47,52,56,60,61,63,64,71,75,79,80
58349;26.09.2026 21:57;2,9,10,11,14,32,33,37,46,49,54,55,57,59,63,67,69,70,75,80
58350;26.09.2026 22:02;1,9,11,13,14,16,22,23,24,32,33,35,37,41,48,51,54,66,67,69
58351;26.09.2026 22:07;2,5,7,9,14,16,19,35,36,37,39,50,51,52,64,67,69,75,76,77
58352;26.09.2026 22:12;3,7,13,14,15,19,22,35,38,40,42,45,49,53,57,63,72,73,75,79
58353;26.09.2026 22:17;9,10,14,18,23,28,36,38,47,52,54,62,63,64,67,71,73,76,77,79
58354;26.09.2026 22:22;2,7,27,31,32,37,39,43,45,46,48,58,62,65,67,68,70,71,76,78
58355;26.09.2026 22:27;1,3,11,12,21,22,23,26,28,29,31,45,47,49,51,59,64,68,71,76
58356;26.09.2026 22:32;3,7,8,14,15,18,20,28,29,34,36,37,40,42,55,64,67,68,69,75
58357;26.09.2026 22:37;11,18,20,25,28,29,30,31,42,46,49,52,54,61,62,63,65,69,75,78
58358;26.09.2026 22:42;8,9,13,16,23,24,25,26,27,35,37,39,42,44,55,58,66,69,71,72
58359;26.09.2026 22:47;5,6,7,9,15,25,29,36,39,43,50,53,54,58,63,65,67,68,74,75
58360;26.09.2026 22:52;1,3,4,15,18,21,33,42,44,50,54,58,59,64,66,68,69,73,74,75
58361;26.09.2026 22:57;4,7,10,13,15,26,28,30,36,42,44,46,48,55,62,67,69,71,75,76
58362;26.09.2026 23:02;14,16,17,18,23,26,38,44,46,57,60,63,64,67,68,69,70,73,76,80
58363;26.09.2026 23:07;1,5,11,13,15,21,31,41,47,52,57,58,60,61,64,66,67,68,73,76
58364;26.09.2026 23:12;8,9,17,19,21,22,23,28,38,44,45,46,55,57,58,59,61,62,67,76
58365;26.09.2026 23:17;11,12,15,26,33,34,42,43,48,51,52,56,57,59,61,63,66,67,68,71
58366;26.09.2026 23:22;2,3,5,10,11,17,36,37,43,44,50,52,55,61,63,67,72,73,76,77
58367;26.09.2026 23:27;7,10,19,22,23,26,27,30,35,46,48,50,51,53,57,60,67,76,77,78
58368;26.09.2026 23:32;1,2,3,8,12,13,20,31,33,37,39,50,55,64,68,71,72,73,75,80
58369;26.09.2026 23:37;6,12,14,16,18,23,24,40,46,47,50,52,53,65,66,67,69,70,74,76
58370;26.09.2026 23:42;1,2,14,17,18,24,26,33,37,42,52,54,55,62,63,64,66,68,69,80
58371;26.09.2026 23:47;1,4,5,9,13,14,16,21,28,29,30,35,41,46,50,55,64,71,72,73
58372;26.09.2026 23:52;1,3,5,10,11,14,16,17,24,27,28,29,36,37,39,41,42,43,54,79
58373;26.09.2026 23:57;1,2,4,9,19,23,26,29,33,41,48,50,51,55,56,63,69,74,76,78

===== 27.09.2026 | 217 ÇEKİLİŞ =====
58374;27.09.2026 00:02;4,8,13,21,22,26,32,34,40,41,42,43,45,46,47,60,64,67,68,79
58375;27.09.2026 00:07;3,4,10,12,15,23,25,26,33,34,37,39,43,55,64,68,69,72,75,76
58376;27.09.2026 00:12;2,9,14,17,18,25,29,30,33,37,43,55,57,60,61,66,69,74,76,78
58377;27.09.2026 00:17;3,6,7,8,10,14,19,23,26,27,32,36,39,50,54,64,67,71,74,80
58378;27.09.2026 00:22;6,11,12,14,17,21,24,27,29,36,44,54,55,56,60,66,67,73,75,76
58379;27.09.2026 00:27;1,3,16,19,22,23,25,27,33,34,37,40,47,53,54,57,64,71,76,80
58380;27.09.2026 00:32;6,10,17,18,21,24,25,28,34,37,48,49,53,54,60,64,68,72,77,79
58381;27.09.2026 00:37;1,5,7,9,15,24,25,31,41,42,43,44,46,47,48,57,71,72,76,80
58382;27.09.2026 00:42;1,5,13,17,21,27,29,33,36,38,43,45,53,57,60,66,69,74,76,77
58383;27.09.2026 00:47;1,2,11,14,17,21,26,29,30,34,35,38,45,49,54,57,59,63,74,77
58384;27.09.2026 00:52;6,7,12,15,16,20,24,28,31,32,48,53,54,55,60,65,66,67,71,73
58385;27.09.2026 00:57;10,11,14,20,24,33,40,43,49,50,52,54,57,59,62,65,66,68,71,75
58386;27.09.2026 01:02;6,8,12,16,18,23,24,25,32,34,37,40,41,49,50,60,68,74,76,78
58387;27.09.2026 07:02;1,5,16,19,20,23,24,25,31,33,34,51,52,58,59,69,70,73,79,80
58388;27.09.2026 07:07;3,11,15,28,29,33,38,43,44,46,48,49,53,61,62,67,68,69,70,78
58389;27.09.2026 07:12;4,5,12,19,23,24,32,34,36,39,50,52,55,59,63,64,68,69,71,79
58390;27.09.2026 07:17;3,4,8,11,12,16,20,23,26,35,37,42,48,59,69,70,71,72,78,79
58391;27.09.2026 07:22;3,8,9,14,15,21,23,25,28,32,37,39,45,47,54,73,76,78,79,80
58392;27.09.2026 07:27;8,9,13,15,17,18,25,29,31,32,38,42,45,46,58,75,76,77,78,79
58393;27.09.2026 07:32;1,6,8,10,12,16,18,29,37,46,48,51,54,57,59,60,61,63,71,79
58394;27.09.2026 07:37;1,6,7,9,10,12,14,16,18,20,21,30,53,57,61,65,71,72,75,78
58395;27.09.2026 07:42;3,4,6,8,9,10,13,20,25,36,38,43,44,45,46,47,59,61,70,79
58396;27.09.2026 07:47;5,9,10,13,15,17,20,25,31,34,43,46,48,53,60,61,62,68,69,74
58397;27.09.2026 07:52;2,7,15,16,18,19,22,25,26,33,38,41,44,52,53,54,61,62,75,77
58398;27.09.2026 07:57;2,17,19,22,24,25,38,39,41,47,52,53,56,61,64,65,69,70,74,75
58399;27.09.2026 08:02;1,8,9,15,16,23,30,32,36,42,47,64,66,68,69,70,71,73,74,79
58400;27.09.2026 08:07;1,3,7,9,10,13,18,19,20,22,27,35,37,44,45,67,69,70,74,79
58401;27.09.2026 08:12;2,6,8,14,19,23,27,29,30,33,46,47,51,58,59,60,68,72,73,80
58402;27.09.2026 08:17;10,27,29,33,38,42,44,46,50,51,52,53,57,60,67,68,70,71,78,80
58403;27.09.2026 08:22;5,6,7,10,13,14,19,31,39,43,45,56,58,59,65,66,68,69,71,77
58404;27.09.2026 08:27;1,6,9,13,20,25,27,28,29,37,40,43,44,48,50,54,59,68,72,75
58405;27.09.2026 08:32;1,2,6,10,12,13,14,18,24,34,36,37,39,46,56,60,65,68,69,75
58406;27.09.2026 08:37;2,8,9,10,12,15,16,26,32,33,47,50,51,52,59,60,63,76,77,78
58407;27.09.2026 08:42;2,3,4,5,8,15,33,34,35,42,43,47,51,52,55,57,64,68,72,77
58408;27.09.2026 08:47;1,4,5,7,9,16,17,27,31,32,33,35,44,54,56,58,65,68,69,70
58409;27.09.2026 08:52;8,12,15,16,17,20,23,30,31,37,38,39,44,45,50,52,55,71,72,78
58410;27.09.2026 08:57;1,7,8,9,19,21,25,30,35,36,40,46,52,58,62,66,68,70,75,77
58411;27.09.2026 09:02;3,8,17,18,19,28,38,41,42,44,53,59,60,67,68,70,72,73,74,78
58412;27.09.2026 09:07;1,3,4,6,8,11,13,14,18,19,28,32,33,35,38,40,45,71,72,76
58413;27.09.2026 09:12;2,3,5,6,7,12,20,22,29,38,41,44,49,52,54,55,61,64,70,77
58414;27.09.2026 09:17;8,15,19,21,22,25,29,32,34,35,41,47,50,53,60,61,67,75,78,79
58415;27.09.2026 09:22;5,7,8,9,12,16,25,29,39,44,45,46,56,59,60,61,71,77,78,79
58416;27.09.2026 09:27;4,6,9,11,13,20,26,28,32,34,35,38,44,47,59,65,68,72,75,78
58417;27.09.2026 09:32;1,3,8,11,14,17,18,19,25,34,37,45,52,54,60,63,73,74,77,78
58418;27.09.2026 09:37;2,7,9,16,17,23,25,26,34,36,38,43,44,45,50,55,57,60,67,72
58419;27.09.2026 09:42;3,9,14,17,18,21,32,33,42,53,57,59,61,63,64,72,73,74,75,80
58420;27.09.2026 09:47;2,16,17,26,28,32,36,41,42,45,48,51,53,54,56,58,66,69,72,74
58421;27.09.2026 09:52;2,5,6,10,12,15,16,17,26,40,41,43,46,51,57,67,71,74,75,79
58422;27.09.2026 09:57;4,5,13,14,15,16,26,31,35,37,44,45,47,49,56,60,68,69,77,79
58423;27.09.2026 10:02;5,6,15,16,17,25,34,37,44,46,47,49,54,61,62,67,71,75,77,78
58424;27.09.2026 10:07;2,3,4,6,10,13,24,27,29,32,34,36,42,45,46,55,61,63,65,68
58425;27.09.2026 10:12;1,9,15,18,23,26,29,35,39,40,46,47,48,51,53,54,59,60,64,66
58426;27.09.2026 10:17;2,6,8,9,13,16,19,22,26,27,44,46,47,51,52,57,67,69,76,80
58427;27.09.2026 10:22;2,6,7,10,15,24,25,31,32,36,39,40,41,49,61,63,64,67,72,77
58428;27.09.2026 10:27;13,18,20,21,28,31,33,34,47,49,51,53,61,62,64,68,72,77,79,80
58429;27.09.2026 10:32;3,5,8,14,24,26,29,37,47,51,52,53,57,67,69,70,73,74,76,79
58430;27.09.2026 10:37;1,8,9,15,19,20,21,23,29,31,35,36,39,45,48,49,63,76,78,79
58431;27.09.2026 10:42;1,8,16,17,19,20,26,27,28,33,35,37,46,48,51,53,56,68,75,76
58432;27.09.2026 10:47;5,8,13,21,30,35,36,37,38,41,47,55,56,57,58,62,70,72,76,77
58433;27.09.2026 10:52;2,4,9,10,12,15,20,27,32,35,40,43,50,52,60,64,70,71,73,80
58434;27.09.2026 10:57;1,9,10,11,19,24,25,28,32,36,43,46,49,50,51,58,65,71,72,75
58435;27.09.2026 11:02;3,4,5,9,13,21,23,31,35,37,39,41,44,56,60,68,69,70,72,73
58436;27.09.2026 11:07;3,17,25,28,33,34,39,40,43,44,52,53,54,59,61,62,69,70,73,76
58437;27.09.2026 11:12;2,6,7,9,11,18,23,24,27,28,38,41,48,50,62,63,64,66,68,74
58438;27.09.2026 11:17;7,13,14,21,23,33,34,38,41,47,51,52,53,55,56,60,63,67,68,76
58439;27.09.2026 11:22;2,5,7,10,15,17,20,29,31,44,49,51,54,55,64,66,68,69,71,79
58440;27.09.2026 11:27;5,9,11,17,18,21,23,25,31,33,34,38,46,54,58,59,60,62,73,75
58441;27.09.2026 11:32;1,4,8,11,13,19,26,30,34,38,41,44,48,49,54,58,61,63,65,73
58442;27.09.2026 11:37;1,8,11,17,22,23,25,26,29,30,32,36,37,48,61,64,67,69,72,76
58443;27.09.2026 11:42;1,2,4,6,9,18,21,23,25,40,42,43,45,48,49,59,65,69,72,75
58444;27.09.2026 11:47;6,8,9,11,16,22,23,26,31,33,35,41,43,45,53,58,59,62,63,78
58445;27.09.2026 11:52;5,6,9,14,23,28,31,38,40,42,45,48,52,59,63,64,69,72,77,80
58446;27.09.2026 11:57;1,4,10,12,16,20,25,28,32,34,36,39,45,51,52,61,65,70,73,79
58447;27.09.2026 12:02;4,10,11,15,16,18,21,25,31,33,35,37,50,51,57,62,64,74,78,79
58448;27.09.2026 12:07;4,8,11,12,15,19,20,22,23,25,27,38,43,52,53,57,63,65,72,80
58449;27.09.2026 12:12;11,14,15,17,20,23,26,35,37,44,48,49,63,68,69,72,73,76,77,79
58450;27.09.2026 12:17;1,8,10,11,15,23,25,26,29,33,36,37,39,49,57,59,61,72,75,77
58451;27.09.2026 12:22;3,6,15,18,19,23,26,33,34,44,49,52,60,67,69,74,75,76,78,80
58452;27.09.2026 12:27;2,5,6,7,13,14,18,19,28,30,34,37,38,51,53,57,61,62,70,79
58453;27.09.2026 12:32;2,3,13,14,15,16,33,34,38,42,46,57,61,63,64,66,67,68,70,79
58454;27.09.2026 12:37;1,5,7,10,11,12,35,39,43,45,48,52,55,57,58,70,73,74,79,80
58455;27.09.2026 12:42;4,9,10,13,14,20,30,32,34,43,49,56,57,66,70,71,72,73,77,78
58456;27.09.2026 12:47;1,8,9,11,18,19,27,28,38,44,46,50,56,58,59,63,65,66,70,72
58457;27.09.2026 12:52;2,8,9,11,13,15,22,29,36,38,42,51,52,55,62,63,65,66,67,71
58458;27.09.2026 12:57;3,7,10,17,21,24,30,38,39,42,45,53,54,62,64,70,73,76,77,79
58459;27.09.2026 13:02;5,8,16,19,21,29,36,42,43,47,50,53,56,57,58,62,66,68,75,77
58460;27.09.2026 13:07;2,11,13,14,16,18,22,30,33,35,38,49,51,52,59,60,62,66,73,77
58461;27.09.2026 13:12;4,6,7,9,12,14,15,23,24,25,31,33,42,53,59,61,63,66,78,79
58462;27.09.2026 13:17;1,3,7,14,22,23,36,41,51,55,58,60,62,63,65,67,70,73,75,77
58463;27.09.2026 13:22;3,7,9,11,15,17,18,19,22,25,29,30,34,36,39,44,51,56,72,74
58464;27.09.2026 13:27;2,9,13,14,15,17,23,27,36,37,40,45,47,50,52,62,64,65,66,78
58465;27.09.2026 13:32;1,4,7,15,16,17,18,20,21,40,44,45,57,58,59,69,70,72,76,77
58466;27.09.2026 13:37;8,12,15,20,25,30,34,37,38,39,42,47,62,64,67,68,72,73,79,80
58467;27.09.2026 13:42;2,6,10,12,14,22,36,39,52,53,56,57,60,61,68,70,71,73,74,77
58468;27.09.2026 13:47;9,10,12,19,20,27,31,42,43,46,50,52,55,57,69,70,72,74,76,80
58469;27.09.2026 13:52;1,5,9,13,18,26,31,33,34,37,38,40,42,44,45,48,53,60,66,67
58470;27.09.2026 13:57;5,6,11,15,21,22,24,28,31,33,34,45,46,50,54,57,60,65,74,79
58471;27.09.2026 14:02;4,5,10,11,17,20,21,36,39,42,43,44,47,48,58,60,64,68,69,79
58472;27.09.2026 14:07;1,5,11,13,16,30,33,36,38,39,40,45,48,50,53,55,57,60,66,70
58473;27.09.2026 14:12;1,3,4,8,12,16,18,30,31,42,43,44,49,60,68,69,70,73,75,76
58474;27.09.2026 14:17;4,13,19,33,35,36,40,41,45,46,53,54,55,60,65,69,71,75,79,80
58475;27.09.2026 14:22;10,20,23,24,25,27,37,39,44,45,47,52,61,62,70,74,75,76,78,80
58476;27.09.2026 14:27;9,12,15,16,19,27,28,29,32,36,39,46,47,51,54,66,68,69,76,78
58477;27.09.2026 14:32;2,4,10,11,20,25,31,35,52,59,62,65,66,70,71,73,74,77,78,80
58478;27.09.2026 14:37;6,13,14,19,25,26,28,32,33,35,36,48,50,54,55,56,57,73,74,77
58479;27.09.2026 14:42;2,3,7,17,19,20,24,31,33,41,43,44,46,53,55,56,60,69,73,75
58480;27.09.2026 14:47;3,8,11,18,23,24,27,31,38,42,45,46,52,57,60,63,66,71,72,79
58481;27.09.2026 14:52;2,7,8,9,14,29,33,35,38,40,41,47,51,54,67,72,73,75,76,80
58482;27.09.2026 14:57;4,6,9,12,13,18,19,24,32,38,40,42,44,45,54,56,58,69,70,74
58483;27.09.2026 15:02;2,3,4,5,10,14,15,16,26,32,33,38,43,45,53,56,62,66,75,77
58484;27.09.2026 15:07;2,5,6,9,11,12,26,27,29,31,34,50,52,57,66,68,71,73,76,80
58485;27.09.2026 15:12;3,5,9,11,12,18,21,23,24,26,33,39,60,61,64,65,70,72,74,77
58486;27.09.2026 15:17;9,13,15,21,29,41,43,45,46,48,52,53,58,63,64,70,71,75,76,78
58487;27.09.2026 15:22;7,11,16,18,20,22,37,45,46,49,50,53,59,63,68,69,71,73,76,78
58488;27.09.2026 15:27;7,9,17,18,27,37,39,40,44,52,57,61,62,63,72,73,76,77,78,79
58489;27.09.2026 15:32;2,3,8,9,15,23,26,33,37,41,44,48,53,58,62,65,73,76,77,79
58490;27.09.2026 15:37;3,6,9,10,13,16,19,20,23,25,27,35,36,40,57,64,67,72,75,76
58491;27.09.2026 15:42;3,5,11,13,14,15,21,22,24,33,34,40,42,47,51,54,55,57,60,62
58492;27.09.2026 15:47;6,8,13,19,20,22,25,37,50,51,54,56,61,62,65,67,68,72,76,80
58493;27.09.2026 15:52;2,4,7,12,15,17,20,27,35,40,41,43,49,57,60,61,63,65,69,80
58494;27.09.2026 15:57;1,3,8,12,14,16,27,34,39,40,42,49,58,60,62,63,64,69,73,78
58495;27.09.2026 16:02;7,11,21,23,31,37,39,45,51,56,60,65,68,70,72,73,75,77,79,80
58496;27.09.2026 16:07;3,7,9,23,24,29,30,31,33,36,37,38,44,53,57,60,72,74,77,78
58497;27.09.2026 16:12;8,15,21,22,25,28,29,39,54,57,58,61,63,65,69,71,74,76,77,78
58498;27.09.2026 16:17;3,5,12,15,17,25,38,45,48,50,51,52,54,60,65,66,70,74,79,80
58499;27.09.2026 16:22;10,12,13,20,22,23,26,29,30,33,38,43,45,46,50,56,59,70,72,75
58500;27.09.2026 16:27;1,5,8,10,15,18,21,24,27,28,49,54,64,66,67,68,69,76,77,79
58501;27.09.2026 16:32;2,3,4,7,9,20,28,29,31,32,34,36,37,51,58,66,69,71,75,79
58502;27.09.2026 16:37;1,3,4,8,13,18,23,29,35,40,48,52,54,55,56,57,62,73,74,77
58503;27.09.2026 16:42;7,9,10,12,22,27,40,44,45,46,47,50,51,54,56,60,61,67,74,75
58504;27.09.2026 16:47;10,12,14,21,23,37,38,41,45,55,56,58,60,62,65,66,69,71,75,80
58505;27.09.2026 16:52;4,5,9,11,13,15,18,21,34,45,50,51,55,56,57,60,62,71,73,74
58506;27.09.2026 16:57;1,4,5,12,16,19,27,29,30,32,36,40,46,52,54,59,65,69,73,77
58507;27.09.2026 17:02;4,10,12,18,19,23,28,32,34,38,44,51,52,54,58,62,65,69,74,80
58508;27.09.2026 17:07;2,4,10,18,20,25,32,42,43,46,48,53,57,60,65,66,68,71,74,75
58509;27.09.2026 17:12;4,7,14,23,27,34,40,41,47,48,50,52,56,59,63,65,66,70,76,79
58510;27.09.2026 17:17;6,9,13,15,21,22,28,34,35,36,42,43,45,50,55,61,62,69,71,74
58511;27.09.2026 17:22;1,3,6,10,20,21,24,28,31,32,38,39,46,49,52,54,59,66,71,73
58512;27.09.2026 17:27;8,10,15,18,20,27,29,30,37,38,45,47,51,52,59,67,68,69,72,77
58513;27.09.2026 17:32;2,4,5,11,17,18,19,24,28,36,39,42,48,50,51,65,66,68,78,79
58514;27.09.2026 17:37;2,10,15,17,19,23,24,25,33,39,42,52,54,60,61,62,71,74,76,80
58515;27.09.2026 17:42;1,6,10,13,18,29,37,40,43,47,49,51,54,55,56,58,70,76,77,78
58516;27.09.2026 17:47;5,12,16,17,19,20,30,31,32,33,38,40,42,53,59,67,69,71,72,78
58517;27.09.2026 17:52;3,4,7,10,11,17,18,19,22,24,28,34,38,40,50,54,65,72,76,77
58518;27.09.2026 17:57;2,3,4,20,21,30,33,34,37,38,54,56,59,64,67,68,69,73,75,77
58519;27.09.2026 18:02;4,6,17,22,25,35,37,40,41,44,45,47,51,55,58,63,66,67,70,75
58520;27.09.2026 18:07;7,14,15,21,24,25,29,32,33,42,50,54,57,62,65,69,70,78,79,80
58521;27.09.2026 18:12;1,2,8,11,13,17,23,24,27,28,34,36,47,52,55,57,61,65,73,76
58522;27.09.2026 18:17;7,11,15,21,22,23,30,31,33,35,40,42,45,47,53,61,63,70,74,78
58523;27.09.2026 18:22;2,4,5,8,9,11,20,23,24,25,31,36,42,44,47,54,66,73,77,79
58524;27.09.2026 18:27;1,10,11,12,13,18,22,24,28,31,37,38,46,53,55,56,57,60,62,66
58525;27.09.2026 18:32;2,5,6,18,20,22,24,26,37,41,45,52,56,58,61,62,63,71,77,79
58526;27.09.2026 18:37;4,9,12,18,19,21,22,26,28,30,31,48,51,55,59,60,67,70,74,79
58527;27.09.2026 18:42;1,2,3,13,18,20,22,33,35,37,42,44,45,51,56,61,64,75,77,80
58528;27.09.2026 18:47;4,10,16,17,19,34,36,42,44,47,51,53,62,63,64,66,67,71,77,80
58529;27.09.2026 18:52;10,13,15,29,34,35,40,44,45,46,53,54,55,56,57,64,73,74,75,80
58530;27.09.2026 18:57;3,5,16,25,27,30,32,35,43,44,51,55,57,58,61,64,65,72,74,80
58531;27.09.2026 19:02;1,6,12,23,25,26,28,34,44,47,48,50,51,53,58,61,67,72,77,80
58532;27.09.2026 19:07;14,15,19,21,24,26,29,35,41,48,58,59,63,66,68,71,75,78,79,80
58533;27.09.2026 19:12;1,3,6,17,23,27,28,34,41,44,52,54,57,58,62,67,73,74,76,77
58534;27.09.2026 19:17;17,20,21,22,24,27,30,44,49,50,52,54,55,56,64,67,68,75,76,78
58535;27.09.2026 19:22;10,12,25,28,31,32,36,39,43,47,50,56,65,67,69,71,73,74,76,78
58536;27.09.2026 19:27;5,11,12,18,25,35,40,41,42,50,51,52,55,56,63,69,70,71,77,80
58537;27.09.2026 19:32;2,5,13,14,17,19,22,29,35,41,43,46,57,61,62,69,70,72,75,80
58538;27.09.2026 19:37;4,5,9,14,16,21,23,27,32,38,40,41,51,53,54,63,74,75,76,78
58539;27.09.2026 19:42;3,8,10,18,24,29,31,34,37,44,45,50,54,57,63,66,67,68,74,76
58540;27.09.2026 19:47;8,14,17,20,24,25,31,33,36,46,48,50,55,58,62,63,65,66,68,76
58541;27.09.2026 19:52;2,3,6,11,15,19,21,27,35,37,42,45,48,50,58,61,65,66,67,77
58542;27.09.2026 19:57;3,4,6,11,15,16,32,37,38,40,49,50,60,61,63,64,66,67,74,79
58543;27.09.2026 20:02;5,6,9,12,13,15,17,24,25,36,37,42,46,49,57,60,62,66,67,70
58544;27.09.2026 20:07;10,11,15,16,20,22,25,26,30,44,47,50,55,61,62,67,68,70,75,79
58545;27.09.2026 20:12;1,3,5,9,14,17,18,26,29,30,32,36,37,39,41,43,47,68,76,79
58546;27.09.2026 20:17;2,13,15,16,17,18,19,28,31,37,40,43,48,62,65,66,67,69,71,76
58547;27.09.2026 20:22;6,10,12,13,20,22,28,33,34,37,48,49,56,59,60,62,67,68,73,77
58548;27.09.2026 20:27;9,11,13,16,17,22,25,28,34,36,43,45,47,48,50,54,62,68,74,78
58549;27.09.2026 20:32;6,13,14,17,23,29,31,34,35,37,42,44,48,52,57,61,62,67,70,75
58550;27.09.2026 20:37;2,3,4,5,6,14,22,23,24,27,28,30,32,33,34,37,39,40,58,73
58551;27.09.2026 20:42;4,5,17,21,28,30,35,36,37,38,41,42,46,48,60,63,66,72,76,80
58552;27.09.2026 20:47;3,12,19,22,24,26,27,35,39,45,48,49,50,59,60,64,70,76,78,79
58553;27.09.2026 20:52;6,11,13,31,32,33,35,37,42,45,46,48,49,50,55,57,64,66,75,77
58554;27.09.2026 20:57;2,7,12,13,16,25,29,36,40,41,47,49,55,58,59,62,68,69,71,74
58555;27.09.2026 21:02;9,12,13,16,18,21,25,28,30,31,39,44,49,55,72,74,75,77,79,80
58556;27.09.2026 21:07;1,12,14,17,21,26,30,31,33,41,49,50,59,60,65,72,74,75,79,80
58557;27.09.2026 21:12;10,11,12,14,15,18,19,25,34,36,38,40,46,54,58,59,64,66,68,69
58558;27.09.2026 21:17;3,5,7,9,11,13,17,19,21,29,34,39,46,48,49,53,65,67,74,75
58559;27.09.2026 21:22;16,19,22,23,24,27,28,30,32,34,35,46,47,56,58,59,61,67,69,70
58560;27.09.2026 21:27;16,19,20,21,31,35,37,38,44,46,57,58,59,64,65,66,67,71,73,78
58561;27.09.2026 21:32;9,10,12,14,16,24,29,30,35,43,53,54,57,64,67,71,75,78,79,80
58562;27.09.2026 21:37;2,4,5,9,18,24,26,31,34,42,44,45,50,55,61,62,65,74,77,78
58563;27.09.2026 21:42;1,4,5,7,9,11,21,25,26,33,37,39,48,51,57,61,66,74,75,79
58564;27.09.2026 21:47;1,2,17,19,28,29,31,42,47,48,50,53,56,59,66,70,74,76,77,79
58565;27.09.2026 21:52;6,11,18,23,26,29,32,40,41,47,51,60,66,69,71,72,75,78,79,80
58566;27.09.2026 21:57;1,4,14,17,23,29,32,34,38,41,43,54,58,61,63,64,65,67,76,79
58567;27.09.2026 22:02;3,9,11,19,21,25,32,33,42,46,48,49,51,52,58,59,70,74,76,80
58568;27.09.2026 22:07;1,4,7,11,17,24,26,27,28,29,33,36,37,44,48,52,56,67,68,70
58569;27.09.2026 22:12;1,8,9,12,13,18,27,29,30,31,34,41,43,49,58,60,67,72,73,76
58570;27.09.2026 22:17;1,8,14,16,28,30,37,38,39,50,51,53,55,56,58,61,62,66,70,76
58571;27.09.2026 22:22;1,4,9,14,16,18,19,26,28,35,41,43,49,53,62,64,75,77,78,80
58572;27.09.2026 22:27;3,5,13,17,30,31,35,36,39,41,42,44,47,49,51,56,66,74,75,77
58573;27.09.2026 22:32;1,3,4,5,9,12,22,23,32,37,39,46,51,52,62,66,67,75,76,78
58574;27.09.2026 22:37;8,9,12,15,16,20,24,26,27,28,38,39,40,42,43,51,59,62,69,77
58575;27.09.2026 22:42;1,3,9,14,16,22,24,29,31,34,41,44,45,51,52,64,66,68,69,77
58576;27.09.2026 22:47;2,7,9,13,19,26,28,30,34,35,42,55,56,57,58,61,69,72,78,79
58577;27.09.2026 22:52;5,6,9,10,13,22,23,24,28,29,41,42,43,53,62,64,66,73,75,76
58578;27.09.2026 22:57;5,11,17,22,26,29,36,39,43,47,48,51,53,55,59,66,72,73,75,77
58579;27.09.2026 23:02;4,13,14,15,17,18,25,29,34,41,42,47,49,55,56,63,64,74,75,78
58580;27.09.2026 23:07;2,5,7,11,12,13,16,20,22,30,35,36,46,53,54,65,66,68,70,79
58581;27.09.2026 23:12;3,4,7,16,22,27,30,35,46,50,52,56,61,62,63,69,71,72,73,76
58582;27.09.2026 23:17;2,4,6,9,17,20,22,24,26,30,33,36,39,42,47,48,49,61,70,73
58583;27.09.2026 23:22;3,9,19,20,25,30,31,33,38,41,44,46,53,57,59,62,69,75,76,80
58584;27.09.2026 23:27;3,6,7,10,12,13,14,21,23,25,35,37,45,48,50,51,52,60,70,80
58585;27.09.2026 23:32;2,6,7,17,25,29,31,34,39,47,49,58,61,63,65,67,72,74,75,80
58586;27.09.2026 23:37;1,3,5,8,20,23,28,31,33,47,51,53,60,61,63,65,67,68,78,79
58587;27.09.2026 23:42;2,9,10,12,29,36,37,39,40,42,46,48,49,50,52,53,59,64,76,78
58588;27.09.2026 23:47;1,8,12,15,22,24,29,30,39,41,42,46,48,49,55,58,65,71,77,78
58589;27.09.2026 23:52;1,6,12,17,20,21,22,31,34,40,43,46,51,53,57,59,60,61,67,74
58590;27.09.2026 23:57;3,4,7,16,19,21,25,33,34,41,48,50,53,58,59,61,62,66,74,75

===== 28.09.2026 | 217 ÇEKİLİŞ =====
58591;28.09.2026 00:02;1,2,6,17,18,25,29,38,40,41,51,52,57,59,60,62,68,72,73,78
58592;28.09.2026 00:07;2,4,16,18,19,20,21,24,27,36,39,40,41,53,64,65,66,68,70,77
58593;28.09.2026 00:12;2,3,6,7,8,15,21,22,39,40,41,42,45,48,50,54,74,76,77,79
58594;28.09.2026 00:17;1,6,8,10,12,13,17,21,22,24,33,43,48,56,61,62,66,67,70,79
58595;28.09.2026 00:22;10,11,13,23,24,28,35,41,42,44,45,46,52,53,64,65,67,70,79,80
58596;28.09.2026 00:27;1,2,3,4,6,18,23,24,27,28,37,40,41,42,45,47,58,64,67,70
58597;28.09.2026 00:32;6,12,14,17,20,23,24,25,26,28,30,37,41,45,48,58,62,67,74,76
58598;28.09.2026 00:37;3,11,13,14,16,17,19,21,26,36,38,41,46,56,57,72,73,76,77,78
58599;28.09.2026 00:42;3,9,17,25,32,36,38,40,42,45,47,50,51,54,55,60,61,70,72,75
58600;28.09.2026 00:47;3,10,11,14,22,26,27,28,33,38,41,44,46,47,54,67,75,77,79,80
58601;28.09.2026 00:52;3,6,7,12,17,18,23,30,31,36,40,41,43,49,51,53,62,73,76,80
58602;28.09.2026 00:57;5,7,9,17,18,23,29,30,34,36,39,41,48,51,56,58,66,68,77,80
58603;28.09.2026 01:02;5,7,9,11,19,24,25,26,29,31,38,44,48,49,53,67,68,71,78,80
58604;28.09.2026 07:02;3,7,8,12,15,21,23,29,33,43,48,49,53,58,59,65,73,74,77,80
58605;28.09.2026 07:07;3,13,15,16,17,21,22,27,28,32,37,46,48,51,57,58,62,67,75,80
58606;28.09.2026 07:12;5,17,20,22,24,26,27,38,41,44,45,48,56,62,65,67,68,72,74,75
58607;28.09.2026 07:17;15,19,20,23,25,27,30,32,39,46,47,49,58,64,67,68,69,71,73,76
58608;28.09.2026 07:22;5,11,15,19,20,22,24,30,33,35,41,53,55,57,58,61,62,64,71,75
58609;28.09.2026 07:27;1,7,9,13,23,24,26,29,30,34,36,43,45,48,49,67,68,77,78,79
58610;28.09.2026 07:32;2,5,8,11,27,34,40,43,44,46,52,54,57,60,63,65,66,70,76,77
58611;28.09.2026 07:37;10,12,13,19,20,21,27,28,47,48,51,59,61,63,65,66,74,76,77,79
58612;28.09.2026 07:42;6,9,11,17,20,25,29,30,31,33,37,40,43,46,47,50,62,65,72,75
58613;28.09.2026 07:47;3,4,5,7,9,10,13,16,29,30,45,46,51,54,59,60,61,65,69,76
58614;28.09.2026 07:52;2,7,12,14,15,16,23,29,31,35,41,46,48,49,54,64,72,73,74,78
58615;28.09.2026 07:57;5,6,14,24,30,36,38,39,44,48,53,54,57,59,65,67,68,71,75,77
58616;28.09.2026 08:02;6,9,12,20,21,23,25,31,32,33,36,37,43,49,51,58,59,61,63,74
58617;28.09.2026 08:07;1,7,15,17,19,24,38,39,40,44,48,52,57,59,66,69,70,71,75,78
58618;28.09.2026 08:12;2,4,14,15,18,19,26,30,33,35,39,46,62,63,64,68,75,77,78,80
58619;28.09.2026 08:17;2,4,5,8,10,13,14,17,20,30,31,32,40,41,43,48,58,71,72,77
58620;28.09.2026 08:22;1,2,7,10,17,22,23,24,29,35,37,44,45,49,52,55,58,66,67,74
58621;28.09.2026 08:27;5,9,10,12,13,15,17,20,26,36,39,40,41,45,54,62,69,70,74,77
58622;28.09.2026 08:32;4,5,6,10,12,13,16,19,20,23,28,30,32,33,43,44,48,50,60,80
58623;28.09.2026 08:37;13,15,20,24,28,35,40,45,46,49,51,54,55,56,59,65,68,69,75,78
58624;28.09.2026 08:42;2,4,7,8,13,20,28,34,35,37,40,41,45,46,48,55,67,69,70,71
58625;28.09.2026 08:47;3,4,5,6,19,20,26,43,50,53,54,59,60,61,62,67,68,69,72,80
58626;28.09.2026 08:52;4,7,11,13,16,21,22,23,26,27,34,41,50,52,57,64,66,70,72,76
58627;28.09.2026 08:57;8,15,19,20,23,30,31,32,36,39,45,46,52,54,56,64,71,77,78,80
58628;28.09.2026 09:02;5,7,9,12,15,19,22,28,29,34,37,43,46,49,52,53,54,60,63,74
58629;28.09.2026 09:07;2,7,14,15,17,20,21,26,28,33,35,39,42,46,50,55,63,66,69,73
58630;28.09.2026 09:12;2,5,6,8,13,15,27,37,43,47,50,55,59,60,61,62,65,72,73,78
58631;28.09.2026 09:17;3,7,8,16,18,29,31,37,40,41,42,48,51,55,64,65,67,69,75,77
58632;28.09.2026 09:22;3,6,9,10,20,21,28,35,37,39,48,49,52,61,66,68,70,72,73,75
58633;28.09.2026 09:27;4,5,7,12,15,24,30,32,35,36,37,49,54,67,68,70,71,75,76,78
58634;28.09.2026 09:32;5,6,8,12,14,15,20,25,28,33,35,36,47,51,52,55,59,60,67,78
58635;28.09.2026 09:37;2,4,9,13,14,16,20,22,28,37,39,42,43,53,55,57,59,61,63,67
58636;28.09.2026 09:42;7,11,19,25,26,35,37,46,50,52,53,58,59,66,67,69,71,73,74,75
58637;28.09.2026 09:47;1,14,26,27,28,34,35,41,42,43,44,51,57,65,69,70,71,72,73,76
58638;28.09.2026 09:52;5,12,19,23,24,31,32,38,39,41,48,56,64,66,70,72,75,76,77,80
58639;28.09.2026 09:57;1,5,9,10,12,16,18,19,22,30,35,39,41,44,48,54,63,66,75,77
58640;28.09.2026 10:02;1,3,5,6,9,13,26,30,38,43,49,50,51,53,54,65,72,76,77,79
58641;28.09.2026 10:07;3,9,18,22,23,24,26,27,30,32,35,38,46,48,50,52,59,74,76,79
58642;28.09.2026 10:12;12,17,21,22,27,31,32,35,36,39,40,42,45,48,55,59,60,63,70,79
58643;28.09.2026 10:17;1,6,8,9,10,14,17,18,24,29,52,58,59,61,62,63,65,67,75,76
58644;28.09.2026 10:22;1,2,4,5,6,8,20,24,28,37,39,43,47,55,58,71,73,75,77,78
58645;28.09.2026 10:27;4,6,8,10,12,16,27,30,34,36,43,51,52,54,56,57,70,72,79,80
58646;28.09.2026 10:32;2,10,11,12,14,16,18,25,27,28,31,34,40,41,47,54,61,63,70,71
58647;28.09.2026 10:37;5,6,7,13,16,17,19,22,26,32,34,38,41,42,45,47,60,66,77,79
58648;28.09.2026 10:42;1,5,7,9,10,13,20,32,42,43,47,50,51,53,56,59,60,62,64,65
58649;28.09.2026 10:47;4,9,10,13,14,18,19,20,23,26,29,32,33,51,55,61,66,72,74,78
58650;28.09.2026 10:52;2,4,10,16,22,26,29,30,33,35,38,62,63,67,69,70,71,72,73,77
58651;28.09.2026 10:57;1,2,14,17,30,31,39,42,44,47,48,50,51,60,61,64,65,69,71,75
58652;28.09.2026 11:02;1,4,21,25,30,31,36,37,40,41,42,50,51,52,57,66,67,68,70,76
58653;28.09.2026 11:07;1,8,10,11,14,15,23,24,27,32,35,36,45,46,52,53,66,74,76,78
58654;28.09.2026 11:12;6,11,13,14,15,17,20,23,25,26,39,41,43,45,56,58,62,64,68,80
58655;28.09.2026 11:17;6,7,17,18,20,21,27,32,36,37,43,45,49,51,52,54,58,61,79,80
58656;28.09.2026 11:22;2,4,5,10,13,14,26,27,29,41,42,43,45,48,51,52,57,74,77,79
58657;28.09.2026 11:27;12,19,21,24,26,27,32,36,40,43,57,61,63,65,68,69,72,73,76,77
58658;28.09.2026 11:32;4,9,15,17,19,20,23,25,30,34,35,40,46,51,62,64,70,71,78,80
58659;28.09.2026 11:37;4,7,10,21,32,33,34,38,39,40,41,42,45,50,53,54,58,66,70,73
58660;28.09.2026 11:42;1,3,4,7,8,15,24,26,31,33,34,36,39,42,45,53,57,63,65,69
58661;28.09.2026 11:47;1,8,9,22,31,32,39,40,42,45,48,52,53,57,58,60,64,66,75,76
58662;28.09.2026 11:52;12,13,20,25,29,30,33,34,35,39,41,45,54,58,64,71,74,75,79,80
58663;28.09.2026 11:57;2,4,15,16,19,20,23,26,33,34,36,40,41,42,44,46,53,59,66,71
58664;28.09.2026 12:02;1,7,11,16,24,26,27,33,37,41,43,47,49,52,59,60,63,66,69,79
58665;28.09.2026 12:07;4,13,18,20,27,35,37,43,44,48,52,53,55,62,64,69,73,75,76,80
58666;28.09.2026 12:12;2,4,7,16,23,28,34,35,36,42,43,46,54,57,61,65,66,72,73,79
58667;28.09.2026 12:17;1,5,8,11,15,21,28,35,36,37,40,42,46,51,58,63,66,70,76,80
58668;28.09.2026 12:22;2,3,6,7,13,15,19,23,28,33,44,49,51,68,71,72,75,76,77,80
58669;28.09.2026 12:27;5,11,15,16,18,19,20,22,24,32,33,38,45,48,59,65,66,70,73,78
58670;28.09.2026 12:32;12,13,15,17,24,30,31,34,36,40,42,43,49,51,54,66,68,69,73,74
58671;28.09.2026 12:37;1,2,8,9,18,19,23,29,32,49,52,61,63,70,71,73,74,76,77,78
58672;28.09.2026 12:42;4,7,9,10,17,23,28,40,47,52,53,55,59,60,62,64,68,70,72,74
58673;28.09.2026 12:47;4,12,19,27,30,35,37,39,42,43,45,50,51,64,65,69,73,74,77,80
58674;28.09.2026 12:52;7,12,14,19,22,23,25,30,31,34,35,36,41,48,57,58,61,64,76,77
58675;28.09.2026 12:57;2,3,9,20,22,23,24,25,26,28,34,38,46,47,49,51,55,60,66,68
58676;28.09.2026 13:02;4,5,6,13,15,17,18,20,21,23,26,29,40,44,46,49,50,58,64,80
58677;28.09.2026 13:07;1,6,9,13,15,18,22,27,37,38,41,42,45,50,57,58,61,64,72,78
58678;28.09.2026 13:12;3,5,8,15,18,19,20,21,22,23,25,32,34,35,37,46,52,72,73,74
58679;28.09.2026 13:17;9,12,16,26,28,30,31,34,36,42,43,45,51,55,60,63,65,67,68,73
58680;28.09.2026 13:22;2,16,19,24,25,30,32,34,41,42,43,46,49,51,55,57,58,60,65,70
58681;28.09.2026 13:27;3,11,13,15,16,19,21,23,25,32,34,36,37,39,41,42,46,49,55,77
58682;28.09.2026 13:32;1,5,11,12,18,29,31,38,39,40,44,51,53,57,64,69,71,74,75,76
58683;28.09.2026 13:37;2,4,6,8,11,17,22,29,31,32,33,41,42,43,48,50,60,65,74,77
58684;28.09.2026 13:42;2,7,8,12,16,17,18,20,28,33,48,49,58,62,63,65,66,69,71,72
58685;28.09.2026 13:47;7,12,17,18,22,28,30,35,37,41,42,43,44,49,53,56,59,60,64,65
58686;28.09.2026 13:52;16,20,27,29,31,32,43,45,48,49,53,58,62,64,65,66,72,73,75,77
58687;28.09.2026 13:57;1,5,7,17,31,35,37,38,39,42,43,48,49,53,54,62,65,67,68,69
58688;28.09.2026 14:02;5,7,14,26,28,29,36,37,42,43,48,50,60,61,62,64,65,67,74,78
58689;28.09.2026 14:07;2,3,4,7,8,11,24,29,30,35,39,43,45,65,66,68,72,73,75,76
58690;28.09.2026 14:12;5,6,8,16,23,34,37,38,46,52,54,57,62,63,65,66,70,71,72,75
58691;28.09.2026 14:17;1,6,7,8,23,27,29,30,33,39,41,49,55,61,62,66,69,71,72,78
58692;28.09.2026 14:22;2,4,12,18,21,22,26,27,28,34,36,41,43,49,51,56,60,62,70,71
58693;28.09.2026 14:27;7,8,10,11,12,15,18,20,21,23,26,29,32,33,44,59,62,67,71,74
58694;28.09.2026 14:32;2,3,6,9,17,20,21,22,23,24,25,26,39,41,52,56,61,77,78,80
58695;28.09.2026 14:37;1,6,9,11,15,16,17,19,27,30,35,36,42,48,58,64,66,67,73,78
58696;28.09.2026 14:42;1,7,9,14,19,21,22,26,30,33,48,50,51,53,58,60,65,74,77,80
58697;28.09.2026 14:47;1,7,15,16,19,31,37,48,51,53,54,57,58,62,67,72,74,75,77,78
58698;28.09.2026 14:52;1,5,6,15,25,27,31,35,41,42,48,49,58,60,61,62,64,70,71,78
58699;28.09.2026 14:57;11,12,25,26,28,29,30,31,33,34,37,47,50,52,59,61,62,70,73,80
58700;28.09.2026 15:02;2,4,6,18,21,26,33,36,39,41,48,52,65,67,68,70,73,74,75,80
58701;28.09.2026 15:07;1,8,11,13,23,31,32,36,40,42,50,54,56,59,68,71,73,75,78,80
58702;28.09.2026 15:12;9,15,16,19,20,21,25,26,27,29,30,32,37,46,48,61,66,67,74,76
58703;28.09.2026 15:17;1,3,4,6,14,20,22,24,25,27,33,39,44,46,59,66,68,71,72,76
58704;28.09.2026 15:22;5,10,11,16,17,18,22,27,33,39,40,48,52,54,61,63,64,65,71,75
58705;28.09.2026 15:27;1,2,7,14,17,19,21,27,34,44,45,46,47,53,62,64,67,69,73,76
58706;28.09.2026 15:32;4,5,7,11,15,17,22,27,30,31,39,40,46,47,53,57,68,71,75,78
58707;28.09.2026 15:37;4,11,12,17,20,21,26,27,28,36,46,47,48,49,51,57,60,76,79,80
58708;28.09.2026 15:42;1,4,6,10,11,12,14,15,16,27,29,36,37,39,47,63,72,73,75,78
58709;28.09.2026 15:47;1,6,7,11,13,16,18,20,27,30,35,37,42,43,46,56,60,74,78,80
58710;28.09.2026 15:52;5,7,9,15,19,20,21,23,30,31,33,40,47,48,54,55,57,63,75,78
58711;28.09.2026 15:57;10,25,29,30,32,34,40,41,43,45,46,51,55,56,57,65,69,72,76,80
58712;28.09.2026 16:02;4,5,18,22,25,28,31,34,37,39,40,45,51,55,56,57,58,64,66,78
58713;28.09.2026 16:07;4,10,15,17,22,23,29,30,31,37,40,42,43,52,54,57,64,66,70,73
58714;28.09.2026 16:12;2,3,8,9,13,27,28,31,34,41,47,52,59,61,71,75,76,77,78,80
58715;28.09.2026 16:17;5,6,8,13,18,22,25,26,31,40,48,54,59,61,65,66,72,73,76,77
58716;28.09.2026 16:22;1,5,6,7,14,18,23,29,32,33,41,45,49,50,52,56,63,67,69,77
58717;28.09.2026 16:27;4,11,13,23,25,27,33,35,38,40,42,45,51,57,62,66,70,71,72,76
58718;28.09.2026 16:32;8,10,13,21,24,27,28,30,32,34,36,40,45,47,48,50,51,54,60,72
58719;28.09.2026 16:37;1,2,8,11,12,13,17,18,21,25,27,36,43,45,46,57,68,71,74,77
58720;28.09.2026 16:42;1,4,10,14,19,27,34,35,37,41,44,48,52,53,55,59,65,66,68,79
58721;28.09.2026 16:47;3,8,9,14,19,21,22,29,30,32,33,35,37,43,51,60,66,68,71,72
58722;28.09.2026 16:52;1,2,4,5,8,10,11,18,23,28,33,39,44,47,56,59,60,61,73,79
58723;28.09.2026 16:57;2,7,8,12,16,21,23,25,27,29,33,36,40,45,48,53,56,61,67,73
58724;28.09.2026 17:02;9,11,12,23,24,26,28,30,38,44,46,52,55,56,57,58,60,69,73,77
58725;28.09.2026 17:07;4,5,7,11,15,16,26,30,31,35,39,40,41,43,55,58,59,66,69,75
58726;28.09.2026 17:12;1,11,16,20,21,25,30,34,35,48,50,52,55,57,60,66,70,71,73,79
58727;28.09.2026 17:17;6,13,15,18,21,24,25,29,31,32,40,45,46,48,54,55,60,69,73,74
58728;28.09.2026 17:22;3,5,6,7,9,10,25,26,32,36,41,47,48,51,59,61,68,73,75,79
58729;28.09.2026 17:27;1,4,10,16,21,26,30,33,35,40,44,53,54,55,66,68,72,73,77,80
58730;28.09.2026 17:32;4,5,19,24,26,32,38,41,43,50,54,60,62,64,65,67,68,72,74,77
58731;28.09.2026 17:37;2,3,6,9,16,18,32,35,37,41,45,47,49,50,55,58,67,71,73,76
58732;28.09.2026 17:42;10,11,12,13,15,18,20,21,29,30,41,48,50,55,58,60,64,68,75,79
58733;28.09.2026 17:47;3,10,12,14,17,18,21,23,31,37,38,41,51,52,56,61,62,65,77,80
58734;28.09.2026 17:52;1,3,5,6,7,8,21,23,33,43,46,47,50,60,63,64,69,73,76,77
58735;28.09.2026 17:57;3,5,12,18,20,22,28,33,36,52,55,59,65,66,72,73,74,75,77,80
58736;28.09.2026 18:02;1,4,5,9,10,12,13,19,21,31,35,37,38,44,45,52,57,67,72,78
58737;28.09.2026 18:07;8,12,13,15,17,19,20,21,25,30,35,39,54,61,63,64,67,72,74,78
58738;28.09.2026 18:12;2,7,9,13,17,19,21,28,36,45,49,51,53,55,57,59,62,64,69,71
58739;28.09.2026 18:17;2,4,14,16,21,25,26,28,31,35,36,41,49,55,56,63,65,71,75,76
58740;28.09.2026 18:22;1,6,8,15,16,27,31,36,37,44,46,50,52,58,63,66,67,68,75,80
58741;28.09.2026 18:27;2,8,10,11,12,24,26,29,31,39,41,49,60,61,62,69,70,72,76,79
58742;28.09.2026 18:32;1,3,6,9,14,16,25,32,33,42,45,46,49,62,63,69,73,74,76,80
58743;28.09.2026 18:37;3,7,9,19,23,25,34,35,37,46,48,49,51,52,58,61,64,65,68,75
58744;28.09.2026 18:42;1,4,7,13,14,16,17,19,27,35,36,44,45,47,49,58,60,76,78,79
58745;28.09.2026 18:47;2,9,11,20,21,24,29,32,34,35,48,49,55,63,64,67,70,75,77,80
58746;28.09.2026 18:52;8,15,18,24,26,29,31,40,41,48,52,56,58,61,63,64,70,76,77,80
58747;28.09.2026 18:57;3,7,11,16,19,20,26,28,30,31,44,45,50,64,66,68,70,72,77,79
58748;28.09.2026 19:02;1,5,11,12,14,25,32,34,35,36,38,41,42,44,47,50,53,62,64,69
58749;28.09.2026 19:07;3,6,7,8,9,10,16,24,29,32,34,46,50,53,57,64,68,72,76,78
58750;28.09.2026 19:12;1,10,11,12,23,27,29,32,33,34,44,46,49,51,58,62,66,70,76,78
58751;28.09.2026 19:17;9,12,14,22,23,27,28,32,34,35,38,46,47,48,51,60,68,71,78,80
58752;28.09.2026 19:22;3,6,10,19,25,29,35,40,43,44,45,47,48,51,53,58,59,62,75,76
58753;28.09.2026 19:27;3,16,27,30,31,36,39,41,42,43,44,45,48,53,54,56,61,66,67,73
58754;28.09.2026 19:32;6,8,9,10,23,25,26,28,29,42,47,49,51,57,59,63,68,69,71,77
58755;28.09.2026 19:37;6,8,12,17,19,23,35,37,42,48,51,54,55,58,60,65,74,76,77,80
58756;28.09.2026 19:42;2,5,16,23,24,29,40,44,45,46,48,51,54,58,63,67,68,74,78,79
58757;28.09.2026 19:47;3,4,6,7,8,9,18,20,21,23,33,36,38,47,50,58,61,69,70,72
58758;28.09.2026 19:52;2,6,9,10,14,15,17,18,32,39,42,44,45,54,60,68,70,73,74,77
58759;28.09.2026 19:57;2,9,15,17,18,19,22,23,27,30,36,37,41,51,52,58,61,65,76,79
58760;28.09.2026 20:02;3,4,7,12,13,15,18,19,20,39,40,44,52,55,56,61,64,78,79,80
58761;28.09.2026 20:07;3,7,9,12,21,24,27,31,38,41,43,44,48,55,56,61,62,64,77,80
58762;28.09.2026 20:12;1,4,17,19,27,33,35,40,43,52,54,55,62,71,72,73,74,76,77,79
58763;28.09.2026 20:17;2,5,10,13,21,22,25,28,42,46,49,52,55,56,58,59,67,76,77,80
58764;28.09.2026 20:22;7,13,16,19,21,24,33,34,40,41,44,47,52,57,58,59,60,62,64,78
58765;28.09.2026 20:27;1,11,14,19,24,26,32,33,37,42,49,52,57,59,64,68,69,70,73,77
58766;28.09.2026 20:32;5,7,10,16,18,19,20,24,25,28,29,41,42,43,48,54,64,66,74,78
58767;28.09.2026 20:37;3,8,9,11,12,19,21,24,28,31,42,44,45,47,49,50,53,63,74,76
58768;28.09.2026 20:42;9,10,17,21,22,28,30,35,38,40,51,52,55,56,58,59,66,70,74,76
58769;28.09.2026 20:47;1,12,15,17,20,32,34,35,37,39,45,48,51,55,59,60,65,67,78,80
58770;28.09.2026 20:52;6,8,11,18,21,22,29,34,38,42,46,48,52,55,57,64,65,69,71,75
58771;28.09.2026 20:57;3,9,10,17,19,20,22,23,26,39,42,46,61,64,67,69,70,71,72,79
58772;28.09.2026 21:02;4,8,14,19,22,24,26,27,28,29,31,35,40,44,55,57,70,73,77,79
58773;28.09.2026 21:07;2,3,7,14,16,17,18,23,28,29,32,33,54,56,61,62,63,65,66,67
58774;28.09.2026 21:12;1,3,6,7,9,10,13,15,16,20,29,33,37,42,49,60,62,69,70,80
58775;28.09.2026 21:17;3,11,14,16,22,26,27,30,36,38,40,41,43,50,54,55,58,62,66,78
58776;28.09.2026 21:22;1,5,12,14,15,17,20,23,26,37,39,40,48,53,55,56,61,64,65,74
58777;28.09.2026 21:27;3,5,10,12,13,18,21,30,32,36,39,47,48,50,52,55,64,66,76,78
58778;28.09.2026 21:32;7,14,17,20,22,23,30,32,36,41,42,51,52,55,56,65,67,72,73,76
58779;28.09.2026 21:37;1,3,5,8,10,12,15,20,34,39,42,46,50,53,56,60,64,66,73,78
58780;28.09.2026 21:42;2,7,10,11,14,16,19,21,30,33,45,47,48,49,62,71,72,76,79,80
58781;28.09.2026 21:47;3,4,8,12,13,20,23,26,28,34,43,44,45,47,51,61,65,69,70,72
58782;28.09.2026 21:52;6,7,10,11,20,26,30,32,34,37,46,47,50,52,54,57,60,62,65,77
58783;28.09.2026 21:57;5,6,7,9,15,18,23,27,36,37,44,45,46,51,53,56,59,74,77,80
58784;28.09.2026 22:02;1,8,9,15,21,24,28,30,31,45,46,47,50,54,55,60,64,69,70,76
58785;28.09.2026 22:07;4,8,14,17,25,27,30,32,38,42,43,47,52,53,56,68,71,72,75,76
58786;28.09.2026 22:12;5,7,8,17,24,27,43,44,46,51,52,54,55,56,58,61,63,71,77,79
58787;28.09.2026 22:17;2,7,8,15,17,22,23,27,40,43,55,58,59,62,63,65,67,68,69,77
58788;28.09.2026 22:22;7,14,16,21,22,27,30,35,36,38,40,43,51,52,61,63,64,68,71,75
58789;28.09.2026 22:27;2,3,7,9,11,15,16,17,19,23,34,45,47,48,59,64,71,73,79,80
58790;28.09.2026 22:32;1,2,9,20,25,27,30,34,36,37,44,50,51,53,56,60,62,65,70,78
58791;28.09.2026 22:37;4,8,13,14,15,17,19,28,30,38,48,50,56,58,60,61,62,70,78,79
58792;28.09.2026 22:42;2,3,4,5,6,7,9,13,23,24,31,33,34,45,61,62,64,65,72,78
58793;28.09.2026 22:47;2,8,15,20,24,34,36,37,52,53,54,55,62,63,65,67,68,71,76,78
58794;28.09.2026 22:52;1,4,10,12,16,18,30,33,41,42,45,51,54,61,62,64,68,74,77,80
58795;28.09.2026 22:57;3,5,8,12,17,19,24,27,31,33,37,40,45,52,56,61,68,69,76,80
58796;28.09.2026 23:02;2,3,9,18,20,24,28,33,34,41,44,45,48,49,50,51,63,72,75,78
58797;28.09.2026 23:07;2,4,7,11,12,14,15,17,18,21,25,29,32,33,36,46,60,67,68,76
58798;28.09.2026 23:12;4,6,16,20,24,29,30,31,38,41,43,45,53,57,60,64,71,76,77,79
58799;28.09.2026 23:17;23,24,25,30,31,33,36,38,39,40,41,53,57,58,61,63,66,68,69,77
58800;28.09.2026 23:22;2,5,9,16,20,22,27,35,36,43,45,47,52,59,61,65,69,71,72,76
58801;28.09.2026 23:27;1,7,10,12,13,15,17,25,32,33,36,38,39,48,51,52,54,60,72,76
58802;28.09.2026 23:32;2,3,5,12,17,19,26,27,28,31,43,46,49,54,63,64,69,71,72,79
58803;28.09.2026 23:37;3,5,10,14,17,21,23,25,26,27,32,34,41,49,55,71,72,74,76,77
58804;28.09.2026 23:42;4,8,9,14,20,21,23,34,37,50,54,59,60,63,69,70,74,78,79,80
58805;28.09.2026 23:47;1,4,11,13,28,33,34,38,39,44,45,47,49,50,52,55,67,74,76,79
58806;28.09.2026 23:52;3,5,7,12,14,19,21,22,23,24,25,26,29,33,35,37,57,66,69,71
58807;28.09.2026 23:57;6,11,12,14,17,20,24,31,37,38,42,43,51,54,57,60,66,72,77,80

===== 29.09.2026 | 217 ÇEKİLİŞ =====
58808;29.09.2026 00:02;1,2,6,15,20,35,39,42,48,49,50,54,56,58,60,62,67,76,78,79
58809;29.09.2026 00:07;3,13,14,15,17,39,40,47,48,51,53,55,61,63,68,69,71,74,75,80
58810;29.09.2026 00:12;6,8,11,12,26,28,30,36,45,49,57,58,61,65,68,69,71,77,78,80
58811;29.09.2026 00:17;2,12,13,18,19,23,26,28,30,35,45,47,48,53,55,67,72,74,77,79
58812;29.09.2026 00:22;3,6,14,20,24,25,28,39,45,47,48,52,57,58,64,65,66,71,72,77
58813;29.09.2026 00:27;2,3,4,11,14,18,19,21,24,28,31,36,40,53,57,59,62,64,68,71
58814;29.09.2026 00:32;1,2,4,7,8,13,24,25,34,35,42,43,49,50,55,66,68,71,72,76
58815;29.09.2026 00:37;1,2,3,9,10,12,13,15,16,19,22,30,43,51,53,59,61,70,75,77
58816;29.09.2026 00:42;11,12,16,24,31,34,36,45,49,53,55,56,60,61,62,63,70,72,74,76
58817;29.09.2026 00:47;1,5,9,10,18,19,21,24,36,37,38,40,45,47,53,63,69,70,74,77
58818;29.09.2026 00:52;2,8,9,10,11,12,16,18,19,32,36,40,53,54,61,62,64,68,70,73
58819;29.09.2026 00:57;3,7,10,12,16,17,18,20,42,49,50,55,57,58,60,65,69,71,72,76
58820;29.09.2026 01:02;1,3,4,13,24,25,26,33,35,43,44,49,51,58,61,66,67,68,77,78
58821;29.09.2026 07:02;1,2,3,10,12,16,17,21,28,33,38,41,46,52,60,61,70,72,76,77
58822;29.09.2026 07:07;3,4,7,9,11,14,27,29,33,39,40,43,47,48,54,65,68,76,78,80
58823;29.09.2026 07:12;1,2,4,6,8,11,15,17,27,28,29,36,46,48,50,56,63,66,69,78
58824;29.09.2026 07:17;1,4,6,7,12,14,16,25,36,41,42,45,49,53,55,56,60,68,70,80
58825;29.09.2026 07:22;7,9,10,11,14,15,21,26,30,36,38,46,47,51,57,58,64,65,67,74
58826;29.09.2026 07:27;1,14,18,20,25,26,30,33,39,44,46,49,54,57,59,61,72,73,74,76
58827;29.09.2026 07:32;2,10,12,14,23,25,29,37,45,48,50,57,58,60,66,72,73,74,79,80
58828;29.09.2026 07:37;3,7,8,11,19,23,26,27,37,42,45,50,53,57,62,66,68,73,75,79
58829;29.09.2026 07:42;2,5,6,10,12,14,15,22,23,34,39,45,49,50,51,54,58,61,63,79
58830;29.09.2026 07:47;3,7,15,21,24,28,29,31,35,38,42,46,50,52,53,55,65,66,69,78
58831;29.09.2026 07:52;2,4,5,8,13,23,24,25,34,36,39,43,48,51,57,61,63,73,77,79
58832;29.09.2026 07:57;1,2,4,5,8,14,18,20,23,26,34,40,41,46,52,57,58,65,70,74
58833;29.09.2026 08:02;3,8,9,18,25,28,29,32,34,35,38,39,45,47,48,54,60,65,68,73
58834;29.09.2026 08:07;1,4,10,15,17,24,25,38,42,43,44,47,49,52,56,58,73,75,76,78
58835;29.09.2026 08:12;3,14,16,18,19,22,26,28,30,34,35,38,49,55,58,63,68,72,76,79
58836;29.09.2026 08:17;7,15,16,23,34,35,37,44,46,47,51,54,56,60,63,66,72,73,75,80
58837;29.09.2026 08:22;3,4,20,21,28,29,31,37,40,41,46,51,53,55,58,59,64,73,79,80
58838;29.09.2026 08:27;1,21,22,29,30,34,35,39,48,50,55,58,59,61,62,64,68,70,76,77
58839;29.09.2026 08:32;4,6,12,15,17,18,23,32,35,36,47,49,50,55,63,64,67,72,74,79
58840;29.09.2026 08:37;10,13,14,16,18,19,30,32,35,42,44,47,51,53,57,64,73,75,77,78
58841;29.09.2026 08:42;3,4,9,11,14,16,22,23,25,29,46,47,51,55,59,68,70,71,74,80
58842;29.09.2026 08:47;24,26,36,37,40,46,47,48,49,52,54,56,57,60,61,62,67,71,72,80
58843;29.09.2026 08:52;10,14,16,17,21,23,35,36,41,44,47,50,51,66,67,68,70,72,74,76
58844;29.09.2026 08:57;1,7,8,10,14,20,21,26,35,37,44,46,48,49,60,62,63,74,79,80
58845;29.09.2026 09:02;7,16,17,23,27,28,29,31,40,42,44,46,47,55,68,71,76,77,78,79
58846;29.09.2026 09:07;3,8,9,11,12,13,15,16,20,22,27,33,34,40,41,45,49,62,65,79
58847;29.09.2026 09:12;1,10,11,15,16,20,21,27,28,29,32,37,43,49,50,55,56,69,70,76
58848;29.09.2026 09:17;3,4,6,7,9,11,19,30,37,39,41,52,54,57,58,64,66,67,73,80
58849;29.09.2026 09:22;2,4,7,16,29,35,37,40,45,46,49,53,56,60,70,71,74,76,78,80
58850;29.09.2026 09:27;4,13,20,22,26,29,30,33,36,38,47,53,55,57,59,60,61,72,73,76
58851;29.09.2026 09:32;2,3,8,13,14,18,20,27,32,33,37,39,40,43,45,48,51,56,61,70
58852;29.09.2026 09:37;4,7,10,16,19,22,24,34,41,42,43,47,50,57,58,60,64,65,66,76
58853;29.09.2026 09:42;5,7,9,11,12,16,17,31,32,37,40,41,49,50,51,57,58,61,63,64
58854;29.09.2026 09:47;5,7,8,11,17,24,25,26,29,33,40,48,53,59,61,62,64,67,76,80
58855;29.09.2026 09:52;1,2,5,12,17,19,21,24,27,44,45,47,53,64,67,71,72,76,77,80
58856;29.09.2026 09:57;1,2,4,6,12,15,17,29,30,33,36,42,48,52,57,62,69,70,71,79
58857;29.09.2026 10:02;1,2,7,9,13,16,22,26,29,38,48,49,59,62,63,64,67,71,72,73
58858;29.09.2026 10:07;1,2,11,16,21,23,24,31,35,36,37,43,45,52,56,60,63,70,75,77
58859;29.09.2026 10:12;11,18,20,25,27,29,32,36,38,41,43,45,46,47,53,56,59,62,66,67
58860;29.09.2026 10:17;1,4,10,20,25,26,28,30,31,32,37,45,55,56,58,59,64,71,77,78
58861;29.09.2026 10:22;2,17,22,23,26,28,30,34,36,40,41,50,55,58,61,63,68,73,74,78
58862;29.09.2026 10:27;17,20,27,28,29,32,42,45,46,53,54,55,56,59,62,64,66,68,75,78
58863;29.09.2026 10:32;4,12,18,34,35,40,42,44,46,48,49,52,58,66,68,69,72,75,78,80
58864;29.09.2026 10:37;7,9,24,26,31,34,35,37,39,41,42,44,47,53,54,56,67,74,76,80
58865;29.09.2026 10:42;4,9,10,12,13,16,19,23,29,32,33,34,37,39,44,46,50,57,74,77
58866;29.09.2026 10:47;6,8,10,16,18,19,22,28,30,33,34,47,49,51,53,55,67,69,72,80
58867;29.09.2026 10:52;9,11,12,18,20,22,23,24,31,32,35,36,39,45,46,51,57,65,67,72
58868;29.09.2026 10:57;2,10,11,13,14,20,24,29,37,40,41,43,49,55,56,60,63,66,67,77
58869;29.09.2026 11:02;2,3,4,8,9,15,17,26,31,33,37,38,39,43,62,68,69,70,76,77
58870;29.09.2026 11:07;1,9,11,13,20,29,31,33,43,45,47,53,62,63,66,67,73,74,75,76
58871;29.09.2026 11:12;3,4,6,10,13,14,17,19,25,35,37,46,48,49,52,63,65,67,70,79
58872;29.09.2026 11:17;4,7,9,17,23,25,30,31,32,43,45,57,59,60,61,62,66,72,74,75
58873;29.09.2026 11:22;6,13,24,25,26,27,29,31,38,42,46,50,57,58,59,69,70,75,77,79
58874;29.09.2026 11:27;6,8,13,14,23,25,26,30,33,34,36,37,43,46,52,67,69,73,77,79
58875;29.09.2026 11:32;1,5,6,8,16,17,19,21,22,25,29,32,45,50,53,58,59,62,79,80
58876;29.09.2026 11:37;6,7,10,12,15,24,40,42,44,50,53,55,56,57,58,66,67,75,76,80
58877;29.09.2026 11:42;10,12,21,27,33,34,35,37,38,40,41,43,44,45,49,62,65,69,70,76
58878;29.09.2026 11:47;4,7,9,10,17,18,33,34,36,45,46,48,51,53,55,60,62,64,65,66
58879;29.09.2026 11:52;4,6,9,11,14,16,17,20,30,31,35,38,41,43,46,51,56,57,77,79
58880;29.09.2026 11:57;11,13,16,17,18,23,31,35,41,43,45,48,54,57,58,63,68,70,77,80
58881;29.09.2026 12:02;1,6,12,16,24,28,38,44,51,52,53,56,62,65,68,73,74,76,78,79
58882;29.09.2026 12:07;8,11,13,16,19,24,28,30,34,47,48,49,55,58,65,68,70,73,77,79
58883;29.09.2026 12:12;8,10,11,14,18,20,27,28,34,36,39,41,42,43,57,62,66,67,72,75
58884;29.09.2026 12:17;6,8,13,17,18,19,25,28,29,34,35,39,40,43,44,57,59,62,69,79
58885;29.09.2026 12:22;1,3,4,5,17,20,21,22,23,27,33,37,41,43,46,47,53,69,75,79
58886;29.09.2026 12:27;11,13,16,17,19,20,24,25,32,40,41,48,53,56,57,67,69,70,74,76
58887;29.09.2026 12:32;1,12,20,21,28,29,31,33,39,48,49,52,53,56,58,59,60,66,72,73
58888;29.09.2026 12:37;14,16,19,26,28,30,32,38,41,46,58,61,64,65,66,70,72,76,78,79
58889;29.09.2026 12:42;1,3,4,10,20,21,23,27,36,37,38,48,54,60,64,70,71,73,75,80
58890;29.09.2026 12:47;1,2,4,6,8,14,15,18,24,26,36,51,52,54,55,63,66,68,76,79
58891;29.09.2026 12:52;11,16,18,25,28,29,35,39,47,48,50,52,53,60,68,71,72,74,75,80
58892;29.09.2026 12:57;4,5,8,9,13,19,20,25,35,36,41,44,47,56,64,65,66,71,76,78
58893;29.09.2026 13:02;2,4,6,13,14,18,28,30,33,34,38,41,45,57,59,60,63,65,73,80
58894;29.09.2026 13:07;2,4,9,15,16,18,20,25,30,31,35,36,41,53,60,61,64,72,75,76
58895;29.09.2026 13:12;7,10,11,12,13,16,22,24,29,34,41,45,48,49,56,60,61,66,68,75
58896;29.09.2026 13:17;1,2,6,7,9,13,20,26,28,34,39,45,46,47,48,66,69,73,76,77
58897;29.09.2026 13:22;4,6,10,17,24,27,29,30,31,40,52,54,55,57,63,64,66,71,78,79
58898;29.09.2026 13:27;5,14,15,19,20,22,30,31,35,39,43,47,48,53,54,69,72,75,79,80
58899;29.09.2026 13:32;10,11,14,15,22,23,24,26,29,31,33,38,47,52,54,55,60,62,63,73
58900;29.09.2026 13:37;1,17,20,23,32,33,38,43,47,48,53,55,56,60,63,69,71,76,77,80
58901;29.09.2026 13:42;4,6,9,11,18,22,26,32,33,37,38,42,44,55,60,61,65,68,69,77
58902;29.09.2026 13:47;8,11,16,18,24,27,29,33,39,41,42,43,48,53,57,59,64,69,77,79
58903;29.09.2026 13:52;9,14,15,18,19,24,27,28,29,33,37,38,46,47,57,69,73,74,76,79
58904;29.09.2026 13:57;2,6,13,17,21,23,27,28,31,38,44,47,49,51,55,58,60,68,70,80
58905;29.09.2026 14:02;1,5,7,12,14,26,34,38,40,45,46,47,51,56,59,60,61,63,70,75
58906;29.09.2026 14:07;4,6,9,12,14,18,24,25,26,27,29,31,36,41,47,48,67,69,72,75
58907;29.09.2026 14:12;11,14,21,24,25,31,38,40,41,44,45,47,48,49,52,57,58,59,66,79
58908;29.09.2026 14:17;7,9,11,16,20,26,28,29,30,31,37,44,49,53,55,59,61,66,69,72
58909;29.09.2026 14:22;10,18,24,27,29,35,38,40,42,50,52,57,59,63,66,67,68,71,72,74
58910;29.09.2026 14:27;1,8,9,11,13,15,19,21,22,23,25,32,35,38,42,47,54,55,58,71
58911;29.09.2026 14:32;4,7,12,14,17,23,27,39,40,43,47,48,51,58,61,62,68,72,73,76
58912;29.09.2026 14:37;5,9,10,13,18,22,24,31,37,41,43,44,47,51,64,66,71,72,74,76
58913;29.09.2026 14:42;6,11,13,14,17,21,22,27,30,33,39,45,48,57,58,70,71,72,77,80
58914;29.09.2026 14:47;2,5,6,15,16,20,21,27,33,37,38,39,43,51,59,61,63,66,74,79
58915;29.09.2026 14:52;6,8,21,23,24,25,26,30,32,33,43,45,46,50,58,61,75,78,79,80
58916;29.09.2026 14:57;1,2,14,19,26,29,30,31,33,44,46,48,49,51,55,62,63,67,72,79
58917;29.09.2026 15:02;12,13,16,20,25,27,30,37,45,49,53,54,55,57,58,62,72,75,76,80
58918;29.09.2026 15:07;3,8,10,13,18,23,24,26,37,38,39,46,48,49,53,65,67,73,77,79
58919;29.09.2026 15:12;1,7,8,9,13,20,26,30,43,47,48,53,56,58,59,64,66,76,78,79
58920;29.09.2026 15:17;1,2,10,11,14,16,17,20,24,25,33,34,42,44,55,56,62,69,78,80
58921;29.09.2026 15:22;12,13,15,16,19,24,29,30,31,33,38,40,50,53,57,61,64,70,76,77
58922;29.09.2026 15:27;1,4,13,18,22,24,30,33,41,42,48,51,52,53,58,73,74,75,76,79
58923;29.09.2026 15:32;1,3,5,6,10,13,15,16,20,21,31,33,40,43,46,57,58,68,75,80
58924;29.09.2026 15:37;2,15,17,26,30,36,39,45,49,57,61,62,65,66,72,73,74,75,77,79
58925;29.09.2026 15:42;1,2,3,7,8,9,14,16,20,26,28,32,41,50,51,54,58,60,65,78
58926;29.09.2026 15:47;1,2,4,5,13,18,22,23,33,40,43,45,50,53,54,59,67,72,74,76
58927;29.09.2026 15:52;1,3,6,10,13,21,30,32,34,35,42,44,53,54,60,66,73,74,75,78
58928;29.09.2026 15:57;2,5,8,12,13,17,19,20,24,32,36,42,45,48,50,59,65,76,78,79
58929;29.09.2026 16:02;2,4,5,13,19,20,23,30,34,35,43,47,50,51,55,58,60,69,75,77
58930;29.09.2026 16:07;2,4,7,8,13,18,25,28,39,41,45,47,49,50,57,63,64,67,69,79
58931;29.09.2026 16:12;3,6,7,8,9,12,14,26,29,37,44,45,49,50,55,58,63,72,78,80
58932;29.09.2026 16:17;1,12,13,16,17,22,24,29,30,32,40,41,44,55,57,64,65,67,69,71
58933;29.09.2026 16:22;2,3,11,14,22,29,30,35,36,38,39,51,55,56,59,67,68,72,75,77
58934;29.09.2026 16:27;1,11,14,23,24,32,38,39,42,47,50,51,53,54,61,65,72,74,76,77
58935;29.09.2026 16:32;6,7,9,12,13,15,16,17,24,27,31,37,44,47,51,53,58,63,64,73
58936;29.09.2026 16:37;14,15,18,20,24,27,29,30,37,41,48,49,51,53,60,66,69,72,73,75
58937;29.09.2026 16:42;1,11,14,18,27,29,32,34,42,43,50,51,52,53,57,64,65,67,76,77
58938;29.09.2026 16:47;2,3,4,5,11,17,19,25,30,31,34,35,39,50,65,69,72,73,74,76
58939;29.09.2026 16:52;1,2,5,8,11,13,15,17,19,31,33,37,47,49,52,54,63,71,74,80
58940;29.09.2026 16:57;1,6,8,13,16,19,28,34,36,37,41,56,64,66,67,72,74,75,79,80
58941;29.09.2026 17:02;2,8,9,11,12,18,21,22,30,31,32,40,45,49,55,62,65,69,76,79
58942;29.09.2026 17:07;2,3,9,12,20,21,33,40,41,49,51,52,55,58,59,65,68,70,73,80
58943;29.09.2026 17:12;4,6,17,21,22,25,29,36,37,42,44,45,46,50,57,59,64,73,76,80
58944;29.09.2026 17:17;8,10,11,15,16,17,21,23,33,35,41,42,43,51,54,60,62,65,66,71
58945;29.09.2026 17:22;2,3,5,10,21,23,30,31,33,36,43,44,47,50,56,64,68,69,78,80
58946;29.09.2026 17:27;2,5,6,16,19,20,22,25,27,42,46,49,52,55,58,59,60,66,67,77
58947;29.09.2026 17:32;6,21,25,27,31,34,37,39,40,42,49,52,57,64,65,66,71,74,76,78
58948;29.09.2026 17:37;8,13,15,16,19,24,28,30,31,33,47,48,50,52,65,66,67,68,69,77
58949;29.09.2026 17:42;3,5,7,13,16,17,28,29,31,39,43,47,56,57,62,65,67,70,73,79
58950;29.09.2026 17:47;2,4,5,7,12,14,27,33,36,39,47,48,49,52,54,55,67,73,76,80
58951;29.09.2026 17:52;3,9,15,16,18,23,26,27,29,32,34,38,53,55,56,60,65,69,73,77
58952;29.09.2026 17:57;13,15,16,17,22,23,25,30,31,36,37,38,52,54,55,58,60,70,72,79
58953;29.09.2026 18:02;2,4,7,8,14,19,21,22,24,30,32,34,36,40,49,50,56,65,70,72
58954;29.09.2026 18:07;9,10,11,15,17,19,27,28,32,50,53,57,64,65,68,70,75,76,77,80
58955;29.09.2026 18:12;7,8,13,15,18,22,24,25,26,28,31,32,33,37,41,43,49,60,66,71
58956;29.09.2026 18:17;2,11,20,21,24,26,34,39,44,46,48,53,54,62,65,70,72,74,79,80
58957;29.09.2026 18:22;1,5,6,7,14,16,25,27,30,32,39,42,58,59,66,68,73,75,76,78
58958;29.09.2026 18:27;6,11,12,15,17,19,26,30,31,34,36,38,40,49,54,57,66,67,72,78
58959;29.09.2026 18:32;1,2,8,12,15,20,22,23,24,25,34,39,43,52,53,55,60,61,63,80
58960;29.09.2026 18:37;6,8,24,27,29,34,36,37,41,44,47,50,51,56,59,63,67,70,74,79
58961;29.09.2026 18:42;2,6,8,15,16,20,21,32,35,37,38,41,43,51,54,55,67,68,72,80
58962;29.09.2026 18:47;6,13,15,16,17,19,20,25,26,30,42,49,50,60,63,64,68,71,75,79
58963;29.09.2026 18:52;1,2,3,15,17,21,34,35,40,41,48,54,56,59,61,62,70,73,74,79
58964;29.09.2026 18:57;1,4,8,10,12,13,14,20,24,25,27,29,38,47,48,50,55,70,73,75
58965;29.09.2026 19:02;7,21,24,25,28,34,36,40,41,42,43,50,51,52,53,55,60,61,64,80
58966;29.09.2026 19:07;1,7,8,12,32,34,36,38,42,44,47,57,59,69,70,71,72,77,79,80
58967;29.09.2026 19:12;2,7,8,12,13,17,22,25,34,35,40,44,46,48,53,59,69,73,75,78
58968;29.09.2026 19:17;4,8,10,11,21,22,23,31,34,36,40,43,45,58,60,66,68,70,72,76
58969;29.09.2026 19:22;6,15,16,23,29,32,38,39,44,52,54,57,61,62,63,64,67,70,78,80
58970;29.09.2026 19:27;2,3,7,16,21,29,36,41,42,44,46,52,55,56,57,59,62,65,71,75
58971;29.09.2026 19:32;10,14,17,25,32,35,37,39,41,48,49,55,56,66,69,70,71,75,77,80
58972;29.09.2026 19:37;2,4,7,12,20,22,24,29,31,35,46,49,53,54,56,60,62,68,71,79
58973;29.09.2026 19:42;4,10,13,15,17,24,27,28,31,32,33,51,53,54,58,60,69,73,75,79
58974;29.09.2026 19:47;6,7,11,24,25,33,34,36,37,42,45,46,54,58,60,62,66,68,71,78
58975;29.09.2026 19:52;3,5,11,29,30,33,35,38,41,42,43,46,48,54,56,60,62,67,78,80
58976;29.09.2026 19:57;2,3,6,9,16,26,28,29,31,35,43,45,52,54,56,57,58,62,64,73
58977;29.09.2026 20:02;1,2,7,15,19,22,24,29,36,38,39,41,43,48,53,56,71,72,78,79
58978;29.09.2026 20:07;1,7,16,23,31,32,33,39,45,46,47,52,55,56,57,60,68,74,76,77
58979;29.09.2026 20:12;1,3,10,12,15,18,24,26,31,35,36,38,54,58,59,70,71,72,75,78
58980;29.09.2026 20:17;3,4,6,7,8,18,20,23,25,34,36,40,43,55,59,61,71,77,78,80
58981;29.09.2026 20:22;8,12,18,19,24,27,31,32,35,46,50,51,54,59,60,62,63,64,69,72
58982;29.09.2026 20:27;3,10,14,16,18,26,36,38,42,46,48,50,59,61,63,67,70,73,75,76
58983;29.09.2026 20:32;8,9,11,12,13,22,23,25,27,29,30,44,46,56,61,63,69,72,74,77
58984;29.09.2026 20:37;6,10,11,13,15,20,21,24,26,29,31,32,35,44,50,63,68,74,77,79
58985;29.09.2026 20:42;10,12,17,18,19,25,26,41,44,51,52,58,61,62,64,67,71,77,78,79
58986;29.09.2026 20:47;1,3,4,5,6,9,12,13,15,20,29,33,35,40,42,43,44,45,78,79
58987;29.09.2026 20:52;1,10,19,20,22,29,32,44,46,47,54,57,58,60,62,64,66,67,75,76
58988;29.09.2026 20:57;5,10,11,19,22,25,26,28,37,40,42,44,48,49,51,53,56,62,68,74
58989;29.09.2026 21:02;1,8,10,20,26,29,34,37,39,44,52,54,62,65,67,73,74,75,76,80
58990;29.09.2026 21:07;6,9,11,19,20,25,28,34,36,39,47,48,53,54,62,63,67,72,76,78
58991;29.09.2026 21:12;3,5,8,19,22,25,37,38,45,50,53,57,58,61,64,65,69,71,78,80
58992;29.09.2026 21:17;1,4,11,13,18,25,27,28,30,35,38,40,44,48,54,61,64,73,74,78
58993;29.09.2026 21:22;1,2,16,21,26,31,37,42,46,49,50,51,53,58,60,63,65,69,76,80
58994;29.09.2026 21:27;3,4,9,17,22,24,25,27,30,38,41,45,47,54,56,57,60,62,74,78
58995;29.09.2026 21:32;7,16,17,23,24,27,29,33,37,38,40,44,50,53,58,62,63,65,74,80
58996;29.09.2026 21:37;14,16,17,21,22,23,26,27,41,43,44,52,59,63,65,67,68,69,75,80
58997;29.09.2026 21:42;3,5,6,11,19,20,30,40,42,45,48,49,56,57,60,61,62,70,71,79
58998;29.09.2026 21:47;2,5,10,21,24,25,28,34,38,47,52,54,56,58,61,63,64,66,69,77
58999;29.09.2026 21:52;3,6,7,9,13,14,17,18,21,22,27,29,39,44,50,57,69,74,76,80
59000;29.09.2026 21:57;12,14,19,24,25,27,28,31,35,40,46,47,51,56,60,61,63,74,75,77
59001;29.09.2026 22:02;1,2,8,10,11,12,14,20,26,27,29,36,39,48,54,67,69,72,78,79
59002;29.09.2026 22:07;6,9,14,19,25,28,30,39,41,43,46,47,54,55,58,65,67,77,78,79
59003;29.09.2026 22:12;4,9,13,19,33,35,36,38,40,42,47,52,54,55,62,64,65,67,70,72
59004;29.09.2026 22:17;1,2,3,5,11,15,18,21,33,37,38,41,45,50,52,53,56,62,73,77
59005;29.09.2026 22:22;1,5,11,17,18,25,31,36,37,38,40,43,44,46,47,50,52,60,67,68
59006;29.09.2026 22:27;2,3,5,6,7,17,20,25,31,32,36,37,39,41,42,45,55,63,67,79
59007;29.09.2026 22:32;7,9,12,16,18,19,26,37,39,42,45,50,51,52,60,63,64,72,73,77
59008;29.09.2026 22:37;11,14,16,18,19,23,34,36,47,49,51,54,57,62,63,68,69,72,75,80
59009;29.09.2026 22:42;4,9,13,18,19,31,36,41,45,51,53,54,55,58,64,65,68,72,77,80
59010;29.09.2026 22:47;2,9,17,18,20,21,22,23,27,28,34,41,43,45,52,55,61,65,67,69
59011;29.09.2026 22:52;1,9,11,17,19,20,24,29,30,34,56,57,58,59,61,64,68,71,77,78
59012;29.09.2026 22:57;1,11,13,15,18,19,21,22,25,30,45,48,54,56,59,61,66,72,73,79
59013;29.09.2026 23:02;5,8,12,21,24,26,27,28,33,36,38,52,55,60,64,73,74,75,77,78
59014;29.09.2026 23:07;3,10,17,26,27,31,36,39,45,51,53,54,58,60,61,63,64,66,67,80
59015;29.09.2026 23:12;1,4,5,18,20,21,22,23,25,26,27,46,47,55,56,57,58,64,66,73
59016;29.09.2026 23:17;6,14,16,20,24,25,35,38,50,54,55,57,58,64,66,69,73,75,76,79
59017;29.09.2026 23:22;1,3,13,16,22,35,40,43,54,57,59,63,64,66,67,70,71,76,77,78
59018;29.09.2026 23:27;2,3,4,11,15,17,18,22,35,37,38,50,52,53,56,60,70,74,76,78
59019;29.09.2026 23:32;3,4,7,10,12,16,18,22,25,30,34,37,38,48,51,52,53,66,69,72
59020;29.09.2026 23:37;8,9,10,11,14,15,17,21,24,25,38,39,41,51,54,55,57,60,67,72
59021;29.09.2026 23:42;11,14,16,18,19,20,32,37,41,43,47,51,56,61,64,66,70,74,75,79
59022;29.09.2026 23:47;1,4,7,14,18,20,28,29,30,31,37,39,40,46,47,57,64,65,71,73
59023;29.09.2026 23:52;4,6,14,15,18,19,25,30,32,33,44,46,49,51,61,68,70,75,76,80
59024;29.09.2026 23:57;2,9,10,12,14,17,24,25,34,35,39,45,54,56,62,65,67,71,73,74
